   ▲ Next.js 15.5.4
   - Local:        http://localhost:3002
   - Network:      http://0.0.0.0:3002

 ✓ Starting...
 ✓ Ready in 1348ms
📡 Fetching Territories from SAP HANA...
✅ تم جلب 280 منطقة بنجاح
🔐 محاولة تسجيل الدخول في SAP بواسطة: ManRetSale4
✅ تسجيل دخول ناجح إلى SAP بواسطة ManRetSale4
🧾 Final payload to SAP: {
  "RepID": "150       ",
  "CardCode": "CUS00033128",
  "DocDueDate": "2026-09-26",
  "DocCurrency": "IQD",
  "DocumentLines": [
    {
      "ItemCode": "HEMG00680",
      "Quantity": 1,
      "UnitPrice": 159500,
      "WarehouseCode": "RYD002",
      "DiscountPercent": 0,
      "FreeText": ""
    },
    {
      "ItemCode": "LUT00059",
      "Quantity": 1,
      "UnitPrice": 38500,
      "WarehouseCode": "KRA001",
      "DiscountPercent": 0,
      "FreeText": ""
    },
    {
      "ItemCode": "RAN01275",
      "Quantity": 3,
      "UnitPrice": 48750,
      "WarehouseCode": "MNS001",
      "DiscountPercent": 0,
      "FreeText": ""
    }
  ],
  "U_CreatedBy": "thulfiqar.nasser",
  "SalesPersonCode": 150
}
🧾 أمر البيع أنشئ بنجاح من قبل ManRetSale4: {
  'odata.metadata': 'https://hanab1:50000/b1s/v1/$metadata#Orders/@Element',
  'odata.etag': 'W/"356A192B7913B04C54574D18C28D46E6395428AB"',
  DocEntry: 281775,
  DocNum: 2611325,
  DocType: 'dDocument_Items',
  HandWritten: 'tNO',
  Printed: 'psNo',
  DocDate: '2026-09-26',
  DocDueDate: '2026-09-26',
  CardCode: 'CUS00033128',
  CardName: 'سيف علي خليل',
  Address: null,
  NumAtCard: null,
  DocTotal: 237.41,
  AttachmentEntry: null,
  DocCurrency: 'IQD',
  DocRate: 1450,
  Reference1: '2611325',
  Reference2: null,
  Comments: '',
  JournalMemo: 'Sales Orders - CUS00033128',
  PaymentGroupCode: -1,
  DocTime: '21:08:00',
  SalesPersonCode: 150,
  TransportationCode: -1,
  Confirmed: 'tYES',
  ImportFileNum: null,
  SummeryType: 'dNoSummary',
  ContactPersonCode: null,
  ShowSCN: 'tNO',
  Series: 264,
  TaxDate: '2026-09-26',
  PartialSupply: 'tYES',
  DocObjectCode: 'oOrders',
  ShipToCode: null,
  Indicator: null,
  FederalTaxID: null,
  DiscountPercent: 0,
  PaymentReference: null,
  CreationDate: '2026-09-26',
  UpdateDate: '2026-09-26',
  FinancialPeriod: 62,
  UserSign: 136,
  TransNum: null,
  VatSum: 0,
  VatSumSys: 0,
  VatSumFc: 0,
  NetProcedure: 'tNO',
  DocTotalFc: 344250,
  DocTotalSys: 344250,
  Form1099: null,
  Box1099: null,
  RevisionPo: 'tNO',
  RequriedDate: '2026-09-26',
  CancelDate: '2026-10-26',
  BlockDunning: 'tNO',
  Submitted: 'tNO',
  Segment: 0,
  PickStatus: 'tNO',
  Pick: 'tNO',
  PaymentMethod: null,
  PaymentBlock: 'tNO',
  PaymentBlockEntry: null,
  CentralBankIndicator: null,
  MaximumCashDiscount: 'tNO',
  Reserve: 'tNO',
  Project: null,
  ExemptionValidityDateFrom: null,
  ExemptionValidityDateTo: null,
  WareHouseUpdateType: 'dwh_CustomerOrders',
  Rounding: 'tNO',
  ExternalCorrectedDocNum: null,
  InternalCorrectedDocNum: null,
  NextCorrectingDocument: null,
  DeferredTax: 'tNO',
  TaxExemptionLetterNum: null,
  WTApplied: 0,
  WTAppliedFC: 0,
  BillOfExchangeReserved: 'tNO',
  AgentCode: null,
  WTAppliedSC: 0,
  TotalEqualizationTax: 0,
  TotalEqualizationTaxFC: 0,
  TotalEqualizationTaxSC: 0,
  NumberOfInstallments: 1,
  ApplyTaxOnFirstInstallment: 'tNO',
  WTNonSubjectAmount: 0,
  WTNonSubjectAmountSC: 0,
  WTNonSubjectAmountFC: 0,
  WTExemptedAmount: 0,
  WTExemptedAmountSC: 0,
  WTExemptedAmountFC: 0,
  BaseAmount: 0,
  BaseAmountSC: 0,
  BaseAmountFC: 0,
  WTAmount: 0,
  WTAmountSC: 0,
  WTAmountFC: 0,
  VatDate: null,
  DocumentsOwner: null,
  FolioPrefixString: null,
  FolioNumber: null,
  DocumentSubType: 'bod_None',
  BPChannelCode: null,
  BPChannelContact: null,
  Address2: '',
  DocumentStatus: 'bost_Open',
  PeriodIndicator: 'Default',
  PayToCode: null,
  ManualNumber: null,
  UseShpdGoodsAct: 'tNO',
  IsPayToBank: 'tNO',
  PayToBankCountry: null,
  PayToBankCode: null,
  PayToBankAccountNo: null,
  PayToBankBranch: null,
  BPL_IDAssignedToInvoice: null,
  DownPayment: 0,
  ReserveInvoice: 'tNO',
  LanguageCode: 8,
  TrackingNumber: null,
  PickRemark: null,
  ClosingDate: null,
  SequenceCode: null,
  SequenceSerial: null,
  SeriesString: null,
  SubSeriesString: null,
  SequenceModel: '0',
  UseCorrectionVATGroup: 'tNO',
  TotalDiscount: 0,
  DownPaymentAmount: 0,
  DownPaymentPercentage: 0,
  DownPaymentType: 'dptInvoice',
  DownPaymentAmountSC: 0,
  DownPaymentAmountFC: 0,
  VatPercent: 0,
  ServiceGrossProfitPercent: 0,
  OpeningRemarks: null,
  ClosingRemarks: null,
  RoundingDiffAmount: 0,
  RoundingDiffAmountFC: 0,
  RoundingDiffAmountSC: 0,
  Cancelled: 'tNO',
  SignatureInputMessage: null,
  SignatureDigest: null,
  CertificationNumber: null,
  PrivateKeyVersion: null,
  ControlAccount: '112020001',
  InsuranceOperation347: 'tNO',
  ArchiveNonremovableSalesQuotation: 'tNO',
  GTSChecker: null,
  GTSPayee: null,
  ExtraMonth: 0,
  ExtraDays: 0,
  CashDiscountDateOffset: 0,
  StartFrom: 'pdt_None',
  NTSApproved: 'tNO',
  ETaxWebSite: null,
  ETaxNumber: null,
  NTSApprovedNumber: null,
  EDocGenerationType: 'edocNotRelevant',
  EDocSeries: null,
  EDocNum: null,
  EDocExportFormat: null,
  EDocStatus: 'edoc_Ok',
  EDocErrorCode: null,
  EDocErrorMessage: null,
  DownPaymentStatus: 'so_Open',
  GroupSeries: null,
  GroupNumber: null,
  GroupHandWritten: 'tNO',
  ReopenOriginalDocument: null,
  ReopenManuallyClosedOrCanceledDocument: null,
  CreateOnlineQuotation: 'tNO',
  POSEquipmentNumber: null,
  POSManufacturerSerialNumber: null,
  POSCashierNumber: null,
  ApplyCurrentVATRatesForDownPaymentsToDraw: 'tNO',
  ClosingOption: 'coByCurrentSystemDate',
  SpecifiedClosingDate: null,
  OpenForLandedCosts: 'tYES',
  AuthorizationStatus: 'dasWithout',
  TotalDiscountFC: 0,
  TotalDiscountSC: 0,
  RelevantToGTS: 'tNO',
  BPLName: null,
  VATRegNum: null,
  AnnualInvoiceDeclarationReference: null,
  Supplier: null,
  Releaser: null,
  Receiver: null,
  BlanketAgreementNumber: null,
  IsAlteration: 'tNO',
  CancelStatus: 'csNo',
  AssetValueDate: null,
  DocumentDelivery: 'ddtNoneSeleted',
  AuthorizationCode: null,
  StartDeliveryDate: null,
  StartDeliveryTime: null,
  EndDeliveryDate: null,
  EndDeliveryTime: null,
  VehiclePlate: null,
  ATDocumentType: null,
  ElecCommStatus: null,
  ElecCommMessage: null,
  ReuseDocumentNum: 'tNO',
  ReuseNotaFiscalNum: 'tNO',
  PrintSEPADirect: 'tNO',
  FiscalDocNum: null,
  POSDailySummaryNo: null,
  POSReceiptNo: null,
  PointOfIssueCode: null,
  Letter: null,
  FolioNumberFrom: null,
  FolioNumberTo: null,
  InterimType: 'boidt_None',
  RelatedType: -1,
  RelatedEntry: null,
  SAPPassport: null,
  DocumentTaxID: null,
  DateOfReportingControlStatementVAT: null,
  ReportingSectionControlStatementVAT: null,
  ExcludeFromTaxReportControlStatementVAT: 'tNO',
  POS_CashRegister: null,
  UpdateTime: '21:08:37',
  CreateQRCodeFrom: null,
  PriceMode: null,
  ShipFrom: null,
  CommissionTrade: 'ct_Empty',
  CommissionTradeReturn: 'tNO',
  UseBillToAddrToDetermineTax: 'tNO',
  Cig: null,
  Cup: null,
  FatherCard: null,
  FatherType: 'cPayments_sum',
  ShipState: null,
  ShipPlace: null,
  CustOffice: null,
  FCI: null,
  AddLegIn: null,
  LegTextF: null,
  DANFELgTxt: null,
  IndFinal: 'tNO',
  DataVersion: 1,
  LastPageFolioNumber: null,
  U_ST_Activity: null,
  U_ST_Driver: null,
  U_ST_ShipNo: null,
  U_ST_ShipStatus: 'U',
  U_ST_QStatus: 'P',
  U_ST_isSigned: null,
  U_ST_ReturnType: null,
  U_ST_CreationTime: null,
  U_Location: null,
  U_Department: null,
  U_Approval: 'N',
  U_MKT_time: null,
  U_Arch: null,
  U_suspend: 'N',
  Document_ApprovalRequests: [],
  DocumentLines: [
    {
      LineNum: 0,
      ItemCode: 'HEMG00680',
      ItemDescription: 'HEMERA GLOW  Pendant Light LED 43W 3000K 1216*128*1500 Metal+Acrylic+PS Electrophoresis Brushed Light Champagne',
      Quantity: 1,
      ShipDate: '2026-09-26',
      Price: 159500,
      PriceAfterVAT: 159500,
      Currency: 'IQD',
      Rate: 1450,
      DiscountPercent: 0,
      VendorNum: null,
      SerialNum: null,
      WarehouseCode: 'RYD002',
      SalesPersonCode: 150,
      CommisionPercent: 0,
      TreeType: 'iNotATree',
      AccountCode: '411010001',
      UseBaseUnits: 'tNO',
      SupplierCatNum: null,
      CostingCode: null,
      ProjectCode: null,
      BarCode: '',
      VatGroup: 'X0',
      Height1: 0,
      Hight1Unit: null,
      Height2: 0,
      Height2Unit: null,
      Lengh1: 0,
      Lengh1Unit: null,
      Lengh2: 0,
      Lengh2Unit: null,
      Weight1: 0,
      Weight1Unit: null,
      Weight2: 0,
      Weight2Unit: null,
      Factor1: 1,
      Factor2: 1,
      Factor3: 1,
      Factor4: 1,
      BaseType: -1,
      BaseEntry: null,
      BaseLine: null,
      Volume: 0.0001,
      VolumeUnit: 4,
      Width1: 0,
      Width1Unit: null,
      Width2: 0,
      Width2Unit: null,
      Address: '',
      TaxCode: null,
      TaxType: 'tt_Yes',
      TaxLiable: 'tYES',
      PickStatus: 'tNO',
      PickQuantity: 0,
      PickListIdNumber: null,
      OriginalItem: null,
      BackOrder: 'tYES',
      FreeText: '',
      ShippingMethod: 2,
      POTargetNum: null,
      POTargetEntry: null,
      POTargetRowNum: null,
      CorrectionInvoiceItem: 'ciis_ShouldBe',
      CorrInvAmountToStock: 0,
      CorrInvAmountToDiffAcct: 0,
      AppliedTax: 0,
      AppliedTaxFC: 0,
      AppliedTaxSC: 0,
      WTLiable: 'tNO',
      DeferredTax: 'tNO',
      EqualizationTaxPercent: 0,
      TotalEqualizationTax: 0,
      TotalEqualizationTaxFC: 0,
      TotalEqualizationTaxSC: 0,
      NetTaxAmount: 0,
      NetTaxAmountFC: 0,
      NetTaxAmountSC: 0,
      MeasureUnit: 'PCS',
      UnitsOfMeasurment: 1,
      LineTotal: 110,
      TaxPercentagePerRow: 0,
      TaxTotal: 0,
      ConsumerSalesForecast: 'tYES',
      ExciseAmount: 0,
      TaxPerUnit: 0,
      TotalInclTax: 0,
      CountryOrg: 'CN',
      SWW: null,
      TransactionType: null,
      DistributeExpense: 'tYES',
      RowTotalFC: 159500,
      RowTotalSC: 159500,
      LastBuyInmPrice: 0,
      LastBuyDistributeSumFc: 0,
      LastBuyDistributeSumSc: 0,
      LastBuyDistributeSum: 0,
      StockDistributesumForeign: 0,
      StockDistributesumSystem: 0,
      StockDistributesum: 0,
      StockInmPrice: 0,
      PickStatusEx: 'dlps_NotPicked',
      TaxBeforeDPM: 0,
      TaxBeforeDPMFC: 0,
      TaxBeforeDPMSC: 0,
      CFOPCode: null,
      CSTCode: null,
      Usage: null,
      TaxOnly: 'tNO',
      VisualOrder: 0,
      BaseOpenQuantity: 0,
      UnitPrice: 159500,
      LineStatus: 'bost_Open',
      PackageQuantity: 1,
      Text: '',
      LineType: 'dlt_Regular',
      COGSCostingCode: null,
      COGSAccountCode: '511010001',
      ChangeAssemlyBoMWarehouse: 'N',
      GrossBuyPrice: 42.64,
      GrossBase: -5,
      GrossProfitTotalBasePrice: 42.64,
      CostingCode2: null,
      CostingCode3: null,
      CostingCode4: null,
      CostingCode5: null,
      ItemDetails: null,
      LocationCode: null,
      ActualDeliveryDate: null,
      RemainingOpenQuantity: 1,
      OpenAmount: 110,
      OpenAmountFC: 159500,
      OpenAmountSC: 159500,
      ExLineNo: null,
      RequiredDate: null,
      RequiredQuantity: 0,
      COGSCostingCode2: null,
      COGSCostingCode3: null,
      COGSCostingCode4: null,
      COGSCostingCode5: null,
      CSTforIPI: null,
      CSTforPIS: null,
      CSTforCOFINS: null,
      CreditOriginCode: null,
      WithoutInventoryMovement: 'tNO',
      AgreementNo: null,
      AgreementRowNumber: null,
      ActualBaseEntry: null,
      ActualBaseLine: null,
      DocEntry: 281775,
      Surpluses: 0,
      DefectAndBreakup: 0,
      Shortages: 0,
      ConsiderQuantity: 'tNO',
      PartialRetirement: 'tNO',
      RetirementQuantity: 0,
      RetirementAPC: 0,
      ThirdParty: 'tNO',
      PoNum: null,
      PoItmNum: null,
      ExpenseType: null,
      ReceiptNumber: null,
      ExpenseOperationType: null,
      FederalTaxID: null,
      GrossProfit: 67.36,
      GrossProfitFC: 97672,
      GrossProfitSC: 97672,
      PriceSource: 'dpsManual',
      StgSeqNum: null,
      StgEntry: null,
      StgDesc: null,
      UoMEntry: 1,
      UoMCode: 'PCS',
      InventoryQuantity: 1,
      RemainingOpenInventoryQuantity: 1,
      ParentLineNum: null,
      Incoterms: 0,
      TransportMode: 0,
      NatureOfTransaction: null,
      DestinationCountryForImport: null,
      DestinationRegionForImport: null,
      OriginCountryForExport: null,
      OriginRegionForExport: null,
      ItemType: 'dit_Item',
      ChangeInventoryQuantityIndependently: 'tNO',
      FreeOfChargeBP: 'tNO',
      SACEntry: null,
      HSNEntry: null,
      GrossPrice: 159500,
      GrossTotal: 110,
      GrossTotalFC: 159500,
      GrossTotalSC: 159500,
      NCMCode: -1,
      NVECode: null,
      IndEscala: 'tNO',
      CtrSealQty: 0,
      CNJPMan: null,
      CESTCode: null,
      UFFiscalBenefitCode: null,
      ReverseCharge: 'tNO',
      ShipToCode: null,
      ShipToDescription: '',
      OwnerCode: null,
      ExternalCalcTaxRate: 0,
      ExternalCalcTaxAmount: 0,
      ExternalCalcTaxAmountFC: 0,
      ExternalCalcTaxAmountSC: 0,
      StandardItemIdentification: null,
      CommodityClassification: null,
      UnencumberedReason: null,
      CUSplit: 'tNO',
      U_ST_DelDate: null,
      U_ST_ShipStatus: 'U',
      U_ST_SalePrice: 0,
      U_ST_Text: null,
      U_ST_TerritL: null,
      U_ST_WhsName: null,
      U_ST_WhsNameTo: null,
      U_Vol: 0,
      U_UOM: null,
      U_U_PARTNO: null,
      LineTaxJurisdictions: [],
      DocumentLineAdditionalExpenses: [],
      WithholdingTaxLines: [],
      SerialNumbers: [],
      BatchNumbers: [],
      DocumentLinesBinAllocations: []
    },
    {
      LineNum: 1,
      ItemCode: 'LUT00059',
      ItemDescription: 'LUTEC HAMBURG SPIKE GRAY LED 4000K 5.3W IP54 8091 gr',
      Quantity: 1,
      ShipDate: '2026-09-26',
      Price: 38500,
      PriceAfterVAT: 38500,
      Currency: 'IQD',
      Rate: 1450,
      DiscountPercent: 0,
      VendorNum: null,
      SerialNum: null,
      WarehouseCode: 'KRA001',
      SalesPersonCode: 150,
      CommisionPercent: 0,
      TreeType: 'iNotATree',
      AccountCode: '411010001',
      UseBaseUnits: 'tNO',
      SupplierCatNum: null,
      CostingCode: null,
      ProjectCode: null,
      BarCode: '',
      VatGroup: 'X0',
      Height1: 0,
      Hight1Unit: null,
      Height2: 0,
      Height2Unit: null,
      Lengh1: 0,
      Lengh1Unit: null,
      Lengh2: 0,
      Lengh2Unit: null,
      Weight1: 0,
      Weight1Unit: null,
      Weight2: 0,
      Weight2Unit: null,
      Factor1: 1,
      Factor2: 1,
      Factor3: 1,
      Factor4: 1,
      BaseType: -1,
      BaseEntry: null,
      BaseLine: null,
      Volume: 0.00325,
      VolumeUnit: 4,
      Width1: 0,
      Width1Unit: null,
      Width2: 0,
      Width2Unit: null,
      Address: '',
      TaxCode: null,
      TaxType: 'tt_Yes',
      TaxLiable: 'tYES',
      PickStatus: 'tNO',
      PickQuantity: 0,
      PickListIdNumber: null,
      OriginalItem: null,
      BackOrder: 'tYES',
      FreeText: '',
      ShippingMethod: 1,
      POTargetNum: null,
      POTargetEntry: null,
      POTargetRowNum: null,
      CorrectionInvoiceItem: 'ciis_ShouldBe',
      CorrInvAmountToStock: 0,
      CorrInvAmountToDiffAcct: 0,
      AppliedTax: 0,
      AppliedTaxFC: 0,
      AppliedTaxSC: 0,
      WTLiable: 'tNO',
      DeferredTax: 'tNO',
      EqualizationTaxPercent: 0,
      TotalEqualizationTax: 0,
      TotalEqualizationTaxFC: 0,
      TotalEqualizationTaxSC: 0,
      NetTaxAmount: 0,
      NetTaxAmountFC: 0,
      NetTaxAmountSC: 0,
      MeasureUnit: 'PCS',
      UnitsOfMeasurment: 1,
      LineTotal: 26.55,
      TaxPercentagePerRow: 0,
      TaxTotal: 0,
      ConsumerSalesForecast: 'tYES',
      ExciseAmount: 0,
      TaxPerUnit: 0,
      TotalInclTax: 0,
      CountryOrg: null,
      SWW: '2002202',
      TransactionType: null,
      DistributeExpense: 'tYES',
      RowTotalFC: 38500,
      RowTotalSC: 38500,
      LastBuyInmPrice: 0,
      LastBuyDistributeSumFc: 0,
      LastBuyDistributeSumSc: 0,
      LastBuyDistributeSum: 0,
      StockDistributesumForeign: 0,
      StockDistributesumSystem: 0,
      StockDistributesum: 0,
      StockInmPrice: 0,
      PickStatusEx: 'dlps_NotPicked',
      TaxBeforeDPM: 0,
      TaxBeforeDPMFC: 0,
      TaxBeforeDPMSC: 0,
      CFOPCode: null,
      CSTCode: null,
      Usage: null,
      TaxOnly: 'tNO',
      VisualOrder: 1,
      BaseOpenQuantity: 0,
      UnitPrice: 38500,
      LineStatus: 'bost_Open',
      PackageQuantity: 1,
      Text: '',
      LineType: 'dlt_Regular',
      COGSCostingCode: null,
      COGSAccountCode: '511010001',
      ChangeAssemlyBoMWarehouse: 'N',
      GrossBuyPrice: 9.22,
      GrossBase: -5,
      GrossProfitTotalBasePrice: 9.22,
      CostingCode2: null,
      CostingCode3: null,
      CostingCode4: null,
      CostingCode5: null,
      ItemDetails: null,
      LocationCode: null,
      ActualDeliveryDate: null,
      RemainingOpenQuantity: 1,
      OpenAmount: 26.55,
      OpenAmountFC: 38500,
      OpenAmountSC: 38500,
      ExLineNo: null,
      RequiredDate: null,
      RequiredQuantity: 0,
      COGSCostingCode2: null,
      COGSCostingCode3: null,
      COGSCostingCode4: null,
      COGSCostingCode5: null,
      CSTforIPI: null,
      CSTforPIS: null,
      CSTforCOFINS: null,
      CreditOriginCode: null,
      WithoutInventoryMovement: 'tNO',
      AgreementNo: null,
      AgreementRowNumber: null,
      ActualBaseEntry: null,
      ActualBaseLine: null,
      DocEntry: 281775,
      Surpluses: 0,
      DefectAndBreakup: 0,
      Shortages: 0,
      ConsiderQuantity: 'tNO',
      PartialRetirement: 'tNO',
      RetirementQuantity: 0,
      RetirementAPC: 0,
      ThirdParty: 'tNO',
      PoNum: null,
      PoItmNum: null,
      ExpenseType: null,
      ReceiptNumber: null,
      ExpenseOperationType: null,
      FederalTaxID: null,
      GrossProfit: 17.33,
      GrossProfitFC: 25131,
      GrossProfitSC: 25131,
      PriceSource: 'dpsManual',
      StgSeqNum: null,
      StgEntry: null,
      StgDesc: null,
      UoMEntry: 1,
      UoMCode: 'PCS',
      InventoryQuantity: 1,
      RemainingOpenInventoryQuantity: 1,
      ParentLineNum: null,
      Incoterms: 0,
      TransportMode: 0,
      NatureOfTransaction: null,
      DestinationCountryForImport: null,
      DestinationRegionForImport: null,
      OriginCountryForExport: null,
      OriginRegionForExport: null,
      ItemType: 'dit_Item',
      ChangeInventoryQuantityIndependently: 'tNO',
      FreeOfChargeBP: 'tNO',
      SACEntry: null,
      HSNEntry: null,
      GrossPrice: 38500,
      GrossTotal: 26.55,
      GrossTotalFC: 38500,
      GrossTotalSC: 38500,
      NCMCode: -1,
      NVECode: null,
      IndEscala: 'tNO',
      CtrSealQty: 0,
      CNJPMan: null,
      CESTCode: null,
      UFFiscalBenefitCode: null,
      ReverseCharge: 'tNO',
      ShipToCode: null,
      ShipToDescription: '',
      OwnerCode: null,
      ExternalCalcTaxRate: 0,
      ExternalCalcTaxAmount: 0,
      ExternalCalcTaxAmountFC: 0,
      ExternalCalcTaxAmountSC: 0,
      StandardItemIdentification: null,
      CommodityClassification: null,
      UnencumberedReason: null,
      CUSplit: 'tNO',
      U_ST_DelDate: null,
      U_ST_ShipStatus: 'U',
      U_ST_SalePrice: 0,
      U_ST_Text: null,
      U_ST_TerritL: null,
      U_ST_WhsName: null,
      U_ST_WhsNameTo: null,
      U_Vol: 0,
      U_UOM: null,
      U_U_PARTNO: null,
      LineTaxJurisdictions: [],
      DocumentLineAdditionalExpenses: [],
      WithholdingTaxLines: [],
      SerialNumbers: [],
      BatchNumbers: [],
      DocumentLinesBinAllocations: []
    },
    {
      LineNum: 2,
      ItemCode: 'RAN01275',
      ItemDescription: 'Randa LED Wall Light 10W 3000K 110° CRI-90 IP20 White',
      Quantity: 3,
      ShipDate: '2026-09-26',
      Price: 48750,
      PriceAfterVAT: 48750,
      Currency: 'IQD',
      Rate: 1450,
      DiscountPercent: 0,
      VendorNum: null,
      SerialNum: null,
      WarehouseCode: 'MNS001',
      SalesPersonCode: 150,
      CommisionPercent: 0,
      TreeType: 'iNotATree',
      AccountCode: '411010001',
      UseBaseUnits: 'tNO',
      SupplierCatNum: null,
      CostingCode: null,
      ProjectCode: null,
      BarCode: '',
      VatGroup: 'X0',
      Height1: 0,
      Hight1Unit: null,
      Height2: 0,
      Height2Unit: null,
      Lengh1: 0,
      Lengh1Unit: null,
      Lengh2: 0,
      Lengh2Unit: null,
      Weight1: 0,
      Weight1Unit: null,
      Weight2: 0,
      Weight2Unit: null,
      Factor1: 1,
      Factor2: 1,
      Factor3: 1,
      Factor4: 1,
      BaseType: -1,
      BaseEntry: null,
      BaseLine: null,
      Volume: 0.009513,
      VolumeUnit: 4,
      Width1: 0,
      Width1Unit: null,
      Width2: 0,
      Width2Unit: null,
      Address: '',
      TaxCode: null,
      TaxType: 'tt_Yes',
      TaxLiable: 'tYES',
      PickStatus: 'tNO',
      PickQuantity: 0,
      PickListIdNumber: null,
      OriginalItem: null,
      BackOrder: 'tYES',
      FreeText: '',
      ShippingMethod: 2,
      POTargetNum: null,
      POTargetEntry: null,
      POTargetRowNum: null,
      CorrectionInvoiceItem: 'ciis_ShouldBe',
      CorrInvAmountToStock: 0,
      CorrInvAmountToDiffAcct: 0,
      AppliedTax: 0,
      AppliedTaxFC: 0,
      AppliedTaxSC: 0,
      WTLiable: 'tNO',
      DeferredTax: 'tNO',
      EqualizationTaxPercent: 0,
      TotalEqualizationTax: 0,
      TotalEqualizationTaxFC: 0,
      TotalEqualizationTaxSC: 0,
      NetTaxAmount: 0,
      NetTaxAmountFC: 0,
      NetTaxAmountSC: 0,
      MeasureUnit: 'PCS',
      UnitsOfMeasurment: 1,
      LineTotal: 100.86,
      TaxPercentagePerRow: 0,
      TaxTotal: 0,
      ConsumerSalesForecast: 'tYES',
      ExciseAmount: 0,
      TaxPerUnit: 0,
      TotalInclTax: 0,
      CountryOrg: 'CN',
      SWW: null,
      TransactionType: null,
      DistributeExpense: 'tYES',
      RowTotalFC: 146250,
      RowTotalSC: 146250,
      LastBuyInmPrice: 0,
      LastBuyDistributeSumFc: 0,
      LastBuyDistributeSumSc: 0,
      LastBuyDistributeSum: 0,
      StockDistributesumForeign: 0,
      StockDistributesumSystem: 0,
      StockDistributesum: 0,
      StockInmPrice: 0,
      PickStatusEx: 'dlps_NotPicked',
      TaxBeforeDPM: 0,
      TaxBeforeDPMFC: 0,
      TaxBeforeDPMSC: 0,
      CFOPCode: null,
      CSTCode: null,
      Usage: null,
      TaxOnly: 'tNO',
      VisualOrder: 2,
      BaseOpenQuantity: 0,
      UnitPrice: 48750,
      LineStatus: 'bost_Open',
      PackageQuantity: 3,
      Text: '',
      LineType: 'dlt_Regular',
      COGSCostingCode: null,
      COGSAccountCode: '511010001',
      ChangeAssemlyBoMWarehouse: 'N',
      GrossBuyPrice: 13.07,
      GrossBase: -5,
      GrossProfitTotalBasePrice: 39.21,
      CostingCode2: null,
      CostingCode3: null,
      CostingCode4: null,
      CostingCode5: null,
      ItemDetails: null,
      LocationCode: null,
      ActualDeliveryDate: null,
      RemainingOpenQuantity: 3,
      OpenAmount: 100.86,
      OpenAmountFC: 146250,
      OpenAmountSC: 146250,
      ExLineNo: null,
      RequiredDate: null,
      RequiredQuantity: 0,
      COGSCostingCode2: null,
      COGSCostingCode3: null,
      COGSCostingCode4: null,
      COGSCostingCode5: null,
      CSTforIPI: null,
      CSTforPIS: null,
      CSTforCOFINS: null,
      CreditOriginCode: null,
      WithoutInventoryMovement: 'tNO',
      AgreementNo: null,
      AgreementRowNumber: null,
      ActualBaseEntry: null,
      ActualBaseLine: null,
      DocEntry: 281775,
      Surpluses: 0,
      DefectAndBreakup: 0,
      Shortages: 0,
      ConsiderQuantity: 'tNO',
      PartialRetirement: 'tNO',
      RetirementQuantity: 0,
      RetirementAPC: 0,
      ThirdParty: 'tNO',
      PoNum: null,
      PoItmNum: null,
      ExpenseType: null,
      ReceiptNumber: null,
      ExpenseOperationType: null,
      FederalTaxID: null,
      GrossProfit: 61.65,
      GrossProfitFC: 89395.5,
      GrossProfitSC: 89395.5,
      PriceSource: 'dpsManual',
      StgSeqNum: null,
      StgEntry: null,
      StgDesc: null,
      UoMEntry: 1,
      UoMCode: 'PCS',
      InventoryQuantity: 3,
      RemainingOpenInventoryQuantity: 3,
      ParentLineNum: null,
      Incoterms: 0,
      TransportMode: 0,
      NatureOfTransaction: null,
      DestinationCountryForImport: null,
      DestinationRegionForImport: null,
      OriginCountryForExport: null,
      OriginRegionForExport: null,
      ItemType: 'dit_Item',
      ChangeInventoryQuantityIndependently: 'tNO',
      FreeOfChargeBP: 'tNO',
      SACEntry: null,
      HSNEntry: null,
      GrossPrice: 48750,
      GrossTotal: 100.86,
      GrossTotalFC: 146250,
      GrossTotalSC: 146250,
      NCMCode: -1,
      NVECode: null,
      IndEscala: 'tNO',
      CtrSealQty: 0,
      CNJPMan: null,
      CESTCode: null,
      UFFiscalBenefitCode: null,
      ReverseCharge: 'tNO',
      ShipToCode: null,
      ShipToDescription: '',
      OwnerCode: null,
      ExternalCalcTaxRate: 0,
      ExternalCalcTaxAmount: 0,
      ExternalCalcTaxAmountFC: 0,
      ExternalCalcTaxAmountSC: 0,
      StandardItemIdentification: null,
      CommodityClassification: null,
      UnencumberedReason: null,
      CUSplit: 'tNO',
      U_ST_DelDate: null,
      U_ST_ShipStatus: 'U',
      U_ST_SalePrice: 0,
      U_ST_Text: null,
      U_ST_TerritL: null,
      U_ST_WhsName: null,
      U_ST_WhsNameTo: null,
      U_Vol: 0,
      U_UOM: null,
      U_U_PARTNO: null,
      LineTaxJurisdictions: [],
      DocumentLineAdditionalExpenses: [],
      WithholdingTaxLines: [],
      SerialNumbers: [],
      BatchNumbers: [],
      DocumentLinesBinAllocations: []
    }
  ],
  ElectronicProtocols: [],
  DocumentAdditionalExpenses: [],
  WithholdingTaxDataWTXCollection: [],
  WithholdingTaxDataCollection: [],
  DocumentSpecialLines: [],
  TaxExtension: {
    TaxId0: null,
    TaxId1: null,
    TaxId2: null,
    TaxId3: null,
    TaxId4: null,
    TaxId5: null,
    TaxId6: null,
    TaxId7: null,
    TaxId8: null,
    TaxId9: null,
    State: null,
    County: null,
    Incoterms: null,
    Vehicle: null,
    VehicleState: null,
    NFRef: null,
    Carrier: null,
    PackQuantity: null,
    PackDescription: null,
    Brand: null,
    ShipUnitNo: null,
    NetWeight: 0,
    GrossWeight: 0,
    StreetS: null,
    BlockS: null,
    BuildingS: null,
    CityS: null,
    ZipCodeS: null,
    CountyS: null,
    StateS: null,
    CountryS: null,
    StreetB: null,
    BlockB: null,
    BuildingB: null,
    CityB: null,
    ZipCodeB: null,
    CountyB: null,
    StateB: null,
    CountryB: null,
    ImportOrExport: null,
    MainUsage: null,
    GlobalLocationNumberS: null,
    GlobalLocationNumberB: null,
    TaxId12: null,
    TaxId13: null,
    BillOfEntryNo: null,
    BillOfEntryDate: null,
    OriginalBillOfEntryNo: null,
    OriginalBillOfEntryDate: null,
    ImportOrExportType: 'et_IpmortsOrExports',
    PortCode: null,
    DocEntry: 281775,
    BoEValue: 0,
    ClaimRefund: null,
    DifferentialOfTaxRate: null,
    IsIGSTAccount: null
  },
  AddressExtension: {
    ShipToStreet: null,
    ShipToStreetNo: null,
    ShipToBlock: null,
    ShipToBuilding: null,
    ShipToCity: null,
    ShipToZipCode: null,
    ShipToCounty: null,
    ShipToState: null,
    ShipToCountry: null,
    ShipToAddressType: null,
    BillToStreet: null,
    BillToStreetNo: null,
    BillToBlock: null,
    BillToBuilding: null,
    BillToCity: null,
    BillToZipCode: null,
    BillToCounty: null,
    BillToState: null,
    BillToCountry: null,
    BillToAddressType: null,
    ShipToGlobalLocationNumber: null,
    BillToGlobalLocationNumber: null,
    ShipToAddress2: null,
    ShipToAddress3: null,
    BillToAddress2: null,
    BillToAddress3: null,
    PlaceOfSupply: null,
    PurchasePlaceOfSupply: null,
    DocEntry: 281775,
    GoodsIssuePlaceBP: null,
    GoodsIssuePlaceCNPJ: null,
    GoodsIssuePlaceCPF: null,
    GoodsIssuePlaceStreet: null,
    GoodsIssuePlaceStreetNo: null,
    GoodsIssuePlaceBuilding: null,
    GoodsIssuePlaceZip: null,
    GoodsIssuePlaceBlock: null,
    GoodsIssuePlaceCity: null,
    GoodsIssuePlaceCounty: null,
    GoodsIssuePlaceState: null,
    GoodsIssuePlaceCountry: null,
    GoodsIssuePlacePhone: null,
    GoodsIssuePlaceEMail: null,
    GoodsIssuePlaceDepartureDate: null,
    DeliveryPlaceBP: null,
    DeliveryPlaceCNPJ: null,
    DeliveryPlaceCPF: null,
    DeliveryPlaceStreet: null,
    DeliveryPlaceStreetNo: null,
    DeliveryPlaceBuilding: null,
    DeliveryPlaceZip: null,
    DeliveryPlaceBlock: null,
    DeliveryPlaceCity: null,
    DeliveryPlaceCounty: null,
    DeliveryPlaceState: null,
    DeliveryPlaceCountry: null,
    DeliveryPlacePhone: null,
    DeliveryPlaceEMail: null,
    DeliveryPlaceDepartureDate: null
  },
  DocumentReferences: []
}
🔐 تسجيل الدخول في SAP بواسطة: ManRetSale4
✅ تسجيل دخول ناجح في SAP
📋 فلترة حسب المندوب: SalesPersonCode = 150       
🔐 تسجيل الدخول في SAP بواسطة: ManRetSale4
🔐 محاولة تسجيل الدخول في SAP بواسطة: KaOutSale
✅ تسجيل دخول ناجح إلى SAP بواسطة KaOutSale
🧾 Final payload to SAP: {
  "RepID": "259       ",
  "CardCode": "CUS00001455",
  "DocDueDate": "2026-09-27",
  "DocCurrency": "USD",
  "DocumentLines": [
    {
      "ItemCode": "OPP01223",
      "Quantity": 70,
      "UnitPrice": 22.2,
      "WarehouseCode": "EWJ001",
      "DiscountPercent": 0,
      "FreeText": ""
    }
  ],
  "U_CreatedBy": "mohammed.fouad",
  "SalesPersonCode": 259
}
🧾 أمر البيع أنشئ بنجاح من قبل KaOutSale: {
  'odata.metadata': 'https://hanab1:50000/b1s/v1/$metadata#Orders/@Element',
  'odata.etag': 'W/"356A192B7913B04C54574D18C28D46E6395428AB"',
  DocEntry: 281834,
  DocNum: 2611338,
  DocType: 'dDocument_Items',
  HandWritten: 'tNO',
  Printed: 'psNo',
  DocDate: '2026-09-27',
  DocDueDate: '2026-09-27',
  CardCode: 'CUS00001455',
  CardName: 'محسن موسى فرج / ابو سجاد',
  Address: null,
  NumAtCard: null,
  DocTotal: 1554,
  AttachmentEntry: null,
  DocCurrency: 'USD',
  DocRate: 1,
  Reference1: '2611338',
  Reference2: null,
  Comments: '',
  JournalMemo: 'Sales Orders - CUS00001455',
  PaymentGroupCode: 1,
  DocTime: '10:07:00',
  SalesPersonCode: 259,
  TransportationCode: -1,
  Confirmed: 'tYES',
  ImportFileNum: null,
  SummeryType: 'dNoSummary',
  ContactPersonCode: 858,
  ShowSCN: 'tNO',
  Series: 264,
  TaxDate: '2026-09-27',
  PartialSupply: 'tYES',
  DocObjectCode: 'oOrders',
  ShipToCode: null,
  Indicator: null,
  FederalTaxID: null,
  DiscountPercent: 0,
  PaymentReference: null,
  CreationDate: '2026-09-27',
  UpdateDate: '2026-09-27',
  FinancialPeriod: 62,
  UserSign: 90,
  TransNum: null,
  VatSum: 0,
  VatSumSys: 0,
  VatSumFc: 0,
  NetProcedure: 'tNO',
  DocTotalFc: 0,
  DocTotalSys: 2253300,
  Form1099: null,
  Box1099: null,
  RevisionPo: 'tNO',
  RequriedDate: '2026-09-27',
  CancelDate: '2026-10-27',
  BlockDunning: 'tNO',
  Submitted: 'tNO',
  Segment: 0,
  PickStatus: 'tNO',
  Pick: 'tNO',
  PaymentMethod: null,
  PaymentBlock: 'tNO',
  PaymentBlockEntry: null,
  CentralBankIndicator: null,
  MaximumCashDiscount: 'tNO',
  Reserve: 'tNO',
  Project: null,
  ExemptionValidityDateFrom: null,
  ExemptionValidityDateTo: null,
  WareHouseUpdateType: 'dwh_CustomerOrders',
  Rounding: 'tNO',
  ExternalCorrectedDocNum: null,
  InternalCorrectedDocNum: null,
  NextCorrectingDocument: null,
  DeferredTax: 'tNO',
  TaxExemptionLetterNum: null,
  WTApplied: 0,
  WTAppliedFC: 0,
  BillOfExchangeReserved: 'tNO',
  AgentCode: null,
  WTAppliedSC: 0,
  TotalEqualizationTax: 0,
  TotalEqualizationTaxFC: 0,
  TotalEqualizationTaxSC: 0,
  NumberOfInstallments: 1,
  ApplyTaxOnFirstInstallment: 'tNO',
  WTNonSubjectAmount: 0,
  WTNonSubjectAmountSC: 0,
  WTNonSubjectAmountFC: 0,
  WTExemptedAmount: 0,
  WTExemptedAmountSC: 0,
  WTExemptedAmountFC: 0,
  BaseAmount: 0,
  BaseAmountSC: 0,
  BaseAmountFC: 0,
  WTAmount: 0,
  WTAmountSC: 0,
  WTAmountFC: 0,
  VatDate: null,
  DocumentsOwner: null,
  FolioPrefixString: null,
  FolioNumber: null,
  DocumentSubType: 'bod_None',
  BPChannelCode: null,
  BPChannelContact: null,
  Address2: '',
  DocumentStatus: 'bost_Open',
  PeriodIndicator: 'Default',
  PayToCode: null,
  ManualNumber: null,
  UseShpdGoodsAct: 'tNO',
  IsPayToBank: 'tNO',
  PayToBankCountry: null,
  PayToBankCode: null,
  PayToBankAccountNo: null,
  PayToBankBranch: null,
  BPL_IDAssignedToInvoice: null,
  DownPayment: 0,
  ReserveInvoice: 'tNO',
  LanguageCode: 8,
  TrackingNumber: null,
  PickRemark: null,
  ClosingDate: null,
  SequenceCode: null,
  SequenceSerial: null,
  SeriesString: null,
  SubSeriesString: null,
  SequenceModel: '0',
  UseCorrectionVATGroup: 'tNO',
  TotalDiscount: 0,
  DownPaymentAmount: 0,
  DownPaymentPercentage: 0,
  DownPaymentType: 'dptInvoice',
  DownPaymentAmountSC: 0,
  DownPaymentAmountFC: 0,
  VatPercent: 0,
  ServiceGrossProfitPercent: 0,
  OpeningRemarks: null,
  ClosingRemarks: null,
  RoundingDiffAmount: 0,
  RoundingDiffAmountFC: 0,
  RoundingDiffAmountSC: 0,
  Cancelled: 'tNO',
  SignatureInputMessage: null,
  SignatureDigest: null,
  CertificationNumber: null,
  PrivateKeyVersion: null,
  ControlAccount: '112020001',
  InsuranceOperation347: 'tNO',
  ArchiveNonremovableSalesQuotation: 'tNO',
  GTSChecker: null,
  GTSPayee: null,
  ExtraMonth: 0,
  ExtraDays: 30,
  CashDiscountDateOffset: 0,
  StartFrom: 'pdt_None',
  NTSApproved: 'tNO',
  ETaxWebSite: null,
  ETaxNumber: null,
  NTSApprovedNumber: null,
  EDocGenerationType: 'edocNotRelevant',
  EDocSeries: null,
  EDocNum: null,
  EDocExportFormat: null,
  EDocStatus: 'edoc_Ok',
  EDocErrorCode: null,
  EDocErrorMessage: null,
  DownPaymentStatus: 'so_Open',
  GroupSeries: null,
  GroupNumber: null,
  GroupHandWritten: 'tNO',
  ReopenOriginalDocument: null,
  ReopenManuallyClosedOrCanceledDocument: null,
  CreateOnlineQuotation: 'tNO',
  POSEquipmentNumber: null,
  POSManufacturerSerialNumber: null,
  POSCashierNumber: null,
  ApplyCurrentVATRatesForDownPaymentsToDraw: 'tNO',
  ClosingOption: 'coByCurrentSystemDate',
  SpecifiedClosingDate: null,
  OpenForLandedCosts: 'tYES',
  AuthorizationStatus: 'dasWithout',
  TotalDiscountFC: 0,
  TotalDiscountSC: 0,
  RelevantToGTS: 'tNO',
  BPLName: null,
  VATRegNum: null,
  AnnualInvoiceDeclarationReference: null,
  Supplier: null,
  Releaser: null,
  Receiver: null,
  BlanketAgreementNumber: null,
  IsAlteration: 'tNO',
  CancelStatus: 'csNo',
  AssetValueDate: null,
  DocumentDelivery: 'ddtNoneSeleted',
  AuthorizationCode: null,
  StartDeliveryDate: null,
  StartDeliveryTime: null,
  EndDeliveryDate: null,
  EndDeliveryTime: null,
  VehiclePlate: null,
  ATDocumentType: null,
  ElecCommStatus: null,
  ElecCommMessage: null,
  ReuseDocumentNum: 'tNO',
  ReuseNotaFiscalNum: 'tNO',
  PrintSEPADirect: 'tNO',
  FiscalDocNum: null,
  POSDailySummaryNo: null,
  POSReceiptNo: null,
  PointOfIssueCode: null,
  Letter: null,
  FolioNumberFrom: null,
  FolioNumberTo: null,
  InterimType: 'boidt_None',
  RelatedType: -1,
  RelatedEntry: null,
  SAPPassport: null,
  DocumentTaxID: null,
  DateOfReportingControlStatementVAT: null,
  ReportingSectionControlStatementVAT: null,
  ExcludeFromTaxReportControlStatementVAT: 'tNO',
  POS_CashRegister: null,
  UpdateTime: '10:07:08',
  CreateQRCodeFrom: null,
  PriceMode: null,
  ShipFrom: null,
  CommissionTrade: 'ct_Empty',
  CommissionTradeReturn: 'tNO',
  UseBillToAddrToDetermineTax: 'tNO',
  Cig: null,
  Cup: null,
  FatherCard: null,
  FatherType: 'cPayments_sum',
  ShipState: null,
  ShipPlace: null,
  CustOffice: null,
  FCI: null,
  AddLegIn: null,
  LegTextF: null,
  DANFELgTxt: null,
  IndFinal: 'tNO',
  DataVersion: 1,
  LastPageFolioNumber: null,
  U_ST_Activity: null,
  U_ST_Driver: null,
  U_ST_ShipNo: null,
  U_ST_ShipStatus: 'U',
  U_ST_QStatus: 'P',
  U_ST_isSigned: null,
  U_ST_ReturnType: null,
  U_ST_CreationTime: null,
  U_Location: null,
  U_Department: null,
  U_Approval: 'N',
  U_MKT_time: null,
  U_Arch: null,
  U_suspend: 'N',
  Document_ApprovalRequests: [],
  DocumentLines: [
    {
      LineNum: 0,
      ItemCode: 'OPP01223',
      ItemDescription: 'OPPLE LED Panel Backlit-U5 Sq595-48W-6500K-WH-PZ',
      Quantity: 70,
      ShipDate: '2026-09-27',
      Price: 22.2,
      PriceAfterVAT: 22.2,
      Currency: 'USD',
      Rate: 0,
      DiscountPercent: 0,
      VendorNum: null,
      SerialNum: null,
      WarehouseCode: 'EWJ001',
      SalesPersonCode: 259,
      CommisionPercent: 0,
      TreeType: 'iNotATree',
      AccountCode: '411010001',
      UseBaseUnits: 'tNO',
      SupplierCatNum: null,
      CostingCode: null,
      ProjectCode: null,
      BarCode: '',
      VatGroup: 'X0',
      Height1: 0,
      Hight1Unit: null,
      Height2: 0,
      Height2Unit: null,
      Lengh1: 0,
      Lengh1Unit: null,
      Lengh2: 0,
      Lengh2Unit: null,
      Weight1: 0,
      Weight1Unit: null,
      Weight2: 0,
      Weight2Unit: null,
      Factor1: 1,
      Factor2: 1,
      Factor3: 1,
      Factor4: 1,
      BaseType: -1,
      BaseEntry: null,
      BaseLine: null,
      Volume: 1.11881,
      VolumeUnit: 4,
      Width1: 0,
      Width1Unit: null,
      Width2: 0,
      Width2Unit: null,
      Address: '',
      TaxCode: null,
      TaxType: 'tt_Yes',
      TaxLiable: 'tYES',
      PickStatus: 'tNO',
      PickQuantity: 0,
      PickListIdNumber: null,
      OriginalItem: null,
      BackOrder: 'tYES',
      FreeText: '',
      ShippingMethod: 2,
      POTargetNum: null,
      POTargetEntry: null,
      POTargetRowNum: null,
      CorrectionInvoiceItem: 'ciis_ShouldBe',
      CorrInvAmountToStock: 0,
      CorrInvAmountToDiffAcct: 0,
      AppliedTax: 0,
      AppliedTaxFC: 0,
      AppliedTaxSC: 0,
      WTLiable: 'tNO',
      DeferredTax: 'tNO',
      EqualizationTaxPercent: 0,
      TotalEqualizationTax: 0,
      TotalEqualizationTaxFC: 0,
      TotalEqualizationTaxSC: 0,
      NetTaxAmount: 0,
      NetTaxAmountFC: 0,
      NetTaxAmountSC: 0,
      MeasureUnit: 'PCS',
      UnitsOfMeasurment: 1,
      LineTotal: 1554,
      TaxPercentagePerRow: 0,
      TaxTotal: 0,
      ConsumerSalesForecast: 'tYES',
      ExciseAmount: 0,
      TaxPerUnit: 0,
      TotalInclTax: 0,
      CountryOrg: 'CN',
      SWW: null,
      TransactionType: null,
      DistributeExpense: 'tYES',
      RowTotalFC: 0,
      RowTotalSC: 2253300,
      LastBuyInmPrice: 0,
      LastBuyDistributeSumFc: 0,
      LastBuyDistributeSumSc: 0,
      LastBuyDistributeSum: 0,
      StockDistributesumForeign: 0,
      StockDistributesumSystem: 0,
      StockDistributesum: 0,
      StockInmPrice: 0,
      PickStatusEx: 'dlps_NotPicked',
      TaxBeforeDPM: 0,
      TaxBeforeDPMFC: 0,
      TaxBeforeDPMSC: 0,
      CFOPCode: null,
      CSTCode: null,
      Usage: null,
      TaxOnly: 'tNO',
      VisualOrder: 0,
      BaseOpenQuantity: 0,
      UnitPrice: 22.2,
      LineStatus: 'bost_Open',
      PackageQuantity: 70,
      Text: '',
      LineType: 'dlt_Regular',
      COGSCostingCode: null,
      COGSAccountCode: '511010001',
      ChangeAssemlyBoMWarehouse: 'N',
      GrossBuyPrice: 7.52,
      GrossBase: -5,
      GrossProfitTotalBasePrice: 526.31,
      CostingCode2: null,
      CostingCode3: null,
      CostingCode4: null,
      CostingCode5: null,
      ItemDetails: null,
      LocationCode: null,
      ActualDeliveryDate: null,
      RemainingOpenQuantity: 70,
      OpenAmount: 1554,
      OpenAmountFC: 0,
      OpenAmountSC: 2253300,
      ExLineNo: null,
      RequiredDate: null,
      RequiredQuantity: 0,
      COGSCostingCode2: null,
      COGSCostingCode3: null,
      COGSCostingCode4: null,
      COGSCostingCode5: null,
      CSTforIPI: null,
      CSTforPIS: null,
      CSTforCOFINS: null,
      CreditOriginCode: null,
      WithoutInventoryMovement: 'tNO',
      AgreementNo: null,
      AgreementRowNumber: null,
      ActualBaseEntry: null,
      ActualBaseLine: null,
      DocEntry: 281834,
      Surpluses: 0,
      DefectAndBreakup: 0,
      Shortages: 0,
      ConsiderQuantity: 'tNO',
      PartialRetirement: 'tNO',
      RetirementQuantity: 0,
      RetirementAPC: 0,
      ThirdParty: 'tNO',
      PoNum: null,
      PoItmNum: null,
      ExpenseType: null,
      ReceiptNumber: null,
      ExpenseOperationType: null,
      FederalTaxID: null,
      GrossProfit: 1027.69,
      GrossProfitFC: 0,
      GrossProfitSC: 1490150.5,
      PriceSource: 'dpsManual',
      StgSeqNum: null,
      StgEntry: null,
      StgDesc: null,
      UoMEntry: 1,
      UoMCode: 'PCS',
      InventoryQuantity: 70,
      RemainingOpenInventoryQuantity: 70,
      ParentLineNum: null,
      Incoterms: 0,
      TransportMode: 0,
      NatureOfTransaction: null,
      DestinationCountryForImport: null,
      DestinationRegionForImport: null,
      OriginCountryForExport: null,
      OriginRegionForExport: null,
      ItemType: 'dit_Item',
      ChangeInventoryQuantityIndependently: 'tNO',
      FreeOfChargeBP: 'tNO',
      SACEntry: null,
      HSNEntry: null,
      GrossPrice: 22.2,
      GrossTotal: 1554,
      GrossTotalFC: 0,
      GrossTotalSC: 2253300,
      NCMCode: -1,
      NVECode: null,
      IndEscala: 'tNO',
      CtrSealQty: 0,
      CNJPMan: null,
      CESTCode: null,
      UFFiscalBenefitCode: null,
      ReverseCharge: 'tNO',
      ShipToCode: null,
      ShipToDescription: '',
      OwnerCode: null,
      ExternalCalcTaxRate: 0,
      ExternalCalcTaxAmount: 0,
      ExternalCalcTaxAmountFC: 0,
      ExternalCalcTaxAmountSC: 0,
      StandardItemIdentification: null,
      CommodityClassification: null,
      UnencumberedReason: null,
      CUSplit: 'tNO',
      U_ST_DelDate: null,
      U_ST_ShipStatus: 'U',
      U_ST_SalePrice: 0,
      U_ST_Text: null,
      U_ST_TerritL: null,
      U_ST_WhsName: null,
      U_ST_WhsNameTo: null,
      U_Vol: 0,
      U_UOM: null,
      U_U_PARTNO: null,
      LineTaxJurisdictions: [],
      DocumentLineAdditionalExpenses: [],
      WithholdingTaxLines: [],
      SerialNumbers: [],
      BatchNumbers: [],
      DocumentLinesBinAllocations: []
    }
  ],
  ElectronicProtocols: [],
  DocumentAdditionalExpenses: [],
  WithholdingTaxDataWTXCollection: [],
  WithholdingTaxDataCollection: [],
  DocumentSpecialLines: [],
  TaxExtension: {
    TaxId0: null,
    TaxId1: null,
    TaxId2: null,
    TaxId3: null,
    TaxId4: null,
    TaxId5: null,
    TaxId6: null,
    TaxId7: null,
    TaxId8: null,
    TaxId9: null,
    State: null,
    County: null,
    Incoterms: null,
    Vehicle: null,
    VehicleState: null,
    NFRef: null,
    Carrier: null,
    PackQuantity: null,
    PackDescription: null,
    Brand: null,
    ShipUnitNo: null,
    NetWeight: 0,
    GrossWeight: 0,
    StreetS: null,
    BlockS: null,
    BuildingS: null,
    CityS: null,
    ZipCodeS: null,
    CountyS: null,
    StateS: null,
    CountryS: null,
    StreetB: null,
    BlockB: null,
    BuildingB: null,
    CityB: null,
    ZipCodeB: null,
    CountyB: null,
    StateB: null,
    CountryB: null,
    ImportOrExport: null,
    MainUsage: null,
    GlobalLocationNumberS: null,
    GlobalLocationNumberB: null,
    TaxId12: null,
    TaxId13: null,
    BillOfEntryNo: null,
    BillOfEntryDate: null,
    OriginalBillOfEntryNo: null,
    OriginalBillOfEntryDate: null,
    ImportOrExportType: 'et_IpmortsOrExports',
    PortCode: null,
    DocEntry: 281834,
    BoEValue: 0,
    ClaimRefund: null,
    DifferentialOfTaxRate: null,
    IsIGSTAccount: null
  },
  AddressExtension: {
    ShipToStreet: null,
    ShipToStreetNo: null,
    ShipToBlock: null,
    ShipToBuilding: null,
    ShipToCity: null,
    ShipToZipCode: null,
    ShipToCounty: null,
    ShipToState: null,
    ShipToCountry: null,
    ShipToAddressType: null,
    BillToStreet: null,
    BillToStreetNo: null,
    BillToBlock: null,
    BillToBuilding: null,
    BillToCity: null,
    BillToZipCode: null,
    BillToCounty: null,
    BillToState: null,
    BillToCountry: null,
    BillToAddressType: null,
    ShipToGlobalLocationNumber: null,
    BillToGlobalLocationNumber: null,
    ShipToAddress2: null,
    ShipToAddress3: null,
    BillToAddress2: null,
    BillToAddress3: null,
    PlaceOfSupply: null,
    PurchasePlaceOfSupply: null,
    DocEntry: 281834,
    GoodsIssuePlaceBP: null,
    GoodsIssuePlaceCNPJ: null,
    GoodsIssuePlaceCPF: null,
    GoodsIssuePlaceStreet: null,
    GoodsIssuePlaceStreetNo: null,
    GoodsIssuePlaceBuilding: null,
    GoodsIssuePlaceZip: null,
    GoodsIssuePlaceBlock: null,
    GoodsIssuePlaceCity: null,
    GoodsIssuePlaceCounty: null,
    GoodsIssuePlaceState: null,
    GoodsIssuePlaceCountry: null,
    GoodsIssuePlacePhone: null,
    GoodsIssuePlaceEMail: null,
    GoodsIssuePlaceDepartureDate: null,
    DeliveryPlaceBP: null,
    DeliveryPlaceCNPJ: null,
    DeliveryPlaceCPF: null,
    DeliveryPlaceStreet: null,
    DeliveryPlaceStreetNo: null,
    DeliveryPlaceBuilding: null,
    DeliveryPlaceZip: null,
    DeliveryPlaceBlock: null,
    DeliveryPlaceCity: null,
    DeliveryPlaceCounty: null,
    DeliveryPlaceState: null,
    DeliveryPlaceCountry: null,
    DeliveryPlacePhone: null,
    DeliveryPlaceEMail: null,
    DeliveryPlaceDepartureDate: null
  },
  DocumentReferences: []
}
🔐 تسجيل الدخول في SAP بواسطة: KarRetSale4
✅ تسجيل دخول ناجح في SAP
📋 فلترة حسب المندوب: SalesPersonCode = 114       
🔐 تسجيل الدخول في SAP بواسطة: KarRetSale4
✅ تسجيل دخول ناجح في SAP
📋 فلترة حسب المندوب: SalesPersonCode = 114       
🔐 تسجيل الدخول في SAP بواسطة: KarRetSale4
✅ تسجيل دخول ناجح في SAP
📋 فلترة حسب المندوب: SalesPersonCode = 114       
🔐 محاولة تسجيل الدخول في SAP بواسطة: ManRetSale4
✅ تسجيل دخول ناجح إلى SAP بواسطة ManRetSale4
🧾 Final payload to SAP: {
  "RepID": "177       ",
  "CardCode": "CUS00000006",
  "DocDueDate": "2026-09-27",
  "DocCurrency": "IQD",
  "DocumentLines": [
    {
      "ItemCode": "LEG00412",
      "Quantity": 1,
      "UnitPrice": 1500,
      "WarehouseCode": "KRA001",
      "DiscountPercent": 5,
      "FreeText": ""
    },
    {
      "ItemCode": "OPP00336",
      "Quantity": 1,
      "UnitPrice": 6250,
      "WarehouseCode": "EWJ001",
      "DiscountPercent": 10,
      "FreeText": ""
    }
  ],
  "U_CreatedBy": "1",
  "SalesPersonCode": 177
}
🔐 محاولة تسجيل الدخول في SAP بواسطة: ManRetSale4
✅ تسجيل دخول ناجح إلى SAP بواسطة ManRetSale4
🧾 Final payload to SAP: {
  "RepID": "177       ",
  "CardCode": "CUS00000006",
  "DocDueDate": "2026-09-27",
  "DocCurrency": "IQD",
  "DocumentLines": [
    {
      "ItemCode": "LEG00412",
      "Quantity": 1,
      "UnitPrice": 1500,
      "WarehouseCode": "KRA001",
      "DiscountPercent": 0,
      "FreeText": ""
    },
    {
      "ItemCode": "OPP00336",
      "Quantity": 1,
      "UnitPrice": 6250,
      "WarehouseCode": "EWJ001",
      "DiscountPercent": 8,
      "FreeText": ""
    }
  ],
  "U_CreatedBy": "1",
  "SalesPersonCode": 177
}
🧾 أمر البيع أنشئ بنجاح من قبل ManRetSale4: {
  'odata.metadata': 'https://hanab1:50000/b1s/v1/$metadata#Orders/@Element',
  'odata.etag': 'W/"356A192B7913B04C54574D18C28D46E6395428AB"',
  DocEntry: 281851,
  DocNum: 2611341,
  DocType: 'dDocument_Items',
  HandWritten: 'tNO',
  Printed: 'psNo',
  DocDate: '2026-09-27',
  DocDueDate: '2026-09-27',
  CardCode: 'CUS00000006',
  CardName: 'API Test - Mushtaq RA',
  Address: null,
  NumAtCard: null,
  DocTotal: 5,
  AttachmentEntry: null,
  DocCurrency: 'IQD',
  DocRate: 1450,
  Reference1: '2611341',
  Reference2: null,
  Comments: '',
  JournalMemo: 'Sales Orders - CUS00000006',
  PaymentGroupCode: 1,
  DocTime: '12:00:00',
  SalesPersonCode: 177,
  TransportationCode: -1,
  Confirmed: 'tYES',
  ImportFileNum: null,
  SummeryType: 'dNoSummary',
  ContactPersonCode: 74,
  ShowSCN: 'tNO',
  Series: 264,
  TaxDate: '2026-09-27',
  PartialSupply: 'tYES',
  DocObjectCode: 'oOrders',
  ShipToCode: null,
  Indicator: null,
  FederalTaxID: null,
  DiscountPercent: 0,
  PaymentReference: null,
  CreationDate: '2026-09-27',
  UpdateDate: '2026-09-27',
  FinancialPeriod: 62,
  UserSign: 136,
  TransNum: null,
  VatSum: 0,
  VatSumSys: 0,
  VatSumFc: 0,
  NetProcedure: 'tNO',
  DocTotalFc: 7250,
  DocTotalSys: 7250,
  Form1099: null,
  Box1099: null,
  RevisionPo: 'tNO',
  RequriedDate: '2026-09-27',
  CancelDate: '2026-10-27',
  BlockDunning: 'tNO',
  Submitted: 'tNO',
  Segment: 0,
  PickStatus: 'tNO',
  Pick: 'tNO',
  PaymentMethod: null,
  PaymentBlock: 'tNO',
  PaymentBlockEntry: null,
  CentralBankIndicator: null,
  MaximumCashDiscount: 'tNO',
  Reserve: 'tNO',
  Project: null,
  ExemptionValidityDateFrom: null,
  ExemptionValidityDateTo: null,
  WareHouseUpdateType: 'dwh_CustomerOrders',
  Rounding: 'tNO',
  ExternalCorrectedDocNum: null,
  InternalCorrectedDocNum: null,
  NextCorrectingDocument: null,
  DeferredTax: 'tNO',
  TaxExemptionLetterNum: null,
  WTApplied: 0,
  WTAppliedFC: 0,
  BillOfExchangeReserved: 'tNO',
  AgentCode: null,
  WTAppliedSC: 0,
  TotalEqualizationTax: 0,
  TotalEqualizationTaxFC: 0,
  TotalEqualizationTaxSC: 0,
  NumberOfInstallments: 1,
  ApplyTaxOnFirstInstallment: 'tNO',
  WTNonSubjectAmount: 0,
  WTNonSubjectAmountSC: 0,
  WTNonSubjectAmountFC: 0,
  WTExemptedAmount: 0,
  WTExemptedAmountSC: 0,
  WTExemptedAmountFC: 0,
  BaseAmount: 0,
  BaseAmountSC: 0,
  BaseAmountFC: 0,
  WTAmount: 0,
  WTAmountSC: 0,
  WTAmountFC: 0,
  VatDate: null,
  DocumentsOwner: null,
  FolioPrefixString: null,
  FolioNumber: null,
  DocumentSubType: 'bod_None',
  BPChannelCode: null,
  BPChannelContact: null,
  Address2: '',
  DocumentStatus: 'bost_Open',
  PeriodIndicator: 'Default',
  PayToCode: null,
  ManualNumber: null,
  UseShpdGoodsAct: 'tNO',
  IsPayToBank: 'tNO',
  PayToBankCountry: null,
  PayToBankCode: null,
  PayToBankAccountNo: null,
  PayToBankBranch: null,
  BPL_IDAssignedToInvoice: null,
  DownPayment: 0,
  ReserveInvoice: 'tNO',
  LanguageCode: 8,
  TrackingNumber: null,
  PickRemark: null,
  ClosingDate: null,
  SequenceCode: null,
  SequenceSerial: null,
  SeriesString: null,
  SubSeriesString: null,
  SequenceModel: '0',
  UseCorrectionVATGroup: 'tNO',
  TotalDiscount: 0,
  DownPaymentAmount: 0,
  DownPaymentPercentage: 0,
  DownPaymentType: 'dptInvoice',
  DownPaymentAmountSC: 0,
  DownPaymentAmountFC: 0,
  VatPercent: 0,
  ServiceGrossProfitPercent: 0,
  OpeningRemarks: null,
  ClosingRemarks: null,
  RoundingDiffAmount: 0,
  RoundingDiffAmountFC: 0,
  RoundingDiffAmountSC: 0,
  Cancelled: 'tNO',
  SignatureInputMessage: null,
  SignatureDigest: null,
  CertificationNumber: null,
  PrivateKeyVersion: null,
  ControlAccount: '112020001',
  InsuranceOperation347: 'tNO',
  ArchiveNonremovableSalesQuotation: 'tNO',
  GTSChecker: null,
  GTSPayee: null,
  ExtraMonth: 0,
  ExtraDays: 30,
  CashDiscountDateOffset: 0,
  StartFrom: 'pdt_None',
  NTSApproved: 'tNO',
  ETaxWebSite: null,
  ETaxNumber: null,
  NTSApprovedNumber: null,
  EDocGenerationType: 'edocNotRelevant',
  EDocSeries: null,
  EDocNum: null,
  EDocExportFormat: null,
  EDocStatus: 'edoc_Ok',
  EDocErrorCode: null,
  EDocErrorMessage: null,
  DownPaymentStatus: 'so_Open',
  GroupSeries: null,
  GroupNumber: null,
  GroupHandWritten: 'tNO',
  ReopenOriginalDocument: null,
  ReopenManuallyClosedOrCanceledDocument: null,
  CreateOnlineQuotation: 'tNO',
  POSEquipmentNumber: null,
  POSManufacturerSerialNumber: null,
  POSCashierNumber: null,
  ApplyCurrentVATRatesForDownPaymentsToDraw: 'tNO',
  ClosingOption: 'coByCurrentSystemDate',
  SpecifiedClosingDate: null,
  OpenForLandedCosts: 'tYES',
  AuthorizationStatus: 'dasWithout',
  TotalDiscountFC: 0,
  TotalDiscountSC: 0,
  RelevantToGTS: 'tNO',
  BPLName: null,
  VATRegNum: null,
  AnnualInvoiceDeclarationReference: null,
  Supplier: null,
  Releaser: null,
  Receiver: null,
  BlanketAgreementNumber: null,
  IsAlteration: 'tNO',
  CancelStatus: 'csNo',
  AssetValueDate: null,
  DocumentDelivery: 'ddtNoneSeleted',
  AuthorizationCode: null,
  StartDeliveryDate: null,
  StartDeliveryTime: null,
  EndDeliveryDate: null,
  EndDeliveryTime: null,
  VehiclePlate: null,
  ATDocumentType: null,
  ElecCommStatus: null,
  ElecCommMessage: null,
  ReuseDocumentNum: 'tNO',
  ReuseNotaFiscalNum: 'tNO',
  PrintSEPADirect: 'tNO',
  FiscalDocNum: null,
  POSDailySummaryNo: null,
  POSReceiptNo: null,
  PointOfIssueCode: null,
  Letter: null,
  FolioNumberFrom: null,
  FolioNumberTo: null,
  InterimType: 'boidt_None',
  RelatedType: -1,
  RelatedEntry: null,
  SAPPassport: null,
  DocumentTaxID: null,
  DateOfReportingControlStatementVAT: null,
  ReportingSectionControlStatementVAT: null,
  ExcludeFromTaxReportControlStatementVAT: 'tNO',
  POS_CashRegister: null,
  UpdateTime: '12:00:14',
  CreateQRCodeFrom: null,
  PriceMode: null,
  ShipFrom: null,
  CommissionTrade: 'ct_Empty',
  CommissionTradeReturn: 'tNO',
  UseBillToAddrToDetermineTax: 'tNO',
  Cig: null,
  Cup: null,
  FatherCard: null,
  FatherType: 'cPayments_sum',
  ShipState: null,
  ShipPlace: null,
  CustOffice: null,
  FCI: null,
  AddLegIn: null,
  LegTextF: null,
  DANFELgTxt: null,
  IndFinal: 'tNO',
  DataVersion: 1,
  LastPageFolioNumber: null,
  U_ST_Activity: null,
  U_ST_Driver: null,
  U_ST_ShipNo: null,
  U_ST_ShipStatus: 'U',
  U_ST_QStatus: 'P',
  U_ST_isSigned: null,
  U_ST_ReturnType: null,
  U_ST_CreationTime: null,
  U_Location: null,
  U_Department: null,
  U_Approval: 'N',
  U_MKT_time: null,
  U_Arch: null,
  U_suspend: 'N',
  Document_ApprovalRequests: [],
  DocumentLines: [
    {
      LineNum: 0,
      ItemCode: 'LEG00412',
      ItemDescription: 'LEGRAND CABLE 4PR CAT6 U/UTP PVC',
      Quantity: 1,
      ShipDate: '2026-09-27',
      Price: 1500,
      PriceAfterVAT: 1500,
      Currency: 'IQD',
      Rate: 1450,
      DiscountPercent: 0,
      VendorNum: null,
      SerialNum: null,
      WarehouseCode: 'KRA001',
      SalesPersonCode: 177,
      CommisionPercent: 0,
      TreeType: 'iNotATree',
      AccountCode: '411010001',
      UseBaseUnits: 'tNO',
      SupplierCatNum: null,
      CostingCode: null,
      ProjectCode: null,
      BarCode: '',
      VatGroup: 'X0',
      Height1: 0,
      Hight1Unit: null,
      Height2: 0,
      Height2Unit: null,
      Lengh1: 0,
      Lengh1Unit: null,
      Lengh2: 0,
      Lengh2Unit: null,
      Weight1: 0,
      Weight1Unit: null,
      Weight2: 0,
      Weight2Unit: null,
      Factor1: 1,
      Factor2: 1,
      Factor3: 1,
      Factor4: 1,
      BaseType: -1,
      BaseEntry: null,
      BaseLine: null,
      Volume: 0.00012,
      VolumeUnit: 4,
      Width1: 0,
      Width1Unit: null,
      Width2: 0,
      Width2Unit: null,
      Address: '',
      TaxCode: null,
      TaxType: 'tt_Yes',
      TaxLiable: 'tYES',
      PickStatus: 'tNO',
      PickQuantity: 0,
      PickListIdNumber: null,
      OriginalItem: null,
      BackOrder: 'tYES',
      FreeText: '',
      ShippingMethod: 1,
      POTargetNum: null,
      POTargetEntry: null,
      POTargetRowNum: null,
      CorrectionInvoiceItem: 'ciis_ShouldBe',
      CorrInvAmountToStock: 0,
      CorrInvAmountToDiffAcct: 0,
      AppliedTax: 0,
      AppliedTaxFC: 0,
      AppliedTaxSC: 0,
      WTLiable: 'tNO',
      DeferredTax: 'tNO',
      EqualizationTaxPercent: 0,
      TotalEqualizationTax: 0,
      TotalEqualizationTaxFC: 0,
      TotalEqualizationTaxSC: 0,
      NetTaxAmount: 0,
      NetTaxAmountFC: 0,
      NetTaxAmountSC: 0,
      MeasureUnit: 'Meter',
      UnitsOfMeasurment: 1,
      LineTotal: 1.03,
      TaxPercentagePerRow: 0,
      TaxTotal: 0,
      ConsumerSalesForecast: 'tYES',
      ExciseAmount: 0,
      TaxPerUnit: 0,
      TotalInclTax: 0,
      CountryOrg: null,
      SWW: '2002051',
      TransactionType: null,
      DistributeExpense: 'tYES',
      RowTotalFC: 1500,
      RowTotalSC: 1500,
      LastBuyInmPrice: 0,
      LastBuyDistributeSumFc: 0,
      LastBuyDistributeSumSc: 0,
      LastBuyDistributeSum: 0,
      StockDistributesumForeign: 0,
      StockDistributesumSystem: 0,
      StockDistributesum: 0,
      StockInmPrice: 0,
      PickStatusEx: 'dlps_NotPicked',
      TaxBeforeDPM: 0,
      TaxBeforeDPMFC: 0,
      TaxBeforeDPMSC: 0,
      CFOPCode: null,
      CSTCode: null,
      Usage: null,
      TaxOnly: 'tNO',
      VisualOrder: 0,
      BaseOpenQuantity: 0,
      UnitPrice: 1500,
      LineStatus: 'bost_Open',
      PackageQuantity: 1,
      Text: '',
      LineType: 'dlt_Regular',
      COGSCostingCode: null,
      COGSAccountCode: '511010001',
      ChangeAssemlyBoMWarehouse: 'N',
      GrossBuyPrice: 0.32,
      GrossBase: -5,
      GrossProfitTotalBasePrice: 0.32,
      CostingCode2: null,
      CostingCode3: null,
      CostingCode4: null,
      CostingCode5: null,
      ItemDetails: null,
      LocationCode: null,
      ActualDeliveryDate: null,
      RemainingOpenQuantity: 1,
      OpenAmount: 1.03,
      OpenAmountFC: 1500,
      OpenAmountSC: 1500,
      ExLineNo: null,
      RequiredDate: null,
      RequiredQuantity: 0,
      COGSCostingCode2: null,
      COGSCostingCode3: null,
      COGSCostingCode4: null,
      COGSCostingCode5: null,
      CSTforIPI: null,
      CSTforPIS: null,
      CSTforCOFINS: null,
      CreditOriginCode: null,
      WithoutInventoryMovement: 'tNO',
      AgreementNo: null,
      AgreementRowNumber: null,
      ActualBaseEntry: null,
      ActualBaseLine: null,
      DocEntry: 281851,
      Surpluses: 0,
      DefectAndBreakup: 0,
      Shortages: 0,
      ConsiderQuantity: 'tNO',
      PartialRetirement: 'tNO',
      RetirementQuantity: 0,
      RetirementAPC: 0,
      ThirdParty: 'tNO',
      PoNum: null,
      PoItmNum: null,
      ExpenseType: null,
      ReceiptNumber: null,
      ExpenseOperationType: null,
      FederalTaxID: null,
      GrossProfit: 0.71,
      GrossProfitFC: 1036,
      GrossProfitSC: 1036,
      PriceSource: 'dpsManual',
      StgSeqNum: null,
      StgEntry: null,
      StgDesc: null,
      UoMEntry: 2,
      UoMCode: 'Meter',
      InventoryQuantity: 1,
      RemainingOpenInventoryQuantity: 1,
      ParentLineNum: null,
      Incoterms: 0,
      TransportMode: 0,
      NatureOfTransaction: null,
      DestinationCountryForImport: null,
      DestinationRegionForImport: null,
      OriginCountryForExport: null,
      OriginRegionForExport: null,
      ItemType: 'dit_Item',
      ChangeInventoryQuantityIndependently: 'tNO',
      FreeOfChargeBP: 'tNO',
      SACEntry: null,
      HSNEntry: null,
      GrossPrice: 1500,
      GrossTotal: 1.03,
      GrossTotalFC: 1500,
      GrossTotalSC: 1500,
      NCMCode: -1,
      NVECode: null,
      IndEscala: 'tNO',
      CtrSealQty: 0,
      CNJPMan: null,
      CESTCode: null,
      UFFiscalBenefitCode: null,
      ReverseCharge: 'tNO',
      ShipToCode: null,
      ShipToDescription: '',
      OwnerCode: null,
      ExternalCalcTaxRate: 0,
      ExternalCalcTaxAmount: 0,
      ExternalCalcTaxAmountFC: 0,
      ExternalCalcTaxAmountSC: 0,
      StandardItemIdentification: null,
      CommodityClassification: null,
      UnencumberedReason: null,
      CUSplit: 'tNO',
      U_ST_DelDate: null,
      U_ST_ShipStatus: 'U',
      U_ST_SalePrice: 0,
      U_ST_Text: null,
      U_ST_TerritL: null,
      U_ST_WhsName: null,
      U_ST_WhsNameTo: null,
      U_Vol: 0,
      U_UOM: null,
      U_U_PARTNO: null,
      LineTaxJurisdictions: [],
      DocumentLineAdditionalExpenses: [],
      WithholdingTaxLines: [],
      SerialNumbers: [],
      BatchNumbers: [],
      DocumentLinesBinAllocations: []
    },
    {
      LineNum: 1,
      ItemCode: 'OPP00336',
      ItemDescription: 'OPPLE Neon Strip Light Single Line LED-HV-4000K-8W-50M-IP65',
      Quantity: 1,
      ShipDate: '2026-09-27',
      Price: 5750,
      PriceAfterVAT: 5750,
      Currency: 'IQD',
      Rate: 1450,
      DiscountPercent: 8,
      VendorNum: null,
      SerialNum: null,
      WarehouseCode: 'EWJ001',
      SalesPersonCode: 177,
      CommisionPercent: 0,
      TreeType: 'iNotATree',
      AccountCode: '411010001',
      UseBaseUnits: 'tNO',
      SupplierCatNum: null,
      CostingCode: null,
      ProjectCode: null,
      BarCode: '',
      VatGroup: 'X0',
      Height1: 0,
      Hight1Unit: null,
      Height2: 0,
      Height2Unit: null,
      Lengh1: 0,
      Lengh1Unit: null,
      Lengh2: 0,
      Lengh2Unit: null,
      Weight1: 0,
      Weight1Unit: null,
      Weight2: 0,
      Weight2Unit: null,
      Factor1: 1,
      Factor2: 1,
      Factor3: 1,
      Factor4: 1,
      BaseType: -1,
      BaseEntry: null,
      BaseLine: null,
      Volume: 0.00048,
      VolumeUnit: 4,
      Width1: 0,
      Width1Unit: null,
      Width2: 0,
      Width2Unit: null,
      Address: '',
      TaxCode: null,
      TaxType: 'tt_Yes',
      TaxLiable: 'tYES',
      PickStatus: 'tNO',
      PickQuantity: 0,
      PickListIdNumber: null,
      OriginalItem: null,
      BackOrder: 'tYES',
      FreeText: '',
      ShippingMethod: 1,
      POTargetNum: null,
      POTargetEntry: null,
      POTargetRowNum: null,
      CorrectionInvoiceItem: 'ciis_ShouldBe',
      CorrInvAmountToStock: 0,
      CorrInvAmountToDiffAcct: 0,
      AppliedTax: 0,
      AppliedTaxFC: 0,
      AppliedTaxSC: 0,
      WTLiable: 'tNO',
      DeferredTax: 'tNO',
      EqualizationTaxPercent: 0,
      TotalEqualizationTax: 0,
      TotalEqualizationTaxFC: 0,
      TotalEqualizationTaxSC: 0,
      NetTaxAmount: 0,
      NetTaxAmountFC: 0,
      NetTaxAmountSC: 0,
      MeasureUnit: 'Meter',
      UnitsOfMeasurment: 1,
      LineTotal: 3.97,
      TaxPercentagePerRow: 0,
      TaxTotal: 0,
      ConsumerSalesForecast: 'tYES',
      ExciseAmount: 0,
      TaxPerUnit: 0,
      TotalInclTax: 0,
      CountryOrg: null,
      SWW: '12007777',
      TransactionType: null,
      DistributeExpense: 'tYES',
      RowTotalFC: 5750,
      RowTotalSC: 5750,
      LastBuyInmPrice: 0,
      LastBuyDistributeSumFc: 0,
      LastBuyDistributeSumSc: 0,
      LastBuyDistributeSum: 0,
      StockDistributesumForeign: 0,
      StockDistributesumSystem: 0,
      StockDistributesum: 0,
      StockInmPrice: 0,
      PickStatusEx: 'dlps_NotPicked',
      TaxBeforeDPM: 0,
      TaxBeforeDPMFC: 0,
      TaxBeforeDPMSC: 0,
      CFOPCode: null,
      CSTCode: null,
      Usage: null,
      TaxOnly: 'tNO',
      VisualOrder: 1,
      BaseOpenQuantity: 0,
      UnitPrice: 6250,
      LineStatus: 'bost_Open',
      PackageQuantity: 1,
      Text: '',
      LineType: 'dlt_Regular',
      COGSCostingCode: null,
      COGSAccountCode: '511010001',
      ChangeAssemlyBoMWarehouse: 'N',
      GrossBuyPrice: 1.33,
      GrossBase: -5,
      GrossProfitTotalBasePrice: 1.33,
      CostingCode2: null,
      CostingCode3: null,
      CostingCode4: null,
      CostingCode5: null,
      ItemDetails: null,
      LocationCode: null,
      ActualDeliveryDate: null,
      RemainingOpenQuantity: 1,
      OpenAmount: 3.97,
      OpenAmountFC: 5750,
      OpenAmountSC: 5750,
      ExLineNo: null,
      RequiredDate: null,
      RequiredQuantity: 0,
      COGSCostingCode2: null,
      COGSCostingCode3: null,
      COGSCostingCode4: null,
      COGSCostingCode5: null,
      CSTforIPI: null,
      CSTforPIS: null,
      CSTforCOFINS: null,
      CreditOriginCode: null,
      WithoutInventoryMovement: 'tNO',
      AgreementNo: null,
      AgreementRowNumber: null,
      ActualBaseEntry: null,
      ActualBaseLine: null,
      DocEntry: 281851,
      Surpluses: 0,
      DefectAndBreakup: 0,
      Shortages: 0,
      ConsiderQuantity: 'tNO',
      PartialRetirement: 'tNO',
      RetirementQuantity: 0,
      RetirementAPC: 0,
      ThirdParty: 'tNO',
      PoNum: null,
      PoItmNum: null,
      ExpenseType: null,
      ReceiptNumber: null,
      ExpenseOperationType: null,
      FederalTaxID: null,
      GrossProfit: 2.64,
      GrossProfitFC: 3821.5,
      GrossProfitSC: 3821.5,
      PriceSource: 'dpsManual',
      StgSeqNum: null,
      StgEntry: null,
      StgDesc: null,
      UoMEntry: 2,
      UoMCode: 'Meter',
      InventoryQuantity: 1,
      RemainingOpenInventoryQuantity: 1,
      ParentLineNum: null,
      Incoterms: 0,
      TransportMode: 0,
      NatureOfTransaction: null,
      DestinationCountryForImport: null,
      DestinationRegionForImport: null,
      OriginCountryForExport: null,
      OriginRegionForExport: null,
      ItemType: 'dit_Item',
      ChangeInventoryQuantityIndependently: 'tNO',
      FreeOfChargeBP: 'tNO',
      SACEntry: null,
      HSNEntry: null,
      GrossPrice: 6250,
      GrossTotal: 3.97,
      GrossTotalFC: 5750,
      GrossTotalSC: 5750,
      NCMCode: -1,
      NVECode: null,
      IndEscala: 'tNO',
      CtrSealQty: 0,
      CNJPMan: null,
      CESTCode: null,
      UFFiscalBenefitCode: null,
      ReverseCharge: 'tNO',
      ShipToCode: null,
      ShipToDescription: '',
      OwnerCode: null,
      ExternalCalcTaxRate: 0,
      ExternalCalcTaxAmount: 0,
      ExternalCalcTaxAmountFC: 0,
      ExternalCalcTaxAmountSC: 0,
      StandardItemIdentification: null,
      CommodityClassification: null,
      UnencumberedReason: null,
      CUSplit: 'tNO',
      U_ST_DelDate: null,
      U_ST_ShipStatus: 'U',
      U_ST_SalePrice: 0,
      U_ST_Text: null,
      U_ST_TerritL: null,
      U_ST_WhsName: null,
      U_ST_WhsNameTo: null,
      U_Vol: 0,
      U_UOM: null,
      U_U_PARTNO: null,
      LineTaxJurisdictions: [],
      DocumentLineAdditionalExpenses: [],
      WithholdingTaxLines: [],
      SerialNumbers: [],
      BatchNumbers: [],
      DocumentLinesBinAllocations: []
    }
  ],
  ElectronicProtocols: [],
  DocumentAdditionalExpenses: [],
  WithholdingTaxDataWTXCollection: [],
  WithholdingTaxDataCollection: [],
  DocumentSpecialLines: [],
  TaxExtension: {
    TaxId0: null,
    TaxId1: null,
    TaxId2: null,
    TaxId3: null,
    TaxId4: null,
    TaxId5: null,
    TaxId6: null,
    TaxId7: null,
    TaxId8: null,
    TaxId9: null,
    State: null,
    County: null,
    Incoterms: null,
    Vehicle: null,
    VehicleState: null,
    NFRef: null,
    Carrier: null,
    PackQuantity: null,
    PackDescription: null,
    Brand: null,
    ShipUnitNo: null,
    NetWeight: 0,
    GrossWeight: 0,
    StreetS: null,
    BlockS: null,
    BuildingS: null,
    CityS: null,
    ZipCodeS: null,
    CountyS: null,
    StateS: null,
    CountryS: null,
    StreetB: null,
    BlockB: null,
    BuildingB: null,
    CityB: null,
    ZipCodeB: null,
    CountyB: null,
    StateB: null,
    CountryB: null,
    ImportOrExport: null,
    MainUsage: null,
    GlobalLocationNumberS: null,
    GlobalLocationNumberB: null,
    TaxId12: null,
    TaxId13: null,
    BillOfEntryNo: null,
    BillOfEntryDate: null,
    OriginalBillOfEntryNo: null,
    OriginalBillOfEntryDate: null,
    ImportOrExportType: 'et_IpmortsOrExports',
    PortCode: null,
    DocEntry: 281851,
    BoEValue: 0,
    ClaimRefund: null,
    DifferentialOfTaxRate: null,
    IsIGSTAccount: null
  },
  AddressExtension: {
    ShipToStreet: null,
    ShipToStreetNo: null,
    ShipToBlock: null,
    ShipToBuilding: null,
    ShipToCity: null,
    ShipToZipCode: null,
    ShipToCounty: null,
    ShipToState: null,
    ShipToCountry: null,
    ShipToAddressType: null,
    BillToStreet: null,
    BillToStreetNo: null,
    BillToBlock: null,
    BillToBuilding: null,
    BillToCity: null,
    BillToZipCode: null,
    BillToCounty: null,
    BillToState: null,
    BillToCountry: null,
    BillToAddressType: null,
    ShipToGlobalLocationNumber: null,
    BillToGlobalLocationNumber: null,
    ShipToAddress2: null,
    ShipToAddress3: null,
    BillToAddress2: null,
    BillToAddress3: null,
    PlaceOfSupply: null,
    PurchasePlaceOfSupply: null,
    DocEntry: 281851,
    GoodsIssuePlaceBP: null,
    GoodsIssuePlaceCNPJ: null,
    GoodsIssuePlaceCPF: null,
    GoodsIssuePlaceStreet: null,
    GoodsIssuePlaceStreetNo: null,
    GoodsIssuePlaceBuilding: null,
    GoodsIssuePlaceZip: null,
    GoodsIssuePlaceBlock: null,
    GoodsIssuePlaceCity: null,
    GoodsIssuePlaceCounty: null,
    GoodsIssuePlaceState: null,
    GoodsIssuePlaceCountry: null,
    GoodsIssuePlacePhone: null,
    GoodsIssuePlaceEMail: null,
    GoodsIssuePlaceDepartureDate: null,
    DeliveryPlaceBP: null,
    DeliveryPlaceCNPJ: null,
    DeliveryPlaceCPF: null,
    DeliveryPlaceStreet: null,
    DeliveryPlaceStreetNo: null,
    DeliveryPlaceBuilding: null,
    DeliveryPlaceZip: null,
    DeliveryPlaceBlock: null,
    DeliveryPlaceCity: null,
    DeliveryPlaceCounty: null,
    DeliveryPlaceState: null,
    DeliveryPlaceCountry: null,
    DeliveryPlacePhone: null,
    DeliveryPlaceEMail: null,
    DeliveryPlaceDepartureDate: null
  },
  DocumentReferences: []
}
🔐 تسجيل الدخول في SAP بواسطة: ManRetSale4
✅ تسجيل دخول ناجح في SAP
📋 فلترة حسب المندوب: SalesPersonCode = 177       
🔐 Logging into SAP to cancel order #281851 by ManRetSale4
✅ Active SAP session for ManRetSale4
🧾 Sales order #281851 successfully canceled
📡 Fetching Territories from SAP HANA...
✅ تم جلب 280 منطقة بنجاح
📡 Fetching Territories from SAP HANA...
✅ تم جلب 280 منطقة بنجاح
🔐 تسجيل الدخول في SAP بواسطة: ManRetSale4
✅ تسجيل دخول ناجح في SAP
📋 فلترة حسب المندوب: SalesPersonCode = 176       
🔐 تسجيل الدخول في SAP بواسطة: ManRetSale4
✅ تسجيل دخول ناجح في SAP
📋 فلترة حسب المندوب: SalesPersonCode = 74        
🔐 محاولة تسجيل الدخول في SAP بواسطة: ManRetSale4
✅ تسجيل دخول ناجح إلى SAP بواسطة ManRetSale4
🧾 Final payload to SAP: {
  "RepID": "74        ",
  "CardCode": "CUS00000667",
  "DocDueDate": "2026-09-27",
  "DocCurrency": "IQD",
  "DocumentLines": [
    {
      "ItemCode": "OPP00702",
      "Quantity": 65,
      "UnitPrice": 6500,
      "WarehouseCode": "EWJ001",
      "DiscountPercent": 0,
      "FreeText": ""
    },
    {
      "ItemCode": "OPP00039",
      "Quantity": 60,
      "UnitPrice": 5500,
      "WarehouseCode": "KRA001",
      "DiscountPercent": 0,
      "FreeText": ""
    },
    {
      "ItemCode": "LEG00636",
      "Quantity": 1,
      "UnitPrice": 4500,
      "WarehouseCode": "KRA001",
      "DiscountPercent": 0,
      "FreeText": ""
    },
    {
      "ItemCode": "LEG00699",
      "Quantity": 2,
      "UnitPrice": 8000,
      "WarehouseCode": "KRA001",
      "DiscountPercent": 0,
      "FreeText": ""
    },
    {
      "ItemCode": "LEG00408",
      "Quantity": 35,
      "UnitPrice": 4750,
      "WarehouseCode": "KRA001",
      "DiscountPercent": 0,
      "FreeText": ""
    },
    {
      "ItemCode": "LEG00604",
      "Quantity": 10,
      "UnitPrice": 4500,
      "WarehouseCode": "KRA001",
      "DiscountPercent": 0,
      "FreeText": ""
    },
    {
      "ItemCode": "LEG00669",
      "Quantity": 10,
      "UnitPrice": 6000,
      "WarehouseCode": "KRA001",
      "DiscountPercent": 0,
      "FreeText": ""
    },
    {
      "ItemCode": "LEG00076",
      "Quantity": 7,
      "UnitPrice": 7250,
      "WarehouseCode": "KRA001",
      "DiscountPercent": 0,
      "FreeText": ""
    },
    {
      "ItemCode": "LEG00557",
      "Quantity": 12,
      "UnitPrice": 7250,
      "WarehouseCode": "KRA001",
      "DiscountPercent": 0,
      "FreeText": ""
    },
    {
      "ItemCode": "LEG00565",
      "Quantity": 9,
      "UnitPrice": 9500,
      "WarehouseCode": "KRA001",
      "DiscountPercent": 0,
      "FreeText": ""
    },
    {
      "ItemCode": "LEG00390",
      "Quantity": 12,
      "UnitPrice": 14500,
      "WarehouseCode": "KRA001",
      "DiscountPercent": 0,
      "FreeText": ""
    },
    {
      "ItemCode": "LEG00459",
      "Quantity": 110,
      "UnitPrice": 5250,
      "WarehouseCode": "KRA001",
      "DiscountPercent": 0,
      "FreeText": ""
    }
  ],
  "U_CreatedBy": "Shams",
  "SalesPersonCode": 74
}
🧾 أمر البيع أنشئ بنجاح من قبل ManRetSale4: {
  'odata.metadata': 'https://hanab1:50000/b1s/v1/$metadata#Orders/@Element',
  'odata.etag': 'W/"356A192B7913B04C54574D18C28D46E6395428AB"',
  DocEntry: 281876,
  DocNum: 2611348,
  DocType: 'dDocument_Items',
  HandWritten: 'tNO',
  Printed: 'psNo',
  DocDate: '2026-09-27',
  DocDueDate: '2026-09-27',
  CardCode: 'CUS00000667',
  CardName: 'رياض فرات احمد السماوي',
  Address: null,
  NumAtCard: null,
  DocTotal: 1392.42,
  AttachmentEntry: null,
  DocCurrency: 'IQD',
  DocRate: 1450,
  Reference1: '2611348',
  Reference2: null,
  Comments: '',
  JournalMemo: 'Sales Orders - CUS00000667',
  PaymentGroupCode: 1,
  DocTime: '14:15:00',
  SalesPersonCode: 74,
  TransportationCode: -1,
  Confirmed: 'tYES',
  ImportFileNum: null,
  SummeryType: 'dNoSummary',
  ContactPersonCode: null,
  ShowSCN: 'tNO',
  Series: 264,
  TaxDate: '2026-09-27',
  PartialSupply: 'tYES',
  DocObjectCode: 'oOrders',
  ShipToCode: null,
  Indicator: null,
  FederalTaxID: null,
  DiscountPercent: 0,
  PaymentReference: null,
  CreationDate: '2026-09-27',
  UpdateDate: '2026-09-27',
  FinancialPeriod: 62,
  UserSign: 136,
  TransNum: null,
  VatSum: 0,
  VatSumSys: 0,
  VatSumFc: 0,
  NetProcedure: 'tNO',
  DocTotalFc: 2019000,
  DocTotalSys: 2019000,
  Form1099: null,
  Box1099: null,
  RevisionPo: 'tNO',
  RequriedDate: '2026-09-27',
  CancelDate: '2026-10-27',
  BlockDunning: 'tNO',
  Submitted: 'tNO',
  Segment: 0,
  PickStatus: 'tNO',
  Pick: 'tNO',
  PaymentMethod: null,
  PaymentBlock: 'tNO',
  PaymentBlockEntry: null,
  CentralBankIndicator: null,
  MaximumCashDiscount: 'tNO',
  Reserve: 'tNO',
  Project: null,
  ExemptionValidityDateFrom: null,
  ExemptionValidityDateTo: null,
  WareHouseUpdateType: 'dwh_CustomerOrders',
  Rounding: 'tNO',
  ExternalCorrectedDocNum: null,
  InternalCorrectedDocNum: null,
  NextCorrectingDocument: null,
  DeferredTax: 'tNO',
  TaxExemptionLetterNum: null,
  WTApplied: 0,
  WTAppliedFC: 0,
  BillOfExchangeReserved: 'tNO',
  AgentCode: null,
  WTAppliedSC: 0,
  TotalEqualizationTax: 0,
  TotalEqualizationTaxFC: 0,
  TotalEqualizationTaxSC: 0,
  NumberOfInstallments: 1,
  ApplyTaxOnFirstInstallment: 'tNO',
  WTNonSubjectAmount: 0,
  WTNonSubjectAmountSC: 0,
  WTNonSubjectAmountFC: 0,
  WTExemptedAmount: 0,
  WTExemptedAmountSC: 0,
  WTExemptedAmountFC: 0,
  BaseAmount: 0,
  BaseAmountSC: 0,
  BaseAmountFC: 0,
  WTAmount: 0,
  WTAmountSC: 0,
  WTAmountFC: 0,
  VatDate: null,
  DocumentsOwner: null,
  FolioPrefixString: null,
  FolioNumber: null,
  DocumentSubType: 'bod_None',
  BPChannelCode: null,
  BPChannelContact: null,
  Address2: '',
  DocumentStatus: 'bost_Open',
  PeriodIndicator: 'Default',
  PayToCode: null,
  ManualNumber: null,
  UseShpdGoodsAct: 'tNO',
  IsPayToBank: 'tNO',
  PayToBankCountry: null,
  PayToBankCode: null,
  PayToBankAccountNo: null,
  PayToBankBranch: null,
  BPL_IDAssignedToInvoice: null,
  DownPayment: 0,
  ReserveInvoice: 'tNO',
  LanguageCode: 8,
  TrackingNumber: null,
  PickRemark: null,
  ClosingDate: null,
  SequenceCode: null,
  SequenceSerial: null,
  SeriesString: null,
  SubSeriesString: null,
  SequenceModel: '0',
  UseCorrectionVATGroup: 'tNO',
  TotalDiscount: 0,
  DownPaymentAmount: 0,
  DownPaymentPercentage: 0,
  DownPaymentType: 'dptInvoice',
  DownPaymentAmountSC: 0,
  DownPaymentAmountFC: 0,
  VatPercent: 0,
  ServiceGrossProfitPercent: 0,
  OpeningRemarks: null,
  ClosingRemarks: null,
  RoundingDiffAmount: 0,
  RoundingDiffAmountFC: 0,
  RoundingDiffAmountSC: 0,
  Cancelled: 'tNO',
  SignatureInputMessage: null,
  SignatureDigest: null,
  CertificationNumber: null,
  PrivateKeyVersion: null,
  ControlAccount: '112020001',
  InsuranceOperation347: 'tNO',
  ArchiveNonremovableSalesQuotation: 'tNO',
  GTSChecker: null,
  GTSPayee: null,
  ExtraMonth: 0,
  ExtraDays: 30,
  CashDiscountDateOffset: 0,
  StartFrom: 'pdt_None',
  NTSApproved: 'tNO',
  ETaxWebSite: null,
  ETaxNumber: null,
  NTSApprovedNumber: null,
  EDocGenerationType: 'edocNotRelevant',
  EDocSeries: null,
  EDocNum: null,
  EDocExportFormat: null,
  EDocStatus: 'edoc_Ok',
  EDocErrorCode: null,
  EDocErrorMessage: null,
  DownPaymentStatus: 'so_Open',
  GroupSeries: null,
  GroupNumber: null,
  GroupHandWritten: 'tNO',
  ReopenOriginalDocument: null,
  ReopenManuallyClosedOrCanceledDocument: null,
  CreateOnlineQuotation: 'tNO',
  POSEquipmentNumber: null,
  POSManufacturerSerialNumber: null,
  POSCashierNumber: null,
  ApplyCurrentVATRatesForDownPaymentsToDraw: 'tNO',
  ClosingOption: 'coByCurrentSystemDate',
  SpecifiedClosingDate: null,
  OpenForLandedCosts: 'tYES',
  AuthorizationStatus: 'dasWithout',
  TotalDiscountFC: 0,
  TotalDiscountSC: 0,
  RelevantToGTS: 'tNO',
  BPLName: null,
  VATRegNum: null,
  AnnualInvoiceDeclarationReference: null,
  Supplier: null,
  Releaser: null,
  Receiver: null,
  BlanketAgreementNumber: null,
  IsAlteration: 'tNO',
  CancelStatus: 'csNo',
  AssetValueDate: null,
  DocumentDelivery: 'ddtNoneSeleted',
  AuthorizationCode: null,
  StartDeliveryDate: null,
  StartDeliveryTime: null,
  EndDeliveryDate: null,
  EndDeliveryTime: null,
  VehiclePlate: null,
  ATDocumentType: null,
  ElecCommStatus: null,
  ElecCommMessage: null,
  ReuseDocumentNum: 'tNO',
  ReuseNotaFiscalNum: 'tNO',
  PrintSEPADirect: 'tNO',
  FiscalDocNum: null,
  POSDailySummaryNo: null,
  POSReceiptNo: null,
  PointOfIssueCode: null,
  Letter: null,
  FolioNumberFrom: null,
  FolioNumberTo: null,
  InterimType: 'boidt_None',
  RelatedType: -1,
  RelatedEntry: null,
  SAPPassport: null,
  DocumentTaxID: null,
  DateOfReportingControlStatementVAT: null,
  ReportingSectionControlStatementVAT: null,
  ExcludeFromTaxReportControlStatementVAT: 'tNO',
  POS_CashRegister: null,
  UpdateTime: '14:15:27',
  CreateQRCodeFrom: null,
  PriceMode: null,
  ShipFrom: null,
  CommissionTrade: 'ct_Empty',
  CommissionTradeReturn: 'tNO',
  UseBillToAddrToDetermineTax: 'tNO',
  Cig: null,
  Cup: null,
  FatherCard: null,
  FatherType: 'cPayments_sum',
  ShipState: null,
  ShipPlace: null,
  CustOffice: null,
  FCI: null,
  AddLegIn: null,
  LegTextF: null,
  DANFELgTxt: null,
  IndFinal: 'tNO',
  DataVersion: 1,
  LastPageFolioNumber: null,
  U_ST_Activity: null,
  U_ST_Driver: null,
  U_ST_ShipNo: null,
  U_ST_ShipStatus: 'U',
  U_ST_QStatus: 'P',
  U_ST_isSigned: null,
  U_ST_ReturnType: null,
  U_ST_CreationTime: null,
  U_Location: null,
  U_Department: null,
  U_Approval: 'N',
  U_MKT_time: null,
  U_Arch: null,
  U_suspend: 'N',
  Document_ApprovalRequests: [],
  DocumentLines: [
    {
      LineNum: 0,
      ItemCode: 'OPP00702',
      ItemDescription: 'OPPLE Downlight LED Rc UTI R150 12W 3000 WH NV',
      Quantity: 65,
      ShipDate: '2026-09-27',
      Price: 6500,
      PriceAfterVAT: 6500,
      Currency: 'IQD',
      Rate: 1450,
      DiscountPercent: 0,
      VendorNum: null,
      SerialNum: null,
      WarehouseCode: 'EWJ001',
      SalesPersonCode: 74,
      CommisionPercent: 0,
      TreeType: 'iNotATree',
      AccountCode: '411010001',
      UseBaseUnits: 'tNO',
      SupplierCatNum: null,
      CostingCode: null,
      ProjectCode: null,
      BarCode: '',
      VatGroup: 'X0',
      Height1: 0,
      Hight1Unit: null,
      Height2: 0,
      Height2Unit: null,
      Lengh1: 0,
      Lengh1Unit: null,
      Lengh2: 0,
      Lengh2Unit: null,
      Weight1: 0,
      Weight1Unit: null,
      Weight2: 0,
      Weight2Unit: null,
      Factor1: 1,
      Factor2: 1,
      Factor3: 1,
      Factor4: 1,
      BaseType: -1,
      BaseEntry: null,
      BaseLine: null,
      Volume: 0.13585,
      VolumeUnit: 4,
      Width1: 0,
      Width1Unit: null,
      Width2: 0,
      Width2Unit: null,
      Address: '',
      TaxCode: null,
      TaxType: 'tt_Yes',
      TaxLiable: 'tYES',
      PickStatus: 'tNO',
      PickQuantity: 0,
      PickListIdNumber: null,
      OriginalItem: null,
      BackOrder: 'tYES',
      FreeText: '',
      ShippingMethod: 1,
      POTargetNum: null,
      POTargetEntry: null,
      POTargetRowNum: null,
      CorrectionInvoiceItem: 'ciis_ShouldBe',
      CorrInvAmountToStock: 0,
      CorrInvAmountToDiffAcct: 0,
      AppliedTax: 0,
      AppliedTaxFC: 0,
      AppliedTaxSC: 0,
      WTLiable: 'tNO',
      DeferredTax: 'tNO',
      EqualizationTaxPercent: 0,
      TotalEqualizationTax: 0,
      TotalEqualizationTaxFC: 0,
      TotalEqualizationTaxSC: 0,
      NetTaxAmount: 0,
      NetTaxAmountFC: 0,
      NetTaxAmountSC: 0,
      MeasureUnit: 'PCS',
      UnitsOfMeasurment: 1,
      LineTotal: 291.38,
      TaxPercentagePerRow: 0,
      TaxTotal: 0,
      ConsumerSalesForecast: 'tYES',
      ExciseAmount: 0,
      TaxPerUnit: 0,
      TotalInclTax: 0,
      CountryOrg: null,
      SWW: '2004675',
      TransactionType: null,
      DistributeExpense: 'tYES',
      RowTotalFC: 422500,
      RowTotalSC: 422500,
      LastBuyInmPrice: 0,
      LastBuyDistributeSumFc: 0,
      LastBuyDistributeSumSc: 0,
      LastBuyDistributeSum: 0,
      StockDistributesumForeign: 0,
      StockDistributesumSystem: 0,
      StockDistributesum: 0,
      StockInmPrice: 0,
      PickStatusEx: 'dlps_NotPicked',
      TaxBeforeDPM: 0,
      TaxBeforeDPMFC: 0,
      TaxBeforeDPMSC: 0,
      CFOPCode: null,
      CSTCode: null,
      Usage: null,
      TaxOnly: 'tNO',
      VisualOrder: 0,
      BaseOpenQuantity: 0,
      UnitPrice: 6500,
      LineStatus: 'bost_Open',
      PackageQuantity: 65,
      Text: '',
      LineType: 'dlt_Regular',
      COGSCostingCode: null,
      COGSAccountCode: '511010001',
      ChangeAssemlyBoMWarehouse: 'N',
      GrossBuyPrice: 0.38,
      GrossBase: -5,
      GrossProfitTotalBasePrice: 24.7,
      CostingCode2: null,
      CostingCode3: null,
      CostingCode4: null,
      CostingCode5: null,
      ItemDetails: null,
      LocationCode: null,
      ActualDeliveryDate: null,
      RemainingOpenQuantity: 65,
      OpenAmount: 291.38,
      OpenAmountFC: 422500,
      OpenAmountSC: 422500,
      ExLineNo: null,
      RequiredDate: null,
      RequiredQuantity: 0,
      COGSCostingCode2: null,
      COGSCostingCode3: null,
      COGSCostingCode4: null,
      COGSCostingCode5: null,
      CSTforIPI: null,
      CSTforPIS: null,
      CSTforCOFINS: null,
      CreditOriginCode: null,
      WithoutInventoryMovement: 'tNO',
      AgreementNo: null,
      AgreementRowNumber: null,
      ActualBaseEntry: null,
      ActualBaseLine: null,
      DocEntry: 281876,
      Surpluses: 0,
      DefectAndBreakup: 0,
      Shortages: 0,
      ConsiderQuantity: 'tNO',
      PartialRetirement: 'tNO',
      RetirementQuantity: 0,
      RetirementAPC: 0,
      ThirdParty: 'tNO',
      PoNum: null,
      PoItmNum: null,
      ExpenseType: null,
      ReceiptNumber: null,
      ExpenseOperationType: null,
      FederalTaxID: null,
      GrossProfit: 266.68,
      GrossProfitFC: 386685,
      GrossProfitSC: 386685,
      PriceSource: 'dpsManual',
      StgSeqNum: null,
      StgEntry: null,
      StgDesc: null,
      UoMEntry: 1,
      UoMCode: 'PCS',
      InventoryQuantity: 65,
      RemainingOpenInventoryQuantity: 65,
      ParentLineNum: null,
      Incoterms: 0,
      TransportMode: 0,
      NatureOfTransaction: null,
      DestinationCountryForImport: null,
      DestinationRegionForImport: null,
      OriginCountryForExport: null,
      OriginRegionForExport: null,
      ItemType: 'dit_Item',
      ChangeInventoryQuantityIndependently: 'tNO',
      FreeOfChargeBP: 'tNO',
      SACEntry: null,
      HSNEntry: null,
      GrossPrice: 6500,
      GrossTotal: 291.38,
      GrossTotalFC: 422500,
      GrossTotalSC: 422500,
      NCMCode: -1,
      NVECode: null,
      IndEscala: 'tNO',
      CtrSealQty: 0,
      CNJPMan: null,
      CESTCode: null,
      UFFiscalBenefitCode: null,
      ReverseCharge: 'tNO',
      ShipToCode: null,
      ShipToDescription: '',
      OwnerCode: null,
      ExternalCalcTaxRate: 0,
      ExternalCalcTaxAmount: 0,
      ExternalCalcTaxAmountFC: 0,
      ExternalCalcTaxAmountSC: 0,
      StandardItemIdentification: null,
      CommodityClassification: null,
      UnencumberedReason: null,
      CUSplit: 'tNO',
      U_ST_DelDate: null,
      U_ST_ShipStatus: 'U',
      U_ST_SalePrice: 0,
      U_ST_Text: null,
      U_ST_TerritL: null,
      U_ST_WhsName: null,
      U_ST_WhsNameTo: null,
      U_Vol: 0,
      U_UOM: null,
      U_U_PARTNO: null,
      LineTaxJurisdictions: [],
      DocumentLineAdditionalExpenses: [],
      WithholdingTaxLines: [],
      SerialNumbers: [],
      BatchNumbers: [],
      DocumentLinesBinAllocations: []
    },
    {
      LineNum: 1,
      ItemCode: 'OPP00039',
      ItemDescription: 'OPPLE Downlight LED HS SRF RC-R70-4.5W-3000K-WH-GP',
      Quantity: 60,
      ShipDate: '2026-09-27',
      Price: 5500,
      PriceAfterVAT: 5500,
      Currency: 'IQD',
      Rate: 1450,
      DiscountPercent: 0,
      VendorNum: null,
      SerialNum: null,
      WarehouseCode: 'KRA001',
      SalesPersonCode: 74,
      CommisionPercent: 0,
      TreeType: 'iNotATree',
      AccountCode: '411010001',
      UseBaseUnits: 'tNO',
      SupplierCatNum: null,
      CostingCode: null,
      ProjectCode: null,
      BarCode: '',
      VatGroup: 'X0',
      Height1: 0,
      Hight1Unit: null,
      Height2: 0,
      Height2Unit: null,
      Lengh1: 0,
      Lengh1Unit: null,
      Lengh2: 0,
      Lengh2Unit: null,
      Weight1: 0,
      Weight1Unit: null,
      Weight2: 0,
      Weight2Unit: null,
      Factor1: 1,
      Factor2: 1,
      Factor3: 1,
      Factor4: 1,
      BaseType: -1,
      BaseEntry: null,
      BaseLine: null,
      Volume: 0.036,
      VolumeUnit: 4,
      Width1: 0,
      Width1Unit: null,
      Width2: 0,
      Width2Unit: null,
      Address: '',
      TaxCode: null,
      TaxType: 'tt_Yes',
      TaxLiable: 'tYES',
      PickStatus: 'tNO',
      PickQuantity: 0,
      PickListIdNumber: null,
      OriginalItem: null,
      BackOrder: 'tYES',
      FreeText: '',
      ShippingMethod: 1,
      POTargetNum: null,
      POTargetEntry: null,
      POTargetRowNum: null,
      CorrectionInvoiceItem: 'ciis_ShouldBe',
      CorrInvAmountToStock: 0,
      CorrInvAmountToDiffAcct: 0,
      AppliedTax: 0,
      AppliedTaxFC: 0,
      AppliedTaxSC: 0,
      WTLiable: 'tNO',
      DeferredTax: 'tNO',
      EqualizationTaxPercent: 0,
      TotalEqualizationTax: 0,
      TotalEqualizationTaxFC: 0,
      TotalEqualizationTaxSC: 0,
      NetTaxAmount: 0,
      NetTaxAmountFC: 0,
      NetTaxAmountSC: 0,
      MeasureUnit: 'PCS',
      UnitsOfMeasurment: 1,
      LineTotal: 227.59,
      TaxPercentagePerRow: 0,
      TaxTotal: 0,
      ConsumerSalesForecast: 'tYES',
      ExciseAmount: 0,
      TaxPerUnit: 0,
      TotalInclTax: 0,
      CountryOrg: null,
      SWW: '2001327',
      TransactionType: null,
      DistributeExpense: 'tYES',
      RowTotalFC: 330000,
      RowTotalSC: 330000,
      LastBuyInmPrice: 0,
      LastBuyDistributeSumFc: 0,
      LastBuyDistributeSumSc: 0,
      LastBuyDistributeSum: 0,
      StockDistributesumForeign: 0,
      StockDistributesumSystem: 0,
      StockDistributesum: 0,
      StockInmPrice: 0,
      PickStatusEx: 'dlps_NotPicked',
      TaxBeforeDPM: 0,
      TaxBeforeDPMFC: 0,
      TaxBeforeDPMSC: 0,
      CFOPCode: null,
      CSTCode: null,
      Usage: null,
      TaxOnly: 'tNO',
      VisualOrder: 1,
      BaseOpenQuantity: 0,
      UnitPrice: 5500,
      LineStatus: 'bost_Open',
      PackageQuantity: 60,
      Text: '',
      LineType: 'dlt_Regular',
      COGSCostingCode: null,
      COGSAccountCode: '511010001',
      ChangeAssemlyBoMWarehouse: 'N',
      GrossBuyPrice: 1.65,
      GrossBase: -5,
      GrossProfitTotalBasePrice: 99.16,
      CostingCode2: null,
      CostingCode3: null,
      CostingCode4: null,
      CostingCode5: null,
      ItemDetails: null,
      LocationCode: null,
      ActualDeliveryDate: null,
      RemainingOpenQuantity: 60,
      OpenAmount: 227.59,
      OpenAmountFC: 330000,
      OpenAmountSC: 330000,
      ExLineNo: null,
      RequiredDate: null,
      RequiredQuantity: 0,
      COGSCostingCode2: null,
      COGSCostingCode3: null,
      COGSCostingCode4: null,
      COGSCostingCode5: null,
      CSTforIPI: null,
      CSTforPIS: null,
      CSTforCOFINS: null,
      CreditOriginCode: null,
      WithoutInventoryMovement: 'tNO',
      AgreementNo: null,
      AgreementRowNumber: null,
      ActualBaseEntry: null,
      ActualBaseLine: null,
      DocEntry: 281876,
      Surpluses: 0,
      DefectAndBreakup: 0,
      Shortages: 0,
      ConsiderQuantity: 'tNO',
      PartialRetirement: 'tNO',
      RetirementQuantity: 0,
      RetirementAPC: 0,
      ThirdParty: 'tNO',
      PoNum: null,
      PoItmNum: null,
      ExpenseType: null,
      ReceiptNumber: null,
      ExpenseOperationType: null,
      FederalTaxID: null,
      GrossProfit: 128.43,
      GrossProfitFC: 186218,
      GrossProfitSC: 186218,
      PriceSource: 'dpsManual',
      StgSeqNum: null,
      StgEntry: null,
      StgDesc: null,
      UoMEntry: 1,
      UoMCode: 'PCS',
      InventoryQuantity: 60,
      RemainingOpenInventoryQuantity: 60,
      ParentLineNum: null,
      Incoterms: 0,
      TransportMode: 0,
      NatureOfTransaction: null,
      DestinationCountryForImport: null,
      DestinationRegionForImport: null,
      OriginCountryForExport: null,
      OriginRegionForExport: null,
      ItemType: 'dit_Item',
      ChangeInventoryQuantityIndependently: 'tNO',
      FreeOfChargeBP: 'tNO',
      SACEntry: null,
      HSNEntry: null,
      GrossPrice: 5500,
      GrossTotal: 227.59,
      GrossTotalFC: 330000,
      GrossTotalSC: 330000,
      NCMCode: -1,
      NVECode: null,
      IndEscala: 'tNO',
      CtrSealQty: 0,
      CNJPMan: null,
      CESTCode: null,
      UFFiscalBenefitCode: null,
      ReverseCharge: 'tNO',
      ShipToCode: null,
      ShipToDescription: '',
      OwnerCode: null,
      ExternalCalcTaxRate: 0,
      ExternalCalcTaxAmount: 0,
      ExternalCalcTaxAmountFC: 0,
      ExternalCalcTaxAmountSC: 0,
      StandardItemIdentification: null,
      CommodityClassification: null,
      UnencumberedReason: null,
      CUSplit: 'tNO',
      U_ST_DelDate: null,
      U_ST_ShipStatus: 'U',
      U_ST_SalePrice: 0,
      U_ST_Text: null,
      U_ST_TerritL: null,
      U_ST_WhsName: null,
      U_ST_WhsNameTo: null,
      U_Vol: 0,
      U_UOM: null,
      U_U_PARTNO: null,
      LineTaxJurisdictions: [],
      DocumentLineAdditionalExpenses: [],
      WithholdingTaxLines: [],
      SerialNumbers: [],
      BatchNumbers: [],
      DocumentLinesBinAllocations: []
    },
    {
      LineNum: 2,
      ItemCode: 'LEG00636',
      ItemDescription: 'LEGRAND Synergy™ - Single push switch - 1 gang - 2 way bell symbol - 10 AX 250 V~ - WHITE',
      Quantity: 1,
      ShipDate: '2026-09-27',
      Price: 4500,
      PriceAfterVAT: 4500,
      Currency: 'IQD',
      Rate: 1450,
      DiscountPercent: 0,
      VendorNum: null,
      SerialNum: null,
      WarehouseCode: 'KRA001',
      SalesPersonCode: 74,
      CommisionPercent: 0,
      TreeType: 'iNotATree',
      AccountCode: '411010001',
      UseBaseUnits: 'tNO',
      SupplierCatNum: null,
      CostingCode: null,
      ProjectCode: null,
      BarCode: '',
      VatGroup: 'X0',
      Height1: 0,
      Hight1Unit: null,
      Height2: 0,
      Height2Unit: null,
      Lengh1: 0,
      Lengh1Unit: null,
      Lengh2: 0,
      Lengh2Unit: null,
      Weight1: 0,
      Weight1Unit: null,
      Weight2: 0,
      Weight2Unit: null,
      Factor1: 1,
      Factor2: 1,
      Factor3: 1,
      Factor4: 1,
      BaseType: -1,
      BaseEntry: null,
      BaseLine: null,
      Volume: 0.00029,
      VolumeUnit: 4,
      Width1: 0,
      Width1Unit: null,
      Width2: 0,
      Width2Unit: null,
      Address: '',
      TaxCode: null,
      TaxType: 'tt_Yes',
      TaxLiable: 'tYES',
      PickStatus: 'tNO',
      PickQuantity: 0,
      PickListIdNumber: null,
      OriginalItem: null,
      BackOrder: 'tYES',
      FreeText: '',
      ShippingMethod: 1,
      POTargetNum: null,
      POTargetEntry: null,
      POTargetRowNum: null,
      CorrectionInvoiceItem: 'ciis_ShouldBe',
      CorrInvAmountToStock: 0,
      CorrInvAmountToDiffAcct: 0,
      AppliedTax: 0,
      AppliedTaxFC: 0,
      AppliedTaxSC: 0,
      WTLiable: 'tNO',
      DeferredTax: 'tNO',
      EqualizationTaxPercent: 0,
      TotalEqualizationTax: 0,
      TotalEqualizationTaxFC: 0,
      TotalEqualizationTaxSC: 0,
      NetTaxAmount: 0,
      NetTaxAmountFC: 0,
      NetTaxAmountSC: 0,
      MeasureUnit: 'PCS',
      UnitsOfMeasurment: 1,
      LineTotal: 3.1,
      TaxPercentagePerRow: 0,
      TaxTotal: 0,
      ConsumerSalesForecast: 'tYES',
      ExciseAmount: 0,
      TaxPerUnit: 0,
      TotalInclTax: 0,
      CountryOrg: null,
      SWW: '2000046',
      TransactionType: null,
      DistributeExpense: 'tYES',
      RowTotalFC: 4500,
      RowTotalSC: 4500,
      LastBuyInmPrice: 0,
      LastBuyDistributeSumFc: 0,
      LastBuyDistributeSumSc: 0,
      LastBuyDistributeSum: 0,
      StockDistributesumForeign: 0,
      StockDistributesumSystem: 0,
      StockDistributesum: 0,
      StockInmPrice: 0,
      PickStatusEx: 'dlps_NotPicked',
      TaxBeforeDPM: 0,
      TaxBeforeDPMFC: 0,
      TaxBeforeDPMSC: 0,
      CFOPCode: null,
      CSTCode: null,
      Usage: null,
      TaxOnly: 'tNO',
      VisualOrder: 2,
      BaseOpenQuantity: 0,
      UnitPrice: 4500,
      LineStatus: 'bost_Open',
      PackageQuantity: 1,
      Text: '',
      LineType: 'dlt_Regular',
      COGSCostingCode: null,
      COGSAccountCode: '511010001',
      ChangeAssemlyBoMWarehouse: 'N',
      GrossBuyPrice: 1.42,
      GrossBase: -5,
      GrossProfitTotalBasePrice: 1.42,
      CostingCode2: null,
      CostingCode3: null,
      CostingCode4: null,
      CostingCode5: null,
      ItemDetails: null,
      LocationCode: null,
      ActualDeliveryDate: null,
      RemainingOpenQuantity: 1,
      OpenAmount: 3.1,
      OpenAmountFC: 4500,
      OpenAmountSC: 4500,
      ExLineNo: null,
      RequiredDate: null,
      RequiredQuantity: 0,
      COGSCostingCode2: null,
      COGSCostingCode3: null,
      COGSCostingCode4: null,
      COGSCostingCode5: null,
      CSTforIPI: null,
      CSTforPIS: null,
      CSTforCOFINS: null,
      CreditOriginCode: null,
      WithoutInventoryMovement: 'tNO',
      AgreementNo: null,
      AgreementRowNumber: null,
      ActualBaseEntry: null,
      ActualBaseLine: null,
      DocEntry: 281876,
      Surpluses: 0,
      DefectAndBreakup: 0,
      Shortages: 0,
      ConsiderQuantity: 'tNO',
      PartialRetirement: 'tNO',
      RetirementQuantity: 0,
      RetirementAPC: 0,
      ThirdParty: 'tNO',
      PoNum: null,
      PoItmNum: null,
      ExpenseType: null,
      ReceiptNumber: null,
      ExpenseOperationType: null,
      FederalTaxID: null,
      GrossProfit: 1.68,
      GrossProfitFC: 2441,
      GrossProfitSC: 2441,
      PriceSource: 'dpsManual',
      StgSeqNum: null,
      StgEntry: null,
      StgDesc: null,
      UoMEntry: 1,
      UoMCode: 'PCS',
      InventoryQuantity: 1,
      RemainingOpenInventoryQuantity: 1,
      ParentLineNum: null,
      Incoterms: 0,
      TransportMode: 0,
      NatureOfTransaction: null,
      DestinationCountryForImport: null,
      DestinationRegionForImport: null,
      OriginCountryForExport: null,
      OriginRegionForExport: null,
      ItemType: 'dit_Item',
      ChangeInventoryQuantityIndependently: 'tNO',
      FreeOfChargeBP: 'tNO',
      SACEntry: null,
      HSNEntry: null,
      GrossPrice: 4500,
      GrossTotal: 3.1,
      GrossTotalFC: 4500,
      GrossTotalSC: 4500,
      NCMCode: -1,
      NVECode: null,
      IndEscala: 'tNO',
      CtrSealQty: 0,
      CNJPMan: null,
      CESTCode: null,
      UFFiscalBenefitCode: null,
      ReverseCharge: 'tNO',
      ShipToCode: null,
      ShipToDescription: '',
      OwnerCode: null,
      ExternalCalcTaxRate: 0,
      ExternalCalcTaxAmount: 0,
      ExternalCalcTaxAmountFC: 0,
      ExternalCalcTaxAmountSC: 0,
      StandardItemIdentification: null,
      CommodityClassification: null,
      UnencumberedReason: null,
      CUSplit: 'tNO',
      U_ST_DelDate: null,
      U_ST_ShipStatus: 'U',
      U_ST_SalePrice: 0,
      U_ST_Text: null,
      U_ST_TerritL: null,
      U_ST_WhsName: null,
      U_ST_WhsNameTo: null,
      U_Vol: 0,
      U_UOM: null,
      U_U_PARTNO: null,
      LineTaxJurisdictions: [],
      DocumentLineAdditionalExpenses: [],
      WithholdingTaxLines: [],
      SerialNumbers: [],
      BatchNumbers: [],
      DocumentLinesBinAllocations: []
    },
    {
      LineNum: 3,
      ItemCode: 'LEG00699',
      ItemDescription: 'LEGRAND MCB RX3 1P C63 6000A',
      Quantity: 2,
      ShipDate: '2026-09-27',
      Price: 8000,
      PriceAfterVAT: 8000,
      Currency: 'IQD',
      Rate: 1450,
      DiscountPercent: 0,
      VendorNum: null,
      SerialNum: null,
      WarehouseCode: 'KRA001',
      SalesPersonCode: 74,
      CommisionPercent: 0,
      TreeType: 'iNotATree',
      AccountCode: '411010001',
      UseBaseUnits: 'tNO',
      SupplierCatNum: null,
      CostingCode: null,
      ProjectCode: null,
      BarCode: '',
      VatGroup: 'X0',
      Height1: 0,
      Hight1Unit: null,
      Height2: 0,
      Height2Unit: null,
      Lengh1: 0,
      Lengh1Unit: null,
      Lengh2: 0,
      Lengh2Unit: null,
      Weight1: 0,
      Weight1Unit: null,
      Weight2: 0,
      Weight2Unit: null,
      Factor1: 1,
      Factor2: 1,
      Factor3: 1,
      Factor4: 1,
      BaseType: -1,
      BaseEntry: null,
      BaseLine: null,
      Volume: 0.0003,
      VolumeUnit: 4,
      Width1: 0,
      Width1Unit: null,
      Width2: 0,
      Width2Unit: null,
      Address: '',
      TaxCode: null,
      TaxType: 'tt_Yes',
      TaxLiable: 'tYES',
      PickStatus: 'tNO',
      PickQuantity: 0,
      PickListIdNumber: null,
      OriginalItem: null,
      BackOrder: 'tYES',
      FreeText: '',
      ShippingMethod: 1,
      POTargetNum: null,
      POTargetEntry: null,
      POTargetRowNum: null,
      CorrectionInvoiceItem: 'ciis_ShouldBe',
      CorrInvAmountToStock: 0,
      CorrInvAmountToDiffAcct: 0,
      AppliedTax: 0,
      AppliedTaxFC: 0,
      AppliedTaxSC: 0,
      WTLiable: 'tNO',
      DeferredTax: 'tNO',
      EqualizationTaxPercent: 0,
      TotalEqualizationTax: 0,
      TotalEqualizationTaxFC: 0,
      TotalEqualizationTaxSC: 0,
      NetTaxAmount: 0,
      NetTaxAmountFC: 0,
      NetTaxAmountSC: 0,
      MeasureUnit: 'PCS',
      UnitsOfMeasurment: 1,
      LineTotal: 11.03,
      TaxPercentagePerRow: 0,
      TaxTotal: 0,
      ConsumerSalesForecast: 'tYES',
      ExciseAmount: 0,
      TaxPerUnit: 0,
      TotalInclTax: 0,
      CountryOrg: null,
      SWW: '2000636',
      TransactionType: null,
      DistributeExpense: 'tYES',
      RowTotalFC: 16000,
      RowTotalSC: 16000,
      LastBuyInmPrice: 0,
      LastBuyDistributeSumFc: 0,
      LastBuyDistributeSumSc: 0,
      LastBuyDistributeSum: 0,
      StockDistributesumForeign: 0,
      StockDistributesumSystem: 0,
      StockDistributesum: 0,
      StockInmPrice: 0,
      PickStatusEx: 'dlps_NotPicked',
      TaxBeforeDPM: 0,
      TaxBeforeDPMFC: 0,
      TaxBeforeDPMSC: 0,
      CFOPCode: null,
      CSTCode: null,
      Usage: null,
      TaxOnly: 'tNO',
      VisualOrder: 3,
      BaseOpenQuantity: 0,
      UnitPrice: 8000,
      LineStatus: 'bost_Open',
      PackageQuantity: 2,
      Text: '',
      LineType: 'dlt_Regular',
      COGSCostingCode: null,
      COGSAccountCode: '511010001',
      ChangeAssemlyBoMWarehouse: 'N',
      GrossBuyPrice: 2.06,
      GrossBase: -5,
      GrossProfitTotalBasePrice: 4.11,
      CostingCode2: null,
      CostingCode3: null,
      CostingCode4: null,
      CostingCode5: null,
      ItemDetails: null,
      LocationCode: null,
      ActualDeliveryDate: null,
      RemainingOpenQuantity: 2,
      OpenAmount: 11.03,
      OpenAmountFC: 16000,
      OpenAmountSC: 16000,
      ExLineNo: null,
      RequiredDate: null,
      RequiredQuantity: 0,
      COGSCostingCode2: null,
      COGSCostingCode3: null,
      COGSCostingCode4: null,
      COGSCostingCode5: null,
      CSTforIPI: null,
      CSTforPIS: null,
      CSTforCOFINS: null,
      CreditOriginCode: null,
      WithoutInventoryMovement: 'tNO',
      AgreementNo: null,
      AgreementRowNumber: null,
      ActualBaseEntry: null,
      ActualBaseLine: null,
      DocEntry: 281876,
      Surpluses: 0,
      DefectAndBreakup: 0,
      Shortages: 0,
      ConsiderQuantity: 'tNO',
      PartialRetirement: 'tNO',
      RetirementQuantity: 0,
      RetirementAPC: 0,
      ThirdParty: 'tNO',
      PoNum: null,
      PoItmNum: null,
      ExpenseType: null,
      ReceiptNumber: null,
      ExpenseOperationType: null,
      FederalTaxID: null,
      GrossProfit: 6.92,
      GrossProfitFC: 10040.5,
      GrossProfitSC: 10040.5,
      PriceSource: 'dpsManual',
      StgSeqNum: null,
      StgEntry: null,
      StgDesc: null,
      UoMEntry: 1,
      UoMCode: 'PCS',
      InventoryQuantity: 2,
      RemainingOpenInventoryQuantity: 2,
      ParentLineNum: null,
      Incoterms: 0,
      TransportMode: 0,
      NatureOfTransaction: null,
      DestinationCountryForImport: null,
      DestinationRegionForImport: null,
      OriginCountryForExport: null,
      OriginRegionForExport: null,
      ItemType: 'dit_Item',
      ChangeInventoryQuantityIndependently: 'tNO',
      FreeOfChargeBP: 'tNO',
      SACEntry: null,
      HSNEntry: null,
      GrossPrice: 8000,
      GrossTotal: 11.03,
      GrossTotalFC: 16000,
      GrossTotalSC: 16000,
      NCMCode: -1,
      NVECode: null,
      IndEscala: 'tNO',
      CtrSealQty: 0,
      CNJPMan: null,
      CESTCode: null,
      UFFiscalBenefitCode: null,
      ReverseCharge: 'tNO',
      ShipToCode: null,
      ShipToDescription: '',
      OwnerCode: null,
      ExternalCalcTaxRate: 0,
      ExternalCalcTaxAmount: 0,
      ExternalCalcTaxAmountFC: 0,
      ExternalCalcTaxAmountSC: 0,
      StandardItemIdentification: null,
      CommodityClassification: null,
      UnencumberedReason: null,
      CUSplit: 'tNO',
      U_ST_DelDate: null,
      U_ST_ShipStatus: 'U',
      U_ST_SalePrice: 0,
      U_ST_Text: null,
      U_ST_TerritL: null,
      U_ST_WhsName: null,
      U_ST_WhsNameTo: null,
      U_Vol: 0,
      U_UOM: null,
      U_U_PARTNO: null,
      LineTaxJurisdictions: [],
      DocumentLineAdditionalExpenses: [],
      WithholdingTaxLines: [],
      SerialNumbers: [],
      BatchNumbers: [],
      DocumentLinesBinAllocations: []
    },
    {
      LineNum: 4,
      ItemCode: 'LEG00408',
      ItemDescription: 'LEGRAND MCB RX3 1P C32 6000A',
      Quantity: 35,
      ShipDate: '2026-09-27',
      Price: 4750,
      PriceAfterVAT: 4750,
      Currency: 'IQD',
      Rate: 1450,
      DiscountPercent: 0,
      VendorNum: null,
      SerialNum: null,
      WarehouseCode: 'KRA001',
      SalesPersonCode: 74,
      CommisionPercent: 0,
      TreeType: 'iNotATree',
      AccountCode: '411010001',
      UseBaseUnits: 'tNO',
      SupplierCatNum: null,
      CostingCode: null,
      ProjectCode: null,
      BarCode: '',
      VatGroup: 'X0',
      Height1: 0,
      Hight1Unit: null,
      Height2: 0,
      Height2Unit: null,
      Lengh1: 0,
      Lengh1Unit: null,
      Lengh2: 0,
      Lengh2Unit: null,
      Weight1: 0,
      Weight1Unit: null,
      Weight2: 0,
      Weight2Unit: null,
      Factor1: 1,
      Factor2: 1,
      Factor3: 1,
      Factor4: 1,
      BaseType: -1,
      BaseEntry: null,
      BaseLine: null,
      Volume: 0.00525,
      VolumeUnit: 4,
      Width1: 0,
      Width1Unit: null,
      Width2: 0,
      Width2Unit: null,
      Address: '',
      TaxCode: null,
      TaxType: 'tt_Yes',
      TaxLiable: 'tYES',
      PickStatus: 'tNO',
      PickQuantity: 0,
      PickListIdNumber: null,
      OriginalItem: null,
      BackOrder: 'tYES',
      FreeText: '',
      ShippingMethod: 1,
      POTargetNum: null,
      POTargetEntry: null,
      POTargetRowNum: null,
      CorrectionInvoiceItem: 'ciis_ShouldBe',
      CorrInvAmountToStock: 0,
      CorrInvAmountToDiffAcct: 0,
      AppliedTax: 0,
      AppliedTaxFC: 0,
      AppliedTaxSC: 0,
      WTLiable: 'tNO',
      DeferredTax: 'tNO',
      EqualizationTaxPercent: 0,
      TotalEqualizationTax: 0,
      TotalEqualizationTaxFC: 0,
      TotalEqualizationTaxSC: 0,
      NetTaxAmount: 0,
      NetTaxAmountFC: 0,
      NetTaxAmountSC: 0,
      MeasureUnit: 'PCS',
      UnitsOfMeasurment: 1,
      LineTotal: 114.66,
      TaxPercentagePerRow: 0,
      TaxTotal: 0,
      ConsumerSalesForecast: 'tYES',
      ExciseAmount: 0,
      TaxPerUnit: 0,
      TotalInclTax: 0,
      CountryOrg: null,
      SWW: '2002114',
      TransactionType: null,
      DistributeExpense: 'tYES',
      RowTotalFC: 166250,
      RowTotalSC: 166250,
      LastBuyInmPrice: 0,
      LastBuyDistributeSumFc: 0,
      LastBuyDistributeSumSc: 0,
      LastBuyDistributeSum: 0,
      StockDistributesumForeign: 0,
      StockDistributesumSystem: 0,
      StockDistributesum: 0,
      StockInmPrice: 0,
      PickStatusEx: 'dlps_NotPicked',
      TaxBeforeDPM: 0,
      TaxBeforeDPMFC: 0,
      TaxBeforeDPMSC: 0,
      CFOPCode: null,
      CSTCode: null,
      Usage: null,
      TaxOnly: 'tNO',
      VisualOrder: 4,
      BaseOpenQuantity: 0,
      UnitPrice: 4750,
      LineStatus: 'bost_Open',
      PackageQuantity: 35,
      Text: '',
      LineType: 'dlt_Regular',
      COGSCostingCode: null,
      COGSAccountCode: '511010001',
      ChangeAssemlyBoMWarehouse: 'N',
      GrossBuyPrice: 1.64,
      GrossBase: -5,
      GrossProfitTotalBasePrice: 57.55,
      CostingCode2: null,
      CostingCode3: null,
      CostingCode4: null,
      CostingCode5: null,
      ItemDetails: null,
      LocationCode: null,
      ActualDeliveryDate: null,
      RemainingOpenQuantity: 35,
      OpenAmount: 114.66,
      OpenAmountFC: 166250,
      OpenAmountSC: 166250,
      ExLineNo: null,
      RequiredDate: null,
      RequiredQuantity: 0,
      COGSCostingCode2: null,
      COGSCostingCode3: null,
      COGSCostingCode4: null,
      COGSCostingCode5: null,
      CSTforIPI: null,
      CSTforPIS: null,
      CSTforCOFINS: null,
      CreditOriginCode: null,
      WithoutInventoryMovement: 'tNO',
      AgreementNo: null,
      AgreementRowNumber: null,
      ActualBaseEntry: null,
      ActualBaseLine: null,
      DocEntry: 281876,
      Surpluses: 0,
      DefectAndBreakup: 0,
      Shortages: 0,
      ConsiderQuantity: 'tNO',
      PartialRetirement: 'tNO',
      RetirementQuantity: 0,
      RetirementAPC: 0,
      ThirdParty: 'tNO',
      PoNum: null,
      PoItmNum: null,
      ExpenseType: null,
      ReceiptNumber: null,
      ExpenseOperationType: null,
      FederalTaxID: null,
      GrossProfit: 57.11,
      GrossProfitFC: 82802.5,
      GrossProfitSC: 82802.5,
      PriceSource: 'dpsManual',
      StgSeqNum: null,
      StgEntry: null,
      StgDesc: null,
      UoMEntry: 1,
      UoMCode: 'PCS',
      InventoryQuantity: 35,
      RemainingOpenInventoryQuantity: 35,
      ParentLineNum: null,
      Incoterms: 0,
      TransportMode: 0,
      NatureOfTransaction: null,
      DestinationCountryForImport: null,
      DestinationRegionForImport: null,
      OriginCountryForExport: null,
      OriginRegionForExport: null,
      ItemType: 'dit_Item',
      ChangeInventoryQuantityIndependently: 'tNO',
      FreeOfChargeBP: 'tNO',
      SACEntry: null,
      HSNEntry: null,
      GrossPrice: 4750,
      GrossTotal: 114.66,
      GrossTotalFC: 166250,
      GrossTotalSC: 166250,
      NCMCode: -1,
      NVECode: null,
      IndEscala: 'tNO',
      CtrSealQty: 0,
      CNJPMan: null,
      CESTCode: null,
      UFFiscalBenefitCode: null,
      ReverseCharge: 'tNO',
      ShipToCode: null,
      ShipToDescription: '',
      OwnerCode: null,
      ExternalCalcTaxRate: 0,
      ExternalCalcTaxAmount: 0,
      ExternalCalcTaxAmountFC: 0,
      ExternalCalcTaxAmountSC: 0,
      StandardItemIdentification: null,
      CommodityClassification: null,
      UnencumberedReason: null,
      CUSplit: 'tNO',
      U_ST_DelDate: null,
      U_ST_ShipStatus: 'U',
      U_ST_SalePrice: 0,
      U_ST_Text: null,
      U_ST_TerritL: null,
      U_ST_WhsName: null,
      U_ST_WhsNameTo: null,
      U_Vol: 0,
      U_UOM: null,
      U_U_PARTNO: null,
      LineTaxJurisdictions: [],
      DocumentLineAdditionalExpenses: [],
      WithholdingTaxLines: [],
      SerialNumbers: [],
      BatchNumbers: [],
      DocumentLinesBinAllocations: []
    },
    {
      LineNum: 5,
      ItemCode: 'LEG00604',
      ItemDescription: 'LEGRAND Synergy™ - Single pole switch - 1 gang - 1 way - 10 AX 250 V~ - WHITE',
      Quantity: 10,
      ShipDate: '2026-09-27',
      Price: 4500,
      PriceAfterVAT: 4500,
      Currency: 'IQD',
      Rate: 1450,
      DiscountPercent: 0,
      VendorNum: null,
      SerialNum: null,
      WarehouseCode: 'KRA001',
      SalesPersonCode: 74,
      CommisionPercent: 0,
      TreeType: 'iNotATree',
      AccountCode: '411010001',
      UseBaseUnits: 'tNO',
      SupplierCatNum: null,
      CostingCode: null,
      ProjectCode: null,
      BarCode: '',
      VatGroup: 'X0',
      Height1: 0,
      Hight1Unit: null,
      Height2: 0,
      Height2Unit: null,
      Lengh1: 0,
      Lengh1Unit: null,
      Lengh2: 0,
      Lengh2Unit: null,
      Weight1: 0,
      Weight1Unit: null,
      Weight2: 0,
      Weight2Unit: null,
      Factor1: 1,
      Factor2: 1,
      Factor3: 1,
      Factor4: 1,
      BaseType: -1,
      BaseEntry: null,
      BaseLine: null,
      Volume: 0.0029,
      VolumeUnit: 4,
      Width1: 0,
      Width1Unit: null,
      Width2: 0,
      Width2Unit: null,
      Address: '',
      TaxCode: null,
      TaxType: 'tt_Yes',
      TaxLiable: 'tYES',
      PickStatus: 'tNO',
      PickQuantity: 0,
      PickListIdNumber: null,
      OriginalItem: null,
      BackOrder: 'tYES',
      FreeText: '',
      ShippingMethod: 1,
      POTargetNum: null,
      POTargetEntry: null,
      POTargetRowNum: null,
      CorrectionInvoiceItem: 'ciis_ShouldBe',
      CorrInvAmountToStock: 0,
      CorrInvAmountToDiffAcct: 0,
      AppliedTax: 0,
      AppliedTaxFC: 0,
      AppliedTaxSC: 0,
      WTLiable: 'tNO',
      DeferredTax: 'tNO',
      EqualizationTaxPercent: 0,
      TotalEqualizationTax: 0,
      TotalEqualizationTaxFC: 0,
      TotalEqualizationTaxSC: 0,
      NetTaxAmount: 0,
      NetTaxAmountFC: 0,
      NetTaxAmountSC: 0,
      MeasureUnit: 'PCS',
      UnitsOfMeasurment: 1,
      LineTotal: 31.03,
      TaxPercentagePerRow: 0,
      TaxTotal: 0,
      ConsumerSalesForecast: 'tYES',
      ExciseAmount: 0,
      TaxPerUnit: 0,
      TotalInclTax: 0,
      CountryOrg: null,
      SWW: '2000231',
      TransactionType: null,
      DistributeExpense: 'tYES',
      RowTotalFC: 45000,
      RowTotalSC: 45000,
      LastBuyInmPrice: 0,
      LastBuyDistributeSumFc: 0,
      LastBuyDistributeSumSc: 0,
      LastBuyDistributeSum: 0,
      StockDistributesumForeign: 0,
      StockDistributesumSystem: 0,
      StockDistributesum: 0,
      StockInmPrice: 0,
      PickStatusEx: 'dlps_NotPicked',
      TaxBeforeDPM: 0,
      TaxBeforeDPMFC: 0,
      TaxBeforeDPMSC: 0,
      CFOPCode: null,
      CSTCode: null,
      Usage: null,
      TaxOnly: 'tNO',
      VisualOrder: 5,
      BaseOpenQuantity: 0,
      UnitPrice: 4500,
      LineStatus: 'bost_Open',
      PackageQuantity: 10,
      Text: '',
      LineType: 'dlt_Regular',
      COGSCostingCode: null,
      COGSAccountCode: '511010001',
      ChangeAssemlyBoMWarehouse: 'N',
      GrossBuyPrice: 1.32,
      GrossBase: -5,
      GrossProfitTotalBasePrice: 13.19,
      CostingCode2: null,
      CostingCode3: null,
      CostingCode4: null,
      CostingCode5: null,
      ItemDetails: null,
      LocationCode: null,
      ActualDeliveryDate: null,
      RemainingOpenQuantity: 10,
      OpenAmount: 31.03,
      OpenAmountFC: 45000,
      OpenAmountSC: 45000,
      ExLineNo: null,
      RequiredDate: null,
      RequiredQuantity: 0,
      COGSCostingCode2: null,
      COGSCostingCode3: null,
      COGSCostingCode4: null,
      COGSCostingCode5: null,
      CSTforIPI: null,
      CSTforPIS: null,
      CSTforCOFINS: null,
      CreditOriginCode: null,
      WithoutInventoryMovement: 'tNO',
      AgreementNo: null,
      AgreementRowNumber: null,
      ActualBaseEntry: null,
      ActualBaseLine: null,
      DocEntry: 281876,
      Surpluses: 0,
      DefectAndBreakup: 0,
      Shortages: 0,
      ConsiderQuantity: 'tNO',
      PartialRetirement: 'tNO',
      RetirementQuantity: 0,
      RetirementAPC: 0,
      ThirdParty: 'tNO',
      PoNum: null,
      PoItmNum: null,
      ExpenseType: null,
      ReceiptNumber: null,
      ExpenseOperationType: null,
      FederalTaxID: null,
      GrossProfit: 17.84,
      GrossProfitFC: 25874.5,
      GrossProfitSC: 25874.5,
      PriceSource: 'dpsManual',
      StgSeqNum: null,
      StgEntry: null,
      StgDesc: null,
      UoMEntry: 1,
      UoMCode: 'PCS',
      InventoryQuantity: 10,
      RemainingOpenInventoryQuantity: 10,
      ParentLineNum: null,
      Incoterms: 0,
      TransportMode: 0,
      NatureOfTransaction: null,
      DestinationCountryForImport: null,
      DestinationRegionForImport: null,
      OriginCountryForExport: null,
      OriginRegionForExport: null,
      ItemType: 'dit_Item',
      ChangeInventoryQuantityIndependently: 'tNO',
      FreeOfChargeBP: 'tNO',
      SACEntry: null,
      HSNEntry: null,
      GrossPrice: 4500,
      GrossTotal: 31.03,
      GrossTotalFC: 45000,
      GrossTotalSC: 45000,
      NCMCode: -1,
      NVECode: null,
      IndEscala: 'tNO',
      CtrSealQty: 0,
      CNJPMan: null,
      CESTCode: null,
      UFFiscalBenefitCode: null,
      ReverseCharge: 'tNO',
      ShipToCode: null,
      ShipToDescription: '',
      OwnerCode: null,
      ExternalCalcTaxRate: 0,
      ExternalCalcTaxAmount: 0,
      ExternalCalcTaxAmountFC: 0,
      ExternalCalcTaxAmountSC: 0,
      StandardItemIdentification: null,
      CommodityClassification: null,
      UnencumberedReason: null,
      CUSplit: 'tNO',
      U_ST_DelDate: null,
      U_ST_ShipStatus: 'U',
      U_ST_SalePrice: 0,
      U_ST_Text: null,
      U_ST_TerritL: null,
      U_ST_WhsName: null,
      U_ST_WhsNameTo: null,
      U_Vol: 0,
      U_UOM: null,
      U_U_PARTNO: null,
      LineTaxJurisdictions: [],
      DocumentLineAdditionalExpenses: [],
      WithholdingTaxLines: [],
      SerialNumbers: [],
      BatchNumbers: [],
      DocumentLinesBinAllocations: []
    },
    {
      LineNum: 6,
      ItemCode: 'LEG00669',
      ItemDescription: 'LEGRAND Synergy™ - Single pole switch - 2 gang - 1 way - 10 AX 250 V~ - WHITE',
      Quantity: 10,
      ShipDate: '2026-09-27',
      Price: 6000,
      PriceAfterVAT: 6000,
      Currency: 'IQD',
      Rate: 1450,
      DiscountPercent: 0,
      VendorNum: null,
      SerialNum: null,
      WarehouseCode: 'KRA001',
      SalesPersonCode: 74,
      CommisionPercent: 0,
      TreeType: 'iNotATree',
      AccountCode: '411010001',
      UseBaseUnits: 'tNO',
      SupplierCatNum: null,
      CostingCode: null,
      ProjectCode: null,
      BarCode: '',
      VatGroup: 'X0',
      Height1: 0,
      Hight1Unit: null,
      Height2: 0,
      Height2Unit: null,
      Lengh1: 0,
      Lengh1Unit: null,
      Lengh2: 0,
      Lengh2Unit: null,
      Weight1: 0,
      Weight1Unit: null,
      Weight2: 0,
      Weight2Unit: null,
      Factor1: 1,
      Factor2: 1,
      Factor3: 1,
      Factor4: 1,
      BaseType: -1,
      BaseEntry: null,
      BaseLine: null,
      Volume: 0.0015,
      VolumeUnit: 4,
      Width1: 0,
      Width1Unit: null,
      Width2: 0,
      Width2Unit: null,
      Address: '',
      TaxCode: null,
      TaxType: 'tt_Yes',
      TaxLiable: 'tYES',
      PickStatus: 'tNO',
      PickQuantity: 0,
      PickListIdNumber: null,
      OriginalItem: null,
      BackOrder: 'tYES',
      FreeText: '',
      ShippingMethod: 1,
      POTargetNum: null,
      POTargetEntry: null,
      POTargetRowNum: null,
      CorrectionInvoiceItem: 'ciis_ShouldBe',
      CorrInvAmountToStock: 0,
      CorrInvAmountToDiffAcct: 0,
      AppliedTax: 0,
      AppliedTaxFC: 0,
      AppliedTaxSC: 0,
      WTLiable: 'tNO',
      DeferredTax: 'tNO',
      EqualizationTaxPercent: 0,
      TotalEqualizationTax: 0,
      TotalEqualizationTaxFC: 0,
      TotalEqualizationTaxSC: 0,
      NetTaxAmount: 0,
      NetTaxAmountFC: 0,
      NetTaxAmountSC: 0,
      MeasureUnit: 'PCS',
      UnitsOfMeasurment: 1,
      LineTotal: 41.38,
      TaxPercentagePerRow: 0,
      TaxTotal: 0,
      ConsumerSalesForecast: 'tYES',
      ExciseAmount: 0,
      TaxPerUnit: 0,
      TotalInclTax: 0,
      CountryOrg: null,
      SWW: '2000840',
      TransactionType: null,
      DistributeExpense: 'tYES',
      RowTotalFC: 60000,
      RowTotalSC: 60000,
      LastBuyInmPrice: 0,
      LastBuyDistributeSumFc: 0,
      LastBuyDistributeSumSc: 0,
      LastBuyDistributeSum: 0,
      StockDistributesumForeign: 0,
      StockDistributesumSystem: 0,
      StockDistributesum: 0,
      StockInmPrice: 0,
      PickStatusEx: 'dlps_NotPicked',
      TaxBeforeDPM: 0,
      TaxBeforeDPMFC: 0,
      TaxBeforeDPMSC: 0,
      CFOPCode: null,
      CSTCode: null,
      Usage: null,
      TaxOnly: 'tNO',
      VisualOrder: 6,
      BaseOpenQuantity: 0,
      UnitPrice: 6000,
      LineStatus: 'bost_Open',
      PackageQuantity: 10,
      Text: '',
      LineType: 'dlt_Regular',
      COGSCostingCode: null,
      COGSAccountCode: '511010001',
      ChangeAssemlyBoMWarehouse: 'N',
      GrossBuyPrice: 2.25,
      GrossBase: -5,
      GrossProfitTotalBasePrice: 22.53,
      CostingCode2: null,
      CostingCode3: null,
      CostingCode4: null,
      CostingCode5: null,
      ItemDetails: null,
      LocationCode: null,
      ActualDeliveryDate: null,
      RemainingOpenQuantity: 10,
      OpenAmount: 41.38,
      OpenAmountFC: 60000,
      OpenAmountSC: 60000,
      ExLineNo: null,
      RequiredDate: null,
      RequiredQuantity: 0,
      COGSCostingCode2: null,
      COGSCostingCode3: null,
      COGSCostingCode4: null,
      COGSCostingCode5: null,
      CSTforIPI: null,
      CSTforPIS: null,
      CSTforCOFINS: null,
      CreditOriginCode: null,
      WithoutInventoryMovement: 'tNO',
      AgreementNo: null,
      AgreementRowNumber: null,
      ActualBaseEntry: null,
      ActualBaseLine: null,
      DocEntry: 281876,
      Surpluses: 0,
      DefectAndBreakup: 0,
      Shortages: 0,
      ConsiderQuantity: 'tNO',
      PartialRetirement: 'tNO',
      RetirementQuantity: 0,
      RetirementAPC: 0,
      ThirdParty: 'tNO',
      PoNum: null,
      PoItmNum: null,
      ExpenseType: null,
      ReceiptNumber: null,
      ExpenseOperationType: null,
      FederalTaxID: null,
      GrossProfit: 18.85,
      GrossProfitFC: 27331.5,
      GrossProfitSC: 27331.5,
      PriceSource: 'dpsManual',
      StgSeqNum: null,
      StgEntry: null,
      StgDesc: null,
      UoMEntry: 1,
      UoMCode: 'PCS',
      InventoryQuantity: 10,
      RemainingOpenInventoryQuantity: 10,
      ParentLineNum: null,
      Incoterms: 0,
      TransportMode: 0,
      NatureOfTransaction: null,
      DestinationCountryForImport: null,
      DestinationRegionForImport: null,
      OriginCountryForExport: null,
      OriginRegionForExport: null,
      ItemType: 'dit_Item',
      ChangeInventoryQuantityIndependently: 'tNO',
      FreeOfChargeBP: 'tNO',
      SACEntry: null,
      HSNEntry: null,
      GrossPrice: 6000,
      GrossTotal: 41.38,
      GrossTotalFC: 60000,
      GrossTotalSC: 60000,
      NCMCode: -1,
      NVECode: null,
      IndEscala: 'tNO',
      CtrSealQty: 0,
      CNJPMan: null,
      CESTCode: null,
      UFFiscalBenefitCode: null,
      ReverseCharge: 'tNO',
      ShipToCode: null,
      ShipToDescription: '',
      OwnerCode: null,
      ExternalCalcTaxRate: 0,
      ExternalCalcTaxAmount: 0,
      ExternalCalcTaxAmountFC: 0,
      ExternalCalcTaxAmountSC: 0,
      StandardItemIdentification: null,
      CommodityClassification: null,
      UnencumberedReason: null,
      CUSplit: 'tNO',
      U_ST_DelDate: null,
      U_ST_ShipStatus: 'U',
      U_ST_SalePrice: 0,
      U_ST_Text: null,
      U_ST_TerritL: null,
      U_ST_WhsName: null,
      U_ST_WhsNameTo: null,
      U_Vol: 0,
      U_UOM: null,
      U_U_PARTNO: null,
      LineTaxJurisdictions: [],
      DocumentLineAdditionalExpenses: [],
      WithholdingTaxLines: [],
      SerialNumbers: [],
      BatchNumbers: [],
      DocumentLinesBinAllocations: []
    },
    {
      LineNum: 7,
      ItemCode: 'LEG00076',
      ItemDescription: 'LEGRAND Synergy™ - Single pole switch - 3 gang - 1 way - 10 AX 250 V~ - WHITE',
      Quantity: 7,
      ShipDate: '2026-09-27',
      Price: 7250,
      PriceAfterVAT: 7250,
      Currency: 'IQD',
      Rate: 1450,
      DiscountPercent: 0,
      VendorNum: null,
      SerialNum: null,
      WarehouseCode: 'KRA001',
      SalesPersonCode: 74,
      CommisionPercent: 0,
      TreeType: 'iNotATree',
      AccountCode: '411010001',
      UseBaseUnits: 'tNO',
      SupplierCatNum: null,
      CostingCode: null,
      ProjectCode: null,
      BarCode: '',
      VatGroup: 'X0',
      Height1: 0,
      Hight1Unit: null,
      Height2: 0,
      Height2Unit: null,
      Lengh1: 0,
      Lengh1Unit: null,
      Lengh2: 0,
      Lengh2Unit: null,
      Weight1: 0,
      Weight1Unit: null,
      Weight2: 0,
      Weight2Unit: null,
      Factor1: 1,
      Factor2: 1,
      Factor3: 1,
      Factor4: 1,
      BaseType: -1,
      BaseEntry: null,
      BaseLine: null,
      Volume: 0.00203,
      VolumeUnit: 4,
      Width1: 0,
      Width1Unit: null,
      Width2: 0,
      Width2Unit: null,
      Address: '',
      TaxCode: null,
      TaxType: 'tt_Yes',
      TaxLiable: 'tYES',
      PickStatus: 'tNO',
      PickQuantity: 0,
      PickListIdNumber: null,
      OriginalItem: null,
      BackOrder: 'tYES',
      FreeText: '',
      ShippingMethod: 1,
      POTargetNum: null,
      POTargetEntry: null,
      POTargetRowNum: null,
      CorrectionInvoiceItem: 'ciis_ShouldBe',
      CorrInvAmountToStock: 0,
      CorrInvAmountToDiffAcct: 0,
      AppliedTax: 0,
      AppliedTaxFC: 0,
      AppliedTaxSC: 0,
      WTLiable: 'tNO',
      DeferredTax: 'tNO',
      EqualizationTaxPercent: 0,
      TotalEqualizationTax: 0,
      TotalEqualizationTaxFC: 0,
      TotalEqualizationTaxSC: 0,
      NetTaxAmount: 0,
      NetTaxAmountFC: 0,
      NetTaxAmountSC: 0,
      MeasureUnit: 'PCS',
      UnitsOfMeasurment: 1,
      LineTotal: 35,
      TaxPercentagePerRow: 0,
      TaxTotal: 0,
      ConsumerSalesForecast: 'tYES',
      ExciseAmount: 0,
      TaxPerUnit: 0,
      TotalInclTax: 0,
      CountryOrg: null,
      SWW: '2001931',
      TransactionType: null,
      DistributeExpense: 'tYES',
      RowTotalFC: 50750,
      RowTotalSC: 50750,
      LastBuyInmPrice: 0,
      LastBuyDistributeSumFc: 0,
      LastBuyDistributeSumSc: 0,
      LastBuyDistributeSum: 0,
      StockDistributesumForeign: 0,
      StockDistributesumSystem: 0,
      StockDistributesum: 0,
      StockInmPrice: 0,
      PickStatusEx: 'dlps_NotPicked',
      TaxBeforeDPM: 0,
      TaxBeforeDPMFC: 0,
      TaxBeforeDPMSC: 0,
      CFOPCode: null,
      CSTCode: null,
      Usage: null,
      TaxOnly: 'tNO',
      VisualOrder: 7,
      BaseOpenQuantity: 0,
      UnitPrice: 7250,
      LineStatus: 'bost_Open',
      PackageQuantity: 7,
      Text: '',
      LineType: 'dlt_Regular',
      COGSCostingCode: null,
      COGSAccountCode: '511010001',
      ChangeAssemlyBoMWarehouse: 'N',
      GrossBuyPrice: 1.7,
      GrossBase: -5,
      GrossProfitTotalBasePrice: 11.9,
      CostingCode2: null,
      CostingCode3: null,
      CostingCode4: null,
      CostingCode5: null,
      ItemDetails: null,
      LocationCode: null,
      ActualDeliveryDate: null,
      RemainingOpenQuantity: 7,
      OpenAmount: 35,
      OpenAmountFC: 50750,
      OpenAmountSC: 50750,
      ExLineNo: null,
      RequiredDate: null,
      RequiredQuantity: 0,
      COGSCostingCode2: null,
      COGSCostingCode3: null,
      COGSCostingCode4: null,
      COGSCostingCode5: null,
      CSTforIPI: null,
      CSTforPIS: null,
      CSTforCOFINS: null,
      CreditOriginCode: null,
      WithoutInventoryMovement: 'tNO',
      AgreementNo: null,
      AgreementRowNumber: null,
      ActualBaseEntry: null,
      ActualBaseLine: null,
      DocEntry: 281876,
      Surpluses: 0,
      DefectAndBreakup: 0,
      Shortages: 0,
      ConsiderQuantity: 'tNO',
      PartialRetirement: 'tNO',
      RetirementQuantity: 0,
      RetirementAPC: 0,
      ThirdParty: 'tNO',
      PoNum: null,
      PoItmNum: null,
      ExpenseType: null,
      ReceiptNumber: null,
      ExpenseOperationType: null,
      FederalTaxID: null,
      GrossProfit: 23.1,
      GrossProfitFC: 33495,
      GrossProfitSC: 33495,
      PriceSource: 'dpsManual',
      StgSeqNum: null,
      StgEntry: null,
      StgDesc: null,
      UoMEntry: 1,
      UoMCode: 'PCS',
      InventoryQuantity: 7,
      RemainingOpenInventoryQuantity: 7,
      ParentLineNum: null,
      Incoterms: 0,
      TransportMode: 0,
      NatureOfTransaction: null,
      DestinationCountryForImport: null,
      DestinationRegionForImport: null,
      OriginCountryForExport: null,
      OriginRegionForExport: null,
      ItemType: 'dit_Item',
      ChangeInventoryQuantityIndependently: 'tNO',
      FreeOfChargeBP: 'tNO',
      SACEntry: null,
      HSNEntry: null,
      GrossPrice: 7250,
      GrossTotal: 35,
      GrossTotalFC: 50750,
      GrossTotalSC: 50750,
      NCMCode: -1,
      NVECode: null,
      IndEscala: 'tNO',
      CtrSealQty: 0,
      CNJPMan: null,
      CESTCode: null,
      UFFiscalBenefitCode: null,
      ReverseCharge: 'tNO',
      ShipToCode: null,
      ShipToDescription: '',
      OwnerCode: null,
      ExternalCalcTaxRate: 0,
      ExternalCalcTaxAmount: 0,
      ExternalCalcTaxAmountFC: 0,
      ExternalCalcTaxAmountSC: 0,
      StandardItemIdentification: null,
      CommodityClassification: null,
      UnencumberedReason: null,
      CUSplit: 'tNO',
      U_ST_DelDate: null,
      U_ST_ShipStatus: 'U',
      U_ST_SalePrice: 0,
      U_ST_Text: null,
      U_ST_TerritL: null,
      U_ST_WhsName: null,
      U_ST_WhsNameTo: null,
      U_Vol: 0,
      U_UOM: null,
      U_U_PARTNO: null,
      LineTaxJurisdictions: [],
      DocumentLineAdditionalExpenses: [],
      WithholdingTaxLines: [],
      SerialNumbers: [],
      BatchNumbers: [],
      DocumentLinesBinAllocations: []
    },
    {
      LineNum: 8,
      ItemCode: 'LEG00557',
      ItemDescription: 'LEGRAND Synergy™ - Single pole switch - 4 gang - 2 way - 10 AX 250 V~ - WHITE',
      Quantity: 12,
      ShipDate: '2026-09-27',
      Price: 7250,
      PriceAfterVAT: 7250,
      Currency: 'IQD',
      Rate: 1450,
      DiscountPercent: 0,
      VendorNum: null,
      SerialNum: null,
      WarehouseCode: 'KRA001',
      SalesPersonCode: 74,
      CommisionPercent: 0,
      TreeType: 'iNotATree',
      AccountCode: '411010001',
      UseBaseUnits: 'tNO',
      SupplierCatNum: null,
      CostingCode: null,
      ProjectCode: null,
      BarCode: '',
      VatGroup: 'X0',
      Height1: 0,
      Hight1Unit: null,
      Height2: 0,
      Height2Unit: null,
      Lengh1: 0,
      Lengh1Unit: null,
      Lengh2: 0,
      Lengh2Unit: null,
      Weight1: 0,
      Weight1Unit: null,
      Weight2: 0,
      Weight2Unit: null,
      Factor1: 1,
      Factor2: 1,
      Factor3: 1,
      Factor4: 1,
      BaseType: -1,
      BaseEntry: null,
      BaseLine: null,
      Volume: 0.00132,
      VolumeUnit: 4,
      Width1: 0,
      Width1Unit: null,
      Width2: 0,
      Width2Unit: null,
      Address: '',
      TaxCode: null,
      TaxType: 'tt_Yes',
      TaxLiable: 'tYES',
      PickStatus: 'tNO',
      PickQuantity: 0,
      PickListIdNumber: null,
      OriginalItem: null,
      BackOrder: 'tYES',
      FreeText: '',
      ShippingMethod: 1,
      POTargetNum: null,
      POTargetEntry: null,
      POTargetRowNum: null,
      CorrectionInvoiceItem: 'ciis_ShouldBe',
      CorrInvAmountToStock: 0,
      CorrInvAmountToDiffAcct: 0,
      AppliedTax: 0,
      AppliedTaxFC: 0,
      AppliedTaxSC: 0,
      WTLiable: 'tNO',
      DeferredTax: 'tNO',
      EqualizationTaxPercent: 0,
      TotalEqualizationTax: 0,
      TotalEqualizationTaxFC: 0,
      TotalEqualizationTaxSC: 0,
      NetTaxAmount: 0,
      NetTaxAmountFC: 0,
      NetTaxAmountSC: 0,
      MeasureUnit: 'PCS',
      UnitsOfMeasurment: 1,
      LineTotal: 60,
      TaxPercentagePerRow: 0,
      TaxTotal: 0,
      ConsumerSalesForecast: 'tYES',
      ExciseAmount: 0,
      TaxPerUnit: 0,
      TotalInclTax: 0,
      CountryOrg: null,
      SWW: '2001548',
      TransactionType: null,
      DistributeExpense: 'tYES',
      RowTotalFC: 87000,
      RowTotalSC: 87000,
      LastBuyInmPrice: 0,
      LastBuyDistributeSumFc: 0,
      LastBuyDistributeSumSc: 0,
      LastBuyDistributeSum: 0,
      StockDistributesumForeign: 0,
      StockDistributesumSystem: 0,
      StockDistributesum: 0,
      StockInmPrice: 0,
      PickStatusEx: 'dlps_NotPicked',
      TaxBeforeDPM: 0,
      TaxBeforeDPMFC: 0,
      TaxBeforeDPMSC: 0,
      CFOPCode: null,
      CSTCode: null,
      Usage: null,
      TaxOnly: 'tNO',
      VisualOrder: 8,
      BaseOpenQuantity: 0,
      UnitPrice: 7250,
      LineStatus: 'bost_Open',
      PackageQuantity: 12,
      Text: '',
      LineType: 'dlt_Regular',
      COGSCostingCode: null,
      COGSAccountCode: '511010001',
      ChangeAssemlyBoMWarehouse: 'N',
      GrossBuyPrice: 3.57,
      GrossBase: -5,
      GrossProfitTotalBasePrice: 42.86,
      CostingCode2: null,
      CostingCode3: null,
      CostingCode4: null,
      CostingCode5: null,
      ItemDetails: null,
      LocationCode: null,
      ActualDeliveryDate: null,
      RemainingOpenQuantity: 12,
      OpenAmount: 60,
      OpenAmountFC: 87000,
      OpenAmountSC: 87000,
      ExLineNo: null,
      RequiredDate: null,
      RequiredQuantity: 0,
      COGSCostingCode2: null,
      COGSCostingCode3: null,
      COGSCostingCode4: null,
      COGSCostingCode5: null,
      CSTforIPI: null,
      CSTforPIS: null,
      CSTforCOFINS: null,
      CreditOriginCode: null,
      WithoutInventoryMovement: 'tNO',
      AgreementNo: null,
      AgreementRowNumber: null,
      ActualBaseEntry: null,
      ActualBaseLine: null,
      DocEntry: 281876,
      Surpluses: 0,
      DefectAndBreakup: 0,
      Shortages: 0,
      ConsiderQuantity: 'tNO',
      PartialRetirement: 'tNO',
      RetirementQuantity: 0,
      RetirementAPC: 0,
      ThirdParty: 'tNO',
      PoNum: null,
      PoItmNum: null,
      ExpenseType: null,
      ReceiptNumber: null,
      ExpenseOperationType: null,
      FederalTaxID: null,
      GrossProfit: 17.14,
      GrossProfitFC: 24853,
      GrossProfitSC: 24853,
      PriceSource: 'dpsManual',
      StgSeqNum: null,
      StgEntry: null,
      StgDesc: null,
      UoMEntry: 1,
      UoMCode: 'PCS',
      InventoryQuantity: 12,
      RemainingOpenInventoryQuantity: 12,
      ParentLineNum: null,
      Incoterms: 0,
      TransportMode: 0,
      NatureOfTransaction: null,
      DestinationCountryForImport: null,
      DestinationRegionForImport: null,
      OriginCountryForExport: null,
      OriginRegionForExport: null,
      ItemType: 'dit_Item',
      ChangeInventoryQuantityIndependently: 'tNO',
      FreeOfChargeBP: 'tNO',
      SACEntry: null,
      HSNEntry: null,
      GrossPrice: 7250,
      GrossTotal: 60,
      GrossTotalFC: 87000,
      GrossTotalSC: 87000,
      NCMCode: -1,
      NVECode: null,
      IndEscala: 'tNO',
      CtrSealQty: 0,
      CNJPMan: null,
      CESTCode: null,
      UFFiscalBenefitCode: null,
      ReverseCharge: 'tNO',
      ShipToCode: null,
      ShipToDescription: '',
      OwnerCode: null,
      ExternalCalcTaxRate: 0,
      ExternalCalcTaxAmount: 0,
      ExternalCalcTaxAmountFC: 0,
      ExternalCalcTaxAmountSC: 0,
      StandardItemIdentification: null,
      CommodityClassification: null,
      UnencumberedReason: null,
      CUSplit: 'tNO',
      U_ST_DelDate: null,
      U_ST_ShipStatus: 'U',
      U_ST_SalePrice: 0,
      U_ST_Text: null,
      U_ST_TerritL: null,
      U_ST_WhsName: null,
      U_ST_WhsNameTo: null,
      U_Vol: 0,
      U_UOM: null,
      U_U_PARTNO: null,
      LineTaxJurisdictions: [],
      DocumentLineAdditionalExpenses: [],
      WithholdingTaxLines: [],
      SerialNumbers: [],
      BatchNumbers: [],
      DocumentLinesBinAllocations: []
    },
    {
      LineNum: 9,
      ItemCode: 'LEG00565',
      ItemDescription: "LEGRAND Synergy™ - SAT SKT - single - ''F'' type - WHITE",
      Quantity: 9,
      ShipDate: '2026-09-27',
      Price: 9500,
      PriceAfterVAT: 9500,
      Currency: 'IQD',
      Rate: 1450,
      DiscountPercent: 0,
      VendorNum: null,
      SerialNum: null,
      WarehouseCode: 'KRA001',
      SalesPersonCode: 74,
      CommisionPercent: 0,
      TreeType: 'iNotATree',
      AccountCode: '411010001',
      UseBaseUnits: 'tNO',
      SupplierCatNum: null,
      CostingCode: null,
      ProjectCode: null,
      BarCode: '',
      VatGroup: 'X0',
      Height1: 0,
      Hight1Unit: null,
      Height2: 0,
      Height2Unit: null,
      Lengh1: 0,
      Lengh1Unit: null,
      Lengh2: 0,
      Lengh2Unit: null,
      Weight1: 0,
      Weight1Unit: null,
      Weight2: 0,
      Weight2Unit: null,
      Factor1: 1,
      Factor2: 1,
      Factor3: 1,
      Factor4: 1,
      BaseType: -1,
      BaseEntry: null,
      BaseLine: null,
      Volume: 0.01953,
      VolumeUnit: 4,
      Width1: 0,
      Width1Unit: null,
      Width2: 0,
      Width2Unit: null,
      Address: '',
      TaxCode: null,
      TaxType: 'tt_Yes',
      TaxLiable: 'tYES',
      PickStatus: 'tNO',
      PickQuantity: 0,
      PickListIdNumber: null,
      OriginalItem: null,
      BackOrder: 'tYES',
      FreeText: '',
      ShippingMethod: 1,
      POTargetNum: null,
      POTargetEntry: null,
      POTargetRowNum: null,
      CorrectionInvoiceItem: 'ciis_ShouldBe',
      CorrInvAmountToStock: 0,
      CorrInvAmountToDiffAcct: 0,
      AppliedTax: 0,
      AppliedTaxFC: 0,
      AppliedTaxSC: 0,
      WTLiable: 'tNO',
      DeferredTax: 'tNO',
      EqualizationTaxPercent: 0,
      TotalEqualizationTax: 0,
      TotalEqualizationTaxFC: 0,
      TotalEqualizationTaxSC: 0,
      NetTaxAmount: 0,
      NetTaxAmountFC: 0,
      NetTaxAmountSC: 0,
      MeasureUnit: 'PCS',
      UnitsOfMeasurment: 1,
      LineTotal: 58.97,
      TaxPercentagePerRow: 0,
      TaxTotal: 0,
      ConsumerSalesForecast: 'tYES',
      ExciseAmount: 0,
      TaxPerUnit: 0,
      TotalInclTax: 0,
      CountryOrg: null,
      SWW: '2001296',
      TransactionType: null,
      DistributeExpense: 'tYES',
      RowTotalFC: 85500,
      RowTotalSC: 85500,
      LastBuyInmPrice: 0,
      LastBuyDistributeSumFc: 0,
      LastBuyDistributeSumSc: 0,
      LastBuyDistributeSum: 0,
      StockDistributesumForeign: 0,
      StockDistributesumSystem: 0,
      StockDistributesum: 0,
      StockInmPrice: 0,
      PickStatusEx: 'dlps_NotPicked',
      TaxBeforeDPM: 0,
      TaxBeforeDPMFC: 0,
      TaxBeforeDPMSC: 0,
      CFOPCode: null,
      CSTCode: null,
      Usage: null,
      TaxOnly: 'tNO',
      VisualOrder: 9,
      BaseOpenQuantity: 0,
      UnitPrice: 9500,
      LineStatus: 'bost_Open',
      PackageQuantity: 9,
      Text: '',
      LineType: 'dlt_Regular',
      COGSCostingCode: null,
      COGSAccountCode: '511010001',
      ChangeAssemlyBoMWarehouse: 'N',
      GrossBuyPrice: 3.2,
      GrossBase: -5,
      GrossProfitTotalBasePrice: 28.83,
      CostingCode2: null,
      CostingCode3: null,
      CostingCode4: null,
      CostingCode5: null,
      ItemDetails: null,
      LocationCode: null,
      ActualDeliveryDate: null,
      RemainingOpenQuantity: 9,
      OpenAmount: 58.97,
      OpenAmountFC: 85500,
      OpenAmountSC: 85500,
      ExLineNo: null,
      RequiredDate: null,
      RequiredQuantity: 0,
      COGSCostingCode2: null,
      COGSCostingCode3: null,
      COGSCostingCode4: null,
      COGSCostingCode5: null,
      CSTforIPI: null,
      CSTforPIS: null,
      CSTforCOFINS: null,
      CreditOriginCode: null,
      WithoutInventoryMovement: 'tNO',
      AgreementNo: null,
      AgreementRowNumber: null,
      ActualBaseEntry: null,
      ActualBaseLine: null,
      DocEntry: 281876,
      Surpluses: 0,
      DefectAndBreakup: 0,
      Shortages: 0,
      ConsiderQuantity: 'tNO',
      PartialRetirement: 'tNO',
      RetirementQuantity: 0,
      RetirementAPC: 0,
      ThirdParty: 'tNO',
      PoNum: null,
      PoItmNum: null,
      ExpenseType: null,
      ReceiptNumber: null,
      ExpenseOperationType: null,
      FederalTaxID: null,
      GrossProfit: 30.14,
      GrossProfitFC: 43696.5,
      GrossProfitSC: 43696.5,
      PriceSource: 'dpsManual',
      StgSeqNum: null,
      StgEntry: null,
      StgDesc: null,
      UoMEntry: 1,
      UoMCode: 'PCS',
      InventoryQuantity: 9,
      RemainingOpenInventoryQuantity: 9,
      ParentLineNum: null,
      Incoterms: 0,
      TransportMode: 0,
      NatureOfTransaction: null,
      DestinationCountryForImport: null,
      DestinationRegionForImport: null,
      OriginCountryForExport: null,
      OriginRegionForExport: null,
      ItemType: 'dit_Item',
      ChangeInventoryQuantityIndependently: 'tNO',
      FreeOfChargeBP: 'tNO',
      SACEntry: null,
      HSNEntry: null,
      GrossPrice: 9500,
      GrossTotal: 58.97,
      GrossTotalFC: 85500,
      GrossTotalSC: 85500,
      NCMCode: -1,
      NVECode: null,
      IndEscala: 'tNO',
      CtrSealQty: 0,
      CNJPMan: null,
      CESTCode: null,
      UFFiscalBenefitCode: null,
      ReverseCharge: 'tNO',
      ShipToCode: null,
      ShipToDescription: '',
      OwnerCode: null,
      ExternalCalcTaxRate: 0,
      ExternalCalcTaxAmount: 0,
      ExternalCalcTaxAmountFC: 0,
      ExternalCalcTaxAmountSC: 0,
      StandardItemIdentification: null,
      CommodityClassification: null,
      UnencumberedReason: null,
      CUSplit: 'tNO',
      U_ST_DelDate: null,
      U_ST_ShipStatus: 'U',
      U_ST_SalePrice: 0,
      U_ST_Text: null,
      U_ST_TerritL: null,
      U_ST_WhsName: null,
      U_ST_WhsNameTo: null,
      U_Vol: 0,
      U_UOM: null,
      U_U_PARTNO: null,
      LineTaxJurisdictions: [],
      DocumentLineAdditionalExpenses: [],
      WithholdingTaxLines: [],
      SerialNumbers: [],
      BatchNumbers: [],
      DocumentLinesBinAllocations: []
    },
    {
      LineNum: 10,
      ItemCode: 'LEG00390',
      ItemDescription: 'LEGRAND Synergy™ - Double pole switch - Double pole + indicator - 45 A 250 V~ - 86x86 mm - WHITE',
      Quantity: 12,
      ShipDate: '2026-09-27',
      Price: 14500,
      PriceAfterVAT: 14500,
      Currency: 'IQD',
      Rate: 1450,
      DiscountPercent: 0,
      VendorNum: null,
      SerialNum: null,
      WarehouseCode: 'KRA001',
      SalesPersonCode: 74,
      CommisionPercent: 0,
      TreeType: 'iNotATree',
      AccountCode: '411010001',
      UseBaseUnits: 'tNO',
      SupplierCatNum: null,
      CostingCode: null,
      ProjectCode: null,
      BarCode: '',
      VatGroup: 'X0',
      Height1: 0,
      Hight1Unit: null,
      Height2: 0,
      Height2Unit: null,
      Lengh1: 0,
      Lengh1Unit: null,
      Lengh2: 0,
      Lengh2Unit: null,
      Weight1: 0,
      Weight1Unit: null,
      Weight2: 0,
      Weight2Unit: null,
      Factor1: 1,
      Factor2: 1,
      Factor3: 1,
      Factor4: 1,
      BaseType: -1,
      BaseEntry: null,
      BaseLine: null,
      Volume: 0.0048,
      VolumeUnit: 4,
      Width1: 0,
      Width1Unit: null,
      Width2: 0,
      Width2Unit: null,
      Address: '',
      TaxCode: null,
      TaxType: 'tt_Yes',
      TaxLiable: 'tYES',
      PickStatus: 'tNO',
      PickQuantity: 0,
      PickListIdNumber: null,
      OriginalItem: null,
      BackOrder: 'tYES',
      FreeText: '',
      ShippingMethod: 1,
      POTargetNum: null,
      POTargetEntry: null,
      POTargetRowNum: null,
      CorrectionInvoiceItem: 'ciis_ShouldBe',
      CorrInvAmountToStock: 0,
      CorrInvAmountToDiffAcct: 0,
      AppliedTax: 0,
      AppliedTaxFC: 0,
      AppliedTaxSC: 0,
      WTLiable: 'tNO',
      DeferredTax: 'tNO',
      EqualizationTaxPercent: 0,
      TotalEqualizationTax: 0,
      TotalEqualizationTaxFC: 0,
      TotalEqualizationTaxSC: 0,
      NetTaxAmount: 0,
      NetTaxAmountFC: 0,
      NetTaxAmountSC: 0,
      MeasureUnit: 'PCS',
      UnitsOfMeasurment: 1,
      LineTotal: 120,
      TaxPercentagePerRow: 0,
      TaxTotal: 0,
      ConsumerSalesForecast: 'tYES',
      ExciseAmount: 0,
      TaxPerUnit: 0,
      TotalInclTax: 0,
      CountryOrg: null,
      SWW: '2002020',
      TransactionType: null,
      DistributeExpense: 'tYES',
      RowTotalFC: 174000,
      RowTotalSC: 174000,
      LastBuyInmPrice: 0,
      LastBuyDistributeSumFc: 0,
      LastBuyDistributeSumSc: 0,
      LastBuyDistributeSum: 0,
      StockDistributesumForeign: 0,
      StockDistributesumSystem: 0,
      StockDistributesum: 0,
      StockInmPrice: 0,
      PickStatusEx: 'dlps_NotPicked',
      TaxBeforeDPM: 0,
      TaxBeforeDPMFC: 0,
      TaxBeforeDPMSC: 0,
      CFOPCode: null,
      CSTCode: null,
      Usage: null,
      TaxOnly: 'tNO',
      VisualOrder: 10,
      BaseOpenQuantity: 0,
      UnitPrice: 14500,
      LineStatus: 'bost_Open',
      PackageQuantity: 12,
      Text: '',
      LineType: 'dlt_Regular',
      COGSCostingCode: null,
      COGSAccountCode: '511010001',
      ChangeAssemlyBoMWarehouse: 'N',
      GrossBuyPrice: 5.47,
      GrossBase: -5,
      GrossProfitTotalBasePrice: 65.6,
      CostingCode2: null,
      CostingCode3: null,
      CostingCode4: null,
      CostingCode5: null,
      ItemDetails: null,
      LocationCode: null,
      ActualDeliveryDate: null,
      RemainingOpenQuantity: 12,
      OpenAmount: 120,
      OpenAmountFC: 174000,
      OpenAmountSC: 174000,
      ExLineNo: null,
      RequiredDate: null,
      RequiredQuantity: 0,
      COGSCostingCode2: null,
      COGSCostingCode3: null,
      COGSCostingCode4: null,
      COGSCostingCode5: null,
      CSTforIPI: null,
      CSTforPIS: null,
      CSTforCOFINS: null,
      CreditOriginCode: null,
      WithoutInventoryMovement: 'tNO',
      AgreementNo: null,
      AgreementRowNumber: null,
      ActualBaseEntry: null,
      ActualBaseLine: null,
      DocEntry: 281876,
      Surpluses: 0,
      DefectAndBreakup: 0,
      Shortages: 0,
      ConsiderQuantity: 'tNO',
      PartialRetirement: 'tNO',
      RetirementQuantity: 0,
      RetirementAPC: 0,
      ThirdParty: 'tNO',
      PoNum: null,
      PoItmNum: null,
      ExpenseType: null,
      ReceiptNumber: null,
      ExpenseOperationType: null,
      FederalTaxID: null,
      GrossProfit: 54.4,
      GrossProfitFC: 78880,
      GrossProfitSC: 78880,
      PriceSource: 'dpsManual',
      StgSeqNum: null,
      StgEntry: null,
      StgDesc: null,
      UoMEntry: 1,
      UoMCode: 'PCS',
      InventoryQuantity: 12,
      RemainingOpenInventoryQuantity: 12,
      ParentLineNum: null,
      Incoterms: 0,
      TransportMode: 0,
      NatureOfTransaction: null,
      DestinationCountryForImport: null,
      DestinationRegionForImport: null,
      OriginCountryForExport: null,
      OriginRegionForExport: null,
      ItemType: 'dit_Item',
      ChangeInventoryQuantityIndependently: 'tNO',
      FreeOfChargeBP: 'tNO',
      SACEntry: null,
      HSNEntry: null,
      GrossPrice: 14500,
      GrossTotal: 120,
      GrossTotalFC: 174000,
      GrossTotalSC: 174000,
      NCMCode: -1,
      NVECode: null,
      IndEscala: 'tNO',
      CtrSealQty: 0,
      CNJPMan: null,
      CESTCode: null,
      UFFiscalBenefitCode: null,
      ReverseCharge: 'tNO',
      ShipToCode: null,
      ShipToDescription: '',
      OwnerCode: null,
      ExternalCalcTaxRate: 0,
      ExternalCalcTaxAmount: 0,
      ExternalCalcTaxAmountFC: 0,
      ExternalCalcTaxAmountSC: 0,
      StandardItemIdentification: null,
      CommodityClassification: null,
      UnencumberedReason: null,
      CUSplit: 'tNO',
      U_ST_DelDate: null,
      U_ST_ShipStatus: 'U',
      U_ST_SalePrice: 0,
      U_ST_Text: null,
      U_ST_TerritL: null,
      U_ST_WhsName: null,
      U_ST_WhsNameTo: null,
      U_Vol: 0,
      U_UOM: null,
      U_U_PARTNO: null,
      LineTaxJurisdictions: [],
      DocumentLineAdditionalExpenses: [],
      WithholdingTaxLines: [],
      SerialNumbers: [],
      BatchNumbers: [],
      DocumentLinesBinAllocations: []
    },
    {
      LineNum: 11,
      ItemCode: 'LEG00459',
      ItemDescription: 'LEGRAND Synergy™ - SKT outlet - 1 gang switched - 13 A 250 V~ - WHITE',
      Quantity: 110,
      ShipDate: '2026-09-27',
      Price: 5250,
      PriceAfterVAT: 5250,
      Currency: 'IQD',
      Rate: 1450,
      DiscountPercent: 0,
      VendorNum: null,
      SerialNum: null,
      WarehouseCode: 'KRA001',
      SalesPersonCode: 74,
      CommisionPercent: 0,
      TreeType: 'iNotATree',
      AccountCode: '411010001',
      UseBaseUnits: 'tNO',
      SupplierCatNum: null,
      CostingCode: null,
      ProjectCode: null,
      BarCode: '',
      VatGroup: 'X0',
      Height1: 0,
      Hight1Unit: null,
      Height2: 0,
      Height2Unit: null,
      Lengh1: 0,
      Lengh1Unit: null,
      Lengh2: 0,
      Lengh2Unit: null,
      Weight1: 0,
      Weight1Unit: null,
      Weight2: 0,
      Weight2Unit: null,
      Factor1: 1,
      Factor2: 1,
      Factor3: 1,
      Factor4: 1,
      BaseType: -1,
      BaseEntry: null,
      BaseLine: null,
      Volume: 0.03245,
      VolumeUnit: 4,
      Width1: 0,
      Width1Unit: null,
      Width2: 0,
      Width2Unit: null,
      Address: '',
      TaxCode: null,
      TaxType: 'tt_Yes',
      TaxLiable: 'tYES',
      PickStatus: 'tNO',
      PickQuantity: 0,
      PickListIdNumber: null,
      OriginalItem: null,
      BackOrder: 'tYES',
      FreeText: '',
      ShippingMethod: 1,
      POTargetNum: null,
      POTargetEntry: null,
      POTargetRowNum: null,
      CorrectionInvoiceItem: 'ciis_ShouldBe',
      CorrInvAmountToStock: 0,
      CorrInvAmountToDiffAcct: 0,
      AppliedTax: 0,
      AppliedTaxFC: 0,
      AppliedTaxSC: 0,
      WTLiable: 'tNO',
      DeferredTax: 'tNO',
      EqualizationTaxPercent: 0,
      TotalEqualizationTax: 0,
      TotalEqualizationTaxFC: 0,
      TotalEqualizationTaxSC: 0,
      NetTaxAmount: 0,
      NetTaxAmountFC: 0,
      NetTaxAmountSC: 0,
      MeasureUnit: 'PCS',
      UnitsOfMeasurment: 1,
      LineTotal: 398.28,
      TaxPercentagePerRow: 0,
      TaxTotal: 0,
      ConsumerSalesForecast: 'tYES',
      ExciseAmount: 0,
      TaxPerUnit: 0,
      TotalInclTax: 0,
      CountryOrg: null,
      SWW: '2002319',
      TransactionType: null,
      DistributeExpense: 'tYES',
      RowTotalFC: 577500,
      RowTotalSC: 577500,
      LastBuyInmPrice: 0,
      LastBuyDistributeSumFc: 0,
      LastBuyDistributeSumSc: 0,
      LastBuyDistributeSum: 0,
      StockDistributesumForeign: 0,
      StockDistributesumSystem: 0,
      StockDistributesum: 0,
      StockInmPrice: 0,
      PickStatusEx: 'dlps_NotPicked',
      TaxBeforeDPM: 0,
      TaxBeforeDPMFC: 0,
      TaxBeforeDPMSC: 0,
      CFOPCode: null,
      CSTCode: null,
      Usage: null,
      TaxOnly: 'tNO',
      VisualOrder: 11,
      BaseOpenQuantity: 0,
      UnitPrice: 5250,
      LineStatus: 'bost_Open',
      PackageQuantity: 110,
      Text: '',
      LineType: 'dlt_Regular',
      COGSCostingCode: null,
      COGSAccountCode: '511010001',
      ChangeAssemlyBoMWarehouse: 'N',
      GrossBuyPrice: 1.7,
      GrossBase: -5,
      GrossProfitTotalBasePrice: 186.96,
      CostingCode2: null,
      CostingCode3: null,
      CostingCode4: null,
      CostingCode5: null,
      ItemDetails: null,
      LocationCode: null,
      ActualDeliveryDate: null,
      RemainingOpenQuantity: 110,
      OpenAmount: 398.28,
      OpenAmountFC: 577500,
      OpenAmountSC: 577500,
      ExLineNo: null,
      RequiredDate: null,
      RequiredQuantity: 0,
      COGSCostingCode2: null,
      COGSCostingCode3: null,
      COGSCostingCode4: null,
      COGSCostingCode5: null,
      CSTforIPI: null,
      CSTforPIS: null,
      CSTforCOFINS: null,
      CreditOriginCode: null,
      WithoutInventoryMovement: 'tNO',
      AgreementNo: null,
      AgreementRowNumber: null,
      ActualBaseEntry: null,
      ActualBaseLine: null,
      DocEntry: 281876,
      Surpluses: 0,
      DefectAndBreakup: 0,
      Shortages: 0,
      ConsiderQuantity: 'tNO',
      PartialRetirement: 'tNO',
      RetirementQuantity: 0,
      RetirementAPC: 0,
      ThirdParty: 'tNO',
      PoNum: null,
      PoItmNum: null,
      ExpenseType: null,
      ReceiptNumber: null,
      ExpenseOperationType: null,
      FederalTaxID: null,
      GrossProfit: 211.32,
      GrossProfitFC: 306408,
      GrossProfitSC: 306408,
      PriceSource: 'dpsManual',
      StgSeqNum: null,
      StgEntry: null,
      StgDesc: null,
      UoMEntry: 1,
      UoMCode: 'PCS',
      InventoryQuantity: 110,
      RemainingOpenInventoryQuantity: 110,
      ParentLineNum: null,
      Incoterms: 0,
      TransportMode: 0,
      NatureOfTransaction: null,
      DestinationCountryForImport: null,
      DestinationRegionForImport: null,
      OriginCountryForExport: null,
      OriginRegionForExport: null,
      ItemType: 'dit_Item',
      ChangeInventoryQuantityIndependently: 'tNO',
      FreeOfChargeBP: 'tNO',
      SACEntry: null,
      HSNEntry: null,
      GrossPrice: 5250,
      GrossTotal: 398.28,
      GrossTotalFC: 577500,
      GrossTotalSC: 577500,
      NCMCode: -1,
      NVECode: null,
      IndEscala: 'tNO',
      CtrSealQty: 0,
      CNJPMan: null,
      CESTCode: null,
      UFFiscalBenefitCode: null,
      ReverseCharge: 'tNO',
      ShipToCode: null,
      ShipToDescription: '',
      OwnerCode: null,
      ExternalCalcTaxRate: 0,
      ExternalCalcTaxAmount: 0,
      ExternalCalcTaxAmountFC: 0,
      ExternalCalcTaxAmountSC: 0,
      StandardItemIdentification: null,
      CommodityClassification: null,
      UnencumberedReason: null,
      CUSplit: 'tNO',
      U_ST_DelDate: null,
      U_ST_ShipStatus: 'U',
      U_ST_SalePrice: 0,
      U_ST_Text: null,
      U_ST_TerritL: null,
      U_ST_WhsName: null,
      U_ST_WhsNameTo: null,
      U_Vol: 0,
      U_UOM: null,
      U_U_PARTNO: null,
      LineTaxJurisdictions: [],
      DocumentLineAdditionalExpenses: [],
      WithholdingTaxLines: [],
      SerialNumbers: [],
      BatchNumbers: [],
      DocumentLinesBinAllocations: []
    }
  ],
  ElectronicProtocols: [],
  DocumentAdditionalExpenses: [],
  WithholdingTaxDataWTXCollection: [],
  WithholdingTaxDataCollection: [],
  DocumentSpecialLines: [],
  TaxExtension: {
    TaxId0: null,
    TaxId1: null,
    TaxId2: null,
    TaxId3: null,
    TaxId4: null,
    TaxId5: null,
    TaxId6: null,
    TaxId7: null,
    TaxId8: null,
    TaxId9: null,
    State: null,
    County: null,
    Incoterms: null,
    Vehicle: null,
    VehicleState: null,
    NFRef: null,
    Carrier: null,
    PackQuantity: null,
    PackDescription: null,
    Brand: null,
    ShipUnitNo: null,
    NetWeight: 0,
    GrossWeight: 0,
    StreetS: null,
    BlockS: null,
    BuildingS: null,
    CityS: null,
    ZipCodeS: null,
    CountyS: null,
    StateS: null,
    CountryS: null,
    StreetB: null,
    BlockB: null,
    BuildingB: null,
    CityB: null,
    ZipCodeB: null,
    CountyB: null,
    StateB: null,
    CountryB: null,
    ImportOrExport: null,
    MainUsage: null,
    GlobalLocationNumberS: null,
    GlobalLocationNumberB: null,
    TaxId12: null,
    TaxId13: null,
    BillOfEntryNo: null,
    BillOfEntryDate: null,
    OriginalBillOfEntryNo: null,
    OriginalBillOfEntryDate: null,
    ImportOrExportType: 'et_IpmortsOrExports',
    PortCode: null,
    DocEntry: 281876,
    BoEValue: 0,
    ClaimRefund: null,
    DifferentialOfTaxRate: null,
    IsIGSTAccount: null
  },
  AddressExtension: {
    ShipToStreet: null,
    ShipToStreetNo: null,
    ShipToBlock: null,
    ShipToBuilding: null,
    ShipToCity: null,
    ShipToZipCode: null,
    ShipToCounty: null,
    ShipToState: null,
    ShipToCountry: null,
    ShipToAddressType: null,
    BillToStreet: null,
    BillToStreetNo: null,
    BillToBlock: null,
    BillToBuilding: null,
    BillToCity: null,
    BillToZipCode: null,
    BillToCounty: null,
    BillToState: null,
    BillToCountry: null,
    BillToAddressType: null,
    ShipToGlobalLocationNumber: null,
    BillToGlobalLocationNumber: null,
    ShipToAddress2: null,
    ShipToAddress3: null,
    BillToAddress2: null,
    BillToAddress3: null,
    PlaceOfSupply: null,
    PurchasePlaceOfSupply: null,
    DocEntry: 281876,
    GoodsIssuePlaceBP: null,
    GoodsIssuePlaceCNPJ: null,
    GoodsIssuePlaceCPF: null,
    GoodsIssuePlaceStreet: null,
    GoodsIssuePlaceStreetNo: null,
    GoodsIssuePlaceBuilding: null,
    GoodsIssuePlaceZip: null,
    GoodsIssuePlaceBlock: null,
    GoodsIssuePlaceCity: null,
    GoodsIssuePlaceCounty: null,
    GoodsIssuePlaceState: null,
    GoodsIssuePlaceCountry: null,
    GoodsIssuePlacePhone: null,
    GoodsIssuePlaceEMail: null,
    GoodsIssuePlaceDepartureDate: null,
    DeliveryPlaceBP: null,
    DeliveryPlaceCNPJ: null,
    DeliveryPlaceCPF: null,
    DeliveryPlaceStreet: null,
    DeliveryPlaceStreetNo: null,
    DeliveryPlaceBuilding: null,
    DeliveryPlaceZip: null,
    DeliveryPlaceBlock: null,
    DeliveryPlaceCity: null,
    DeliveryPlaceCounty: null,
    DeliveryPlaceState: null,
    DeliveryPlaceCountry: null,
    DeliveryPlacePhone: null,
    DeliveryPlaceEMail: null,
    DeliveryPlaceDepartureDate: null
  },
  DocumentReferences: []
}
🔐 محاولة تسجيل الدخول في SAP بواسطة: KarRetSale4
✅ تسجيل دخول ناجح إلى SAP بواسطة KarRetSale4
🧾 Final payload to SAP: {
  "RepID": "265       ",
  "CardCode": "CUS00030160",
  "DocDueDate": "2026-09-27",
  "DocCurrency": "IQD",
  "DocumentLines": [
    {
      "ItemCode": "OPP00369",
      "Quantity": 3,
      "UnitPrice": 1500,
      "WarehouseCode": "KRA001",
      "DiscountPercent": 0,
      "FreeText": ""
    },
    {
      "ItemCode": "OPP01018",
      "Quantity": 1,
      "UnitPrice": 1750,
      "WarehouseCode": "KRA001",
      "DiscountPercent": 0,
      "FreeText": ""
    }
  ],
  "U_CreatedBy": "basheer.abbas",
  "SalesPersonCode": 265
}
🧾 أمر البيع أنشئ بنجاح من قبل KarRetSale4: {
  'odata.metadata': 'https://hanab1:50000/b1s/v1/$metadata#Orders/@Element',
  'odata.etag': 'W/"356A192B7913B04C54574D18C28D46E6395428AB"',
  DocEntry: 281880,
  DocNum: 2611349,
  DocType: 'dDocument_Items',
  HandWritten: 'tNO',
  Printed: 'psNo',
  DocDate: '2026-09-27',
  DocDueDate: '2026-09-27',
  CardCode: 'CUS00030160',
  CardName: 'شركة اثاث المطبخ',
  Address: null,
  NumAtCard: null,
  DocTotal: 4.31,
  AttachmentEntry: null,
  DocCurrency: 'IQD',
  DocRate: 1450,
  Reference1: '2611349',
  Reference2: null,
  Comments: '',
  JournalMemo: 'Sales Orders - CUS00030160',
  PaymentGroupCode: -1,
  DocTime: '14:51:00',
  SalesPersonCode: 265,
  TransportationCode: -1,
  Confirmed: 'tYES',
  ImportFileNum: null,
  SummeryType: 'dNoSummary',
  ContactPersonCode: null,
  ShowSCN: 'tNO',
  Series: 264,
  TaxDate: '2026-09-27',
  PartialSupply: 'tYES',
  DocObjectCode: 'oOrders',
  ShipToCode: null,
  Indicator: null,
  FederalTaxID: null,
  DiscountPercent: 0,
  PaymentReference: null,
  CreationDate: '2026-09-27',
  UpdateDate: '2026-09-27',
  FinancialPeriod: 62,
  UserSign: 134,
  TransNum: null,
  VatSum: 0,
  VatSumSys: 0,
  VatSumFc: 0,
  NetProcedure: 'tNO',
  DocTotalFc: 6250,
  DocTotalSys: 6250,
  Form1099: null,
  Box1099: null,
  RevisionPo: 'tNO',
  RequriedDate: '2026-09-27',
  CancelDate: '2026-10-27',
  BlockDunning: 'tNO',
  Submitted: 'tNO',
  Segment: 0,
  PickStatus: 'tNO',
  Pick: 'tNO',
  PaymentMethod: null,
  PaymentBlock: 'tNO',
  PaymentBlockEntry: null,
  CentralBankIndicator: null,
  MaximumCashDiscount: 'tNO',
  Reserve: 'tNO',
  Project: null,
  ExemptionValidityDateFrom: null,
  ExemptionValidityDateTo: null,
  WareHouseUpdateType: 'dwh_CustomerOrders',
  Rounding: 'tNO',
  ExternalCorrectedDocNum: null,
  InternalCorrectedDocNum: null,
  NextCorrectingDocument: null,
  DeferredTax: 'tNO',
  TaxExemptionLetterNum: null,
  WTApplied: 0,
  WTAppliedFC: 0,
  BillOfExchangeReserved: 'tNO',
  AgentCode: null,
  WTAppliedSC: 0,
  TotalEqualizationTax: 0,
  TotalEqualizationTaxFC: 0,
  TotalEqualizationTaxSC: 0,
  NumberOfInstallments: 1,
  ApplyTaxOnFirstInstallment: 'tNO',
  WTNonSubjectAmount: 0,
  WTNonSubjectAmountSC: 0,
  WTNonSubjectAmountFC: 0,
  WTExemptedAmount: 0,
  WTExemptedAmountSC: 0,
  WTExemptedAmountFC: 0,
  BaseAmount: 0,
  BaseAmountSC: 0,
  BaseAmountFC: 0,
  WTAmount: 0,
  WTAmountSC: 0,
  WTAmountFC: 0,
  VatDate: null,
  DocumentsOwner: null,
  FolioPrefixString: null,
  FolioNumber: null,
  DocumentSubType: 'bod_None',
  BPChannelCode: null,
  BPChannelContact: null,
  Address2: '',
  DocumentStatus: 'bost_Open',
  PeriodIndicator: 'Default',
  PayToCode: null,
  ManualNumber: null,
  UseShpdGoodsAct: 'tNO',
  IsPayToBank: 'tNO',
  PayToBankCountry: null,
  PayToBankCode: null,
  PayToBankAccountNo: null,
  PayToBankBranch: null,
  BPL_IDAssignedToInvoice: null,
  DownPayment: 0,
  ReserveInvoice: 'tNO',
  LanguageCode: 8,
  TrackingNumber: null,
  PickRemark: null,
  ClosingDate: null,
  SequenceCode: null,
  SequenceSerial: null,
  SeriesString: null,
  SubSeriesString: null,
  SequenceModel: '0',
  UseCorrectionVATGroup: 'tNO',
  TotalDiscount: 0,
  DownPaymentAmount: 0,
  DownPaymentPercentage: 0,
  DownPaymentType: 'dptInvoice',
  DownPaymentAmountSC: 0,
  DownPaymentAmountFC: 0,
  VatPercent: 0,
  ServiceGrossProfitPercent: 0,
  OpeningRemarks: null,
  ClosingRemarks: null,
  RoundingDiffAmount: 0,
  RoundingDiffAmountFC: 0,
  RoundingDiffAmountSC: 0,
  Cancelled: 'tNO',
  SignatureInputMessage: null,
  SignatureDigest: null,
  CertificationNumber: null,
  PrivateKeyVersion: null,
  ControlAccount: '112020001',
  InsuranceOperation347: 'tNO',
  ArchiveNonremovableSalesQuotation: 'tNO',
  GTSChecker: null,
  GTSPayee: null,
  ExtraMonth: 0,
  ExtraDays: 0,
  CashDiscountDateOffset: 0,
  StartFrom: 'pdt_None',
  NTSApproved: 'tNO',
  ETaxWebSite: null,
  ETaxNumber: null,
  NTSApprovedNumber: null,
  EDocGenerationType: 'edocNotRelevant',
  EDocSeries: null,
  EDocNum: null,
  EDocExportFormat: null,
  EDocStatus: 'edoc_Ok',
  EDocErrorCode: null,
  EDocErrorMessage: null,
  DownPaymentStatus: 'so_Open',
  GroupSeries: null,
  GroupNumber: null,
  GroupHandWritten: 'tNO',
  ReopenOriginalDocument: null,
  ReopenManuallyClosedOrCanceledDocument: null,
  CreateOnlineQuotation: 'tNO',
  POSEquipmentNumber: null,
  POSManufacturerSerialNumber: null,
  POSCashierNumber: null,
  ApplyCurrentVATRatesForDownPaymentsToDraw: 'tNO',
  ClosingOption: 'coByCurrentSystemDate',
  SpecifiedClosingDate: null,
  OpenForLandedCosts: 'tYES',
  AuthorizationStatus: 'dasWithout',
  TotalDiscountFC: 0,
  TotalDiscountSC: 0,
  RelevantToGTS: 'tNO',
  BPLName: null,
  VATRegNum: null,
  AnnualInvoiceDeclarationReference: null,
  Supplier: null,
  Releaser: null,
  Receiver: null,
  BlanketAgreementNumber: null,
  IsAlteration: 'tNO',
  CancelStatus: 'csNo',
  AssetValueDate: null,
  DocumentDelivery: 'ddtNoneSeleted',
  AuthorizationCode: null,
  StartDeliveryDate: null,
  StartDeliveryTime: null,
  EndDeliveryDate: null,
  EndDeliveryTime: null,
  VehiclePlate: null,
  ATDocumentType: null,
  ElecCommStatus: null,
  ElecCommMessage: null,
  ReuseDocumentNum: 'tNO',
  ReuseNotaFiscalNum: 'tNO',
  PrintSEPADirect: 'tNO',
  FiscalDocNum: null,
  POSDailySummaryNo: null,
  POSReceiptNo: null,
  PointOfIssueCode: null,
  Letter: null,
  FolioNumberFrom: null,
  FolioNumberTo: null,
  InterimType: 'boidt_None',
  RelatedType: -1,
  RelatedEntry: null,
  SAPPassport: null,
  DocumentTaxID: null,
  DateOfReportingControlStatementVAT: null,
  ReportingSectionControlStatementVAT: null,
  ExcludeFromTaxReportControlStatementVAT: 'tNO',
  POS_CashRegister: null,
  UpdateTime: '14:51:38',
  CreateQRCodeFrom: null,
  PriceMode: null,
  ShipFrom: null,
  CommissionTrade: 'ct_Empty',
  CommissionTradeReturn: 'tNO',
  UseBillToAddrToDetermineTax: 'tNO',
  Cig: null,
  Cup: null,
  FatherCard: null,
  FatherType: 'cPayments_sum',
  ShipState: null,
  ShipPlace: null,
  CustOffice: null,
  FCI: null,
  AddLegIn: null,
  LegTextF: null,
  DANFELgTxt: null,
  IndFinal: 'tNO',
  DataVersion: 1,
  LastPageFolioNumber: null,
  U_ST_Activity: null,
  U_ST_Driver: null,
  U_ST_ShipNo: null,
  U_ST_ShipStatus: 'U',
  U_ST_QStatus: 'P',
  U_ST_isSigned: null,
  U_ST_ReturnType: null,
  U_ST_CreationTime: null,
  U_Location: null,
  U_Department: null,
  U_Approval: 'N',
  U_MKT_time: null,
  U_Arch: null,
  U_suspend: 'N',
  Document_ApprovalRequests: [],
  DocumentLines: [
    {
      LineNum: 0,
      ItemCode: 'OPP00369',
      ItemDescription: 'OPPLE EcoMax Bulb LED-E1-A60-E27-9W-3000K-CT-V7',
      Quantity: 3,
      ShipDate: '2026-09-27',
      Price: 1500,
      PriceAfterVAT: 1500,
      Currency: 'IQD',
      Rate: 1450,
      DiscountPercent: 0,
      VendorNum: null,
      SerialNum: null,
      WarehouseCode: 'KRA001',
      SalesPersonCode: 265,
      CommisionPercent: 0,
      TreeType: 'iNotATree',
      AccountCode: '411010001',
      UseBaseUnits: 'tNO',
      SupplierCatNum: null,
      CostingCode: null,
      ProjectCode: null,
      BarCode: '',
      VatGroup: 'X0',
      Height1: 0,
      Hight1Unit: null,
      Height2: 0,
      Height2Unit: null,
      Lengh1: 0,
      Lengh1Unit: null,
      Lengh2: 0,
      Lengh2Unit: null,
      Weight1: 0,
      Weight1Unit: null,
      Weight2: 0,
      Weight2Unit: null,
      Factor1: 1,
      Factor2: 1,
      Factor3: 1,
      Factor4: 1,
      BaseType: -1,
      BaseEntry: null,
      BaseLine: null,
      Volume: 0.00147,
      VolumeUnit: 4,
      Width1: 0,
      Width1Unit: null,
      Width2: 0,
      Width2Unit: null,
      Address: '',
      TaxCode: null,
      TaxType: 'tt_Yes',
      TaxLiable: 'tYES',
      PickStatus: 'tNO',
      PickQuantity: 0,
      PickListIdNumber: null,
      OriginalItem: null,
      BackOrder: 'tYES',
      FreeText: '',
      ShippingMethod: 1,
      POTargetNum: null,
      POTargetEntry: null,
      POTargetRowNum: null,
      CorrectionInvoiceItem: 'ciis_ShouldBe',
      CorrInvAmountToStock: 0,
      CorrInvAmountToDiffAcct: 0,
      AppliedTax: 0,
      AppliedTaxFC: 0,
      AppliedTaxSC: 0,
      WTLiable: 'tNO',
      DeferredTax: 'tNO',
      EqualizationTaxPercent: 0,
      TotalEqualizationTax: 0,
      TotalEqualizationTaxFC: 0,
      TotalEqualizationTaxSC: 0,
      NetTaxAmount: 0,
      NetTaxAmountFC: 0,
      NetTaxAmountSC: 0,
      MeasureUnit: 'PCS',
      UnitsOfMeasurment: 1,
      LineTotal: 3.1,
      TaxPercentagePerRow: 0,
      TaxTotal: 0,
      ConsumerSalesForecast: 'tYES',
      ExciseAmount: 0,
      TaxPerUnit: 0,
      TotalInclTax: 0,
      CountryOrg: null,
      SWW: '12007780',
      TransactionType: null,
      DistributeExpense: 'tYES',
      RowTotalFC: 4500,
      RowTotalSC: 4500,
      LastBuyInmPrice: 0,
      LastBuyDistributeSumFc: 0,
      LastBuyDistributeSumSc: 0,
      LastBuyDistributeSum: 0,
      StockDistributesumForeign: 0,
      StockDistributesumSystem: 0,
      StockDistributesum: 0,
      StockInmPrice: 0,
      PickStatusEx: 'dlps_NotPicked',
      TaxBeforeDPM: 0,
      TaxBeforeDPMFC: 0,
      TaxBeforeDPMSC: 0,
      CFOPCode: null,
      CSTCode: null,
      Usage: null,
      TaxOnly: 'tNO',
      VisualOrder: 0,
      BaseOpenQuantity: 0,
      UnitPrice: 1500,
      LineStatus: 'bost_Open',
      PackageQuantity: 3,
      Text: '',
      LineType: 'dlt_Regular',
      COGSCostingCode: null,
      COGSAccountCode: '511010001',
      ChangeAssemlyBoMWarehouse: 'N',
      GrossBuyPrice: 0.71,
      GrossBase: -5,
      GrossProfitTotalBasePrice: 2.13,
      CostingCode2: null,
      CostingCode3: null,
      CostingCode4: null,
      CostingCode5: null,
      ItemDetails: null,
      LocationCode: null,
      ActualDeliveryDate: null,
      RemainingOpenQuantity: 3,
      OpenAmount: 3.1,
      OpenAmountFC: 4500,
      OpenAmountSC: 4500,
      ExLineNo: null,
      RequiredDate: null,
      RequiredQuantity: 0,
      COGSCostingCode2: null,
      COGSCostingCode3: null,
      COGSCostingCode4: null,
      COGSCostingCode5: null,
      CSTforIPI: null,
      CSTforPIS: null,
      CSTforCOFINS: null,
      CreditOriginCode: null,
      WithoutInventoryMovement: 'tNO',
      AgreementNo: null,
      AgreementRowNumber: null,
      ActualBaseEntry: null,
      ActualBaseLine: null,
      DocEntry: 281880,
      Surpluses: 0,
      DefectAndBreakup: 0,
      Shortages: 0,
      ConsiderQuantity: 'tNO',
      PartialRetirement: 'tNO',
      RetirementQuantity: 0,
      RetirementAPC: 0,
      ThirdParty: 'tNO',
      PoNum: null,
      PoItmNum: null,
      ExpenseType: null,
      ReceiptNumber: null,
      ExpenseOperationType: null,
      FederalTaxID: null,
      GrossProfit: 0.97,
      GrossProfitFC: 1411.5,
      GrossProfitSC: 1411.5,
      PriceSource: 'dpsManual',
      StgSeqNum: null,
      StgEntry: null,
      StgDesc: null,
      UoMEntry: 1,
      UoMCode: 'PCS',
      InventoryQuantity: 3,
      RemainingOpenInventoryQuantity: 3,
      ParentLineNum: null,
      Incoterms: 0,
      TransportMode: 0,
      NatureOfTransaction: null,
      DestinationCountryForImport: null,
      DestinationRegionForImport: null,
      OriginCountryForExport: null,
      OriginRegionForExport: null,
      ItemType: 'dit_Item',
      ChangeInventoryQuantityIndependently: 'tNO',
      FreeOfChargeBP: 'tNO',
      SACEntry: null,
      HSNEntry: null,
      GrossPrice: 1500,
      GrossTotal: 3.1,
      GrossTotalFC: 4500,
      GrossTotalSC: 4500,
      NCMCode: -1,
      NVECode: null,
      IndEscala: 'tNO',
      CtrSealQty: 0,
      CNJPMan: null,
      CESTCode: null,
      UFFiscalBenefitCode: null,
      ReverseCharge: 'tNO',
      ShipToCode: null,
      ShipToDescription: '',
      OwnerCode: null,
      ExternalCalcTaxRate: 0,
      ExternalCalcTaxAmount: 0,
      ExternalCalcTaxAmountFC: 0,
      ExternalCalcTaxAmountSC: 0,
      StandardItemIdentification: null,
      CommodityClassification: null,
      UnencumberedReason: null,
      CUSplit: 'tNO',
      U_ST_DelDate: null,
      U_ST_ShipStatus: 'U',
      U_ST_SalePrice: 0,
      U_ST_Text: null,
      U_ST_TerritL: null,
      U_ST_WhsName: null,
      U_ST_WhsNameTo: null,
      U_Vol: 0,
      U_UOM: null,
      U_U_PARTNO: null,
      LineTaxJurisdictions: [],
      DocumentLineAdditionalExpenses: [],
      WithholdingTaxLines: [],
      SerialNumbers: [],
      BatchNumbers: [],
      DocumentLinesBinAllocations: []
    },
    {
      LineNum: 1,
      ItemCode: 'OPP01018',
      ItemDescription: 'OPPLE LED-US Bulb-A60-E27-12W-3000K-CT-DZ',
      Quantity: 1,
      ShipDate: '2026-09-27',
      Price: 1750,
      PriceAfterVAT: 1750,
      Currency: 'IQD',
      Rate: 1450,
      DiscountPercent: 0,
      VendorNum: null,
      SerialNum: null,
      WarehouseCode: 'KRA001',
      SalesPersonCode: 265,
      CommisionPercent: 0,
      TreeType: 'iNotATree',
      AccountCode: '411010001',
      UseBaseUnits: 'tNO',
      SupplierCatNum: null,
      CostingCode: null,
      ProjectCode: null,
      BarCode: '',
      VatGroup: 'X0',
      Height1: 0,
      Hight1Unit: null,
      Height2: 0,
      Height2Unit: null,
      Lengh1: 0,
      Lengh1Unit: null,
      Lengh2: 0,
      Lengh2Unit: null,
      Weight1: 0,
      Weight1Unit: null,
      Weight2: 0,
      Weight2Unit: null,
      Factor1: 1,
      Factor2: 1,
      Factor3: 1,
      Factor4: 1,
      BaseType: -1,
      BaseEntry: null,
      BaseLine: null,
      Volume: 0.000169,
      VolumeUnit: 4,
      Width1: 0,
      Width1Unit: null,
      Width2: 0,
      Width2Unit: null,
      Address: '',
      TaxCode: null,
      TaxType: 'tt_Yes',
      TaxLiable: 'tYES',
      PickStatus: 'tNO',
      PickQuantity: 0,
      PickListIdNumber: null,
      OriginalItem: null,
      BackOrder: 'tYES',
      FreeText: '',
      ShippingMethod: 2,
      POTargetNum: null,
      POTargetEntry: null,
      POTargetRowNum: null,
      CorrectionInvoiceItem: 'ciis_ShouldBe',
      CorrInvAmountToStock: 0,
      CorrInvAmountToDiffAcct: 0,
      AppliedTax: 0,
      AppliedTaxFC: 0,
      AppliedTaxSC: 0,
      WTLiable: 'tNO',
      DeferredTax: 'tNO',
      EqualizationTaxPercent: 0,
      TotalEqualizationTax: 0,
      TotalEqualizationTaxFC: 0,
      TotalEqualizationTaxSC: 0,
      NetTaxAmount: 0,
      NetTaxAmountFC: 0,
      NetTaxAmountSC: 0,
      MeasureUnit: 'PCS',
      UnitsOfMeasurment: 1,
      LineTotal: 1.21,
      TaxPercentagePerRow: 0,
      TaxTotal: 0,
      ConsumerSalesForecast: 'tYES',
      ExciseAmount: 0,
      TaxPerUnit: 0,
      TotalInclTax: 0,
      CountryOrg: 'CN',
      SWW: null,
      TransactionType: null,
      DistributeExpense: 'tYES',
      RowTotalFC: 1750,
      RowTotalSC: 1750,
      LastBuyInmPrice: 0,
      LastBuyDistributeSumFc: 0,
      LastBuyDistributeSumSc: 0,
      LastBuyDistributeSum: 0,
      StockDistributesumForeign: 0,
      StockDistributesumSystem: 0,
      StockDistributesum: 0,
      StockInmPrice: 0,
      PickStatusEx: 'dlps_NotPicked',
      TaxBeforeDPM: 0,
      TaxBeforeDPMFC: 0,
      TaxBeforeDPMSC: 0,
      CFOPCode: null,
      CSTCode: null,
      Usage: null,
      TaxOnly: 'tNO',
      VisualOrder: 1,
      BaseOpenQuantity: 0,
      UnitPrice: 1750,
      LineStatus: 'bost_Open',
      PackageQuantity: 1,
      Text: '',
      LineType: 'dlt_Regular',
      COGSCostingCode: null,
      COGSAccountCode: '511010001',
      ChangeAssemlyBoMWarehouse: 'N',
      GrossBuyPrice: 0.52,
      GrossBase: -5,
      GrossProfitTotalBasePrice: 0.52,
      CostingCode2: null,
      CostingCode3: null,
      CostingCode4: null,
      CostingCode5: null,
      ItemDetails: null,
      LocationCode: null,
      ActualDeliveryDate: null,
      RemainingOpenQuantity: 1,
      OpenAmount: 1.21,
      OpenAmountFC: 1750,
      OpenAmountSC: 1750,
      ExLineNo: null,
      RequiredDate: null,
      RequiredQuantity: 0,
      COGSCostingCode2: null,
      COGSCostingCode3: null,
      COGSCostingCode4: null,
      COGSCostingCode5: null,
      CSTforIPI: null,
      CSTforPIS: null,
      CSTforCOFINS: null,
      CreditOriginCode: null,
      WithoutInventoryMovement: 'tNO',
      AgreementNo: null,
      AgreementRowNumber: null,
      ActualBaseEntry: null,
      ActualBaseLine: null,
      DocEntry: 281880,
      Surpluses: 0,
      DefectAndBreakup: 0,
      Shortages: 0,
      ConsiderQuantity: 'tNO',
      PartialRetirement: 'tNO',
      RetirementQuantity: 0,
      RetirementAPC: 0,
      ThirdParty: 'tNO',
      PoNum: null,
      PoItmNum: null,
      ExpenseType: null,
      ReceiptNumber: null,
      ExpenseOperationType: null,
      FederalTaxID: null,
      GrossProfit: 0.69,
      GrossProfitFC: 996,
      GrossProfitSC: 996,
      PriceSource: 'dpsManual',
      StgSeqNum: null,
      StgEntry: null,
      StgDesc: null,
      UoMEntry: 1,
      UoMCode: 'PCS',
      InventoryQuantity: 1,
      RemainingOpenInventoryQuantity: 1,
      ParentLineNum: null,
      Incoterms: 0,
      TransportMode: 0,
      NatureOfTransaction: null,
      DestinationCountryForImport: null,
      DestinationRegionForImport: null,
      OriginCountryForExport: null,
      OriginRegionForExport: null,
      ItemType: 'dit_Item',
      ChangeInventoryQuantityIndependently: 'tNO',
      FreeOfChargeBP: 'tNO',
      SACEntry: null,
      HSNEntry: null,
      GrossPrice: 1750,
      GrossTotal: 1.21,
      GrossTotalFC: 1750,
      GrossTotalSC: 1750,
      NCMCode: -1,
      NVECode: null,
      IndEscala: 'tNO',
      CtrSealQty: 0,
      CNJPMan: null,
      CESTCode: null,
      UFFiscalBenefitCode: null,
      ReverseCharge: 'tNO',
      ShipToCode: null,
      ShipToDescription: '',
      OwnerCode: null,
      ExternalCalcTaxRate: 0,
      ExternalCalcTaxAmount: 0,
      ExternalCalcTaxAmountFC: 0,
      ExternalCalcTaxAmountSC: 0,
      StandardItemIdentification: null,
      CommodityClassification: null,
      UnencumberedReason: null,
      CUSplit: 'tNO',
      U_ST_DelDate: null,
      U_ST_ShipStatus: 'U',
      U_ST_SalePrice: 0,
      U_ST_Text: null,
      U_ST_TerritL: null,
      U_ST_WhsName: null,
      U_ST_WhsNameTo: null,
      U_Vol: 0,
      U_UOM: null,
      U_U_PARTNO: null,
      LineTaxJurisdictions: [],
      DocumentLineAdditionalExpenses: [],
      WithholdingTaxLines: [],
      SerialNumbers: [],
      BatchNumbers: [],
      DocumentLinesBinAllocations: []
    }
  ],
  ElectronicProtocols: [],
  DocumentAdditionalExpenses: [],
  WithholdingTaxDataWTXCollection: [],
  WithholdingTaxDataCollection: [],
  DocumentSpecialLines: [],
  TaxExtension: {
    TaxId0: null,
    TaxId1: null,
    TaxId2: null,
    TaxId3: null,
    TaxId4: null,
    TaxId5: null,
    TaxId6: null,
    TaxId7: null,
    TaxId8: null,
    TaxId9: null,
    State: null,
    County: null,
    Incoterms: null,
    Vehicle: null,
    VehicleState: null,
    NFRef: null,
    Carrier: null,
    PackQuantity: null,
    PackDescription: null,
    Brand: null,
    ShipUnitNo: null,
    NetWeight: 0,
    GrossWeight: 0,
    StreetS: null,
    BlockS: null,
    BuildingS: null,
    CityS: null,
    ZipCodeS: null,
    CountyS: null,
    StateS: null,
    CountryS: null,
    StreetB: null,
    BlockB: null,
    BuildingB: null,
    CityB: null,
    ZipCodeB: null,
    CountyB: null,
    StateB: null,
    CountryB: null,
    ImportOrExport: null,
    MainUsage: null,
    GlobalLocationNumberS: null,
    GlobalLocationNumberB: null,
    TaxId12: null,
    TaxId13: null,
    BillOfEntryNo: null,
    BillOfEntryDate: null,
    OriginalBillOfEntryNo: null,
    OriginalBillOfEntryDate: null,
    ImportOrExportType: 'et_IpmortsOrExports',
    PortCode: null,
    DocEntry: 281880,
    BoEValue: 0,
    ClaimRefund: null,
    DifferentialOfTaxRate: null,
    IsIGSTAccount: null
  },
  AddressExtension: {
    ShipToStreet: null,
    ShipToStreetNo: null,
    ShipToBlock: null,
    ShipToBuilding: null,
    ShipToCity: null,
    ShipToZipCode: null,
    ShipToCounty: null,
    ShipToState: null,
    ShipToCountry: null,
    ShipToAddressType: null,
    BillToStreet: null,
    BillToStreetNo: null,
    BillToBlock: null,
    BillToBuilding: null,
    BillToCity: null,
    BillToZipCode: null,
    BillToCounty: null,
    BillToState: null,
    BillToCountry: null,
    BillToAddressType: null,
    ShipToGlobalLocationNumber: null,
    BillToGlobalLocationNumber: null,
    ShipToAddress2: null,
    ShipToAddress3: null,
    BillToAddress2: null,
    BillToAddress3: null,
    PlaceOfSupply: null,
    PurchasePlaceOfSupply: null,
    DocEntry: 281880,
    GoodsIssuePlaceBP: null,
    GoodsIssuePlaceCNPJ: null,
    GoodsIssuePlaceCPF: null,
    GoodsIssuePlaceStreet: null,
    GoodsIssuePlaceStreetNo: null,
    GoodsIssuePlaceBuilding: null,
    GoodsIssuePlaceZip: null,
    GoodsIssuePlaceBlock: null,
    GoodsIssuePlaceCity: null,
    GoodsIssuePlaceCounty: null,
    GoodsIssuePlaceState: null,
    GoodsIssuePlaceCountry: null,
    GoodsIssuePlacePhone: null,
    GoodsIssuePlaceEMail: null,
    GoodsIssuePlaceDepartureDate: null,
    DeliveryPlaceBP: null,
    DeliveryPlaceCNPJ: null,
    DeliveryPlaceCPF: null,
    DeliveryPlaceStreet: null,
    DeliveryPlaceStreetNo: null,
    DeliveryPlaceBuilding: null,
    DeliveryPlaceZip: null,
    DeliveryPlaceBlock: null,
    DeliveryPlaceCity: null,
    DeliveryPlaceCounty: null,
    DeliveryPlaceState: null,
    DeliveryPlaceCountry: null,
    DeliveryPlacePhone: null,
    DeliveryPlaceEMail: null,
    DeliveryPlaceDepartureDate: null
  },
  DocumentReferences: []
}
🔐 تسجيل الدخول في SAP بواسطة: ManRetSale4
✅ تسجيل دخول ناجح في SAP
📋 فلترة حسب المندوب: SalesPersonCode = 74        
🔐 محاولة تسجيل الدخول في SAP بواسطة: ManRetSale4
✅ تسجيل دخول ناجح إلى SAP بواسطة ManRetSale4
🧾 Final payload to SAP: {
  "RepID": "74        ",
  "CardCode": "CUS00000907",
  "DocDueDate": "2026-09-27",
  "DocCurrency": "IQD",
  "DocumentLines": [
    {
      "ItemCode": "RANI00242",
      "Quantity": 1,
      "UnitPrice": 1750,
      "WarehouseCode": "KRA001",
      "DiscountPercent": 0,
      "FreeText": ""
    },
    {
      "ItemCode": "RANI00243",
      "Quantity": 1,
      "UnitPrice": 1750,
      "WarehouseCode": "EWJ001",
      "DiscountPercent": 0,
      "FreeText": ""
    },
    {
      "ItemCode": "RANI00245",
      "Quantity": 1,
      "UnitPrice": 5250,
      "WarehouseCode": "EWJ001",
      "DiscountPercent": 0,
      "FreeText": ""
    },
    {
      "ItemCode": "RANI00249",
      "Quantity": 1,
      "UnitPrice": 48750,
      "WarehouseCode": "EWJ001",
      "DiscountPercent": 0,
      "FreeText": ""
    },
    {
      "ItemCode": "RANI00215",
      "Quantity": 1,
      "UnitPrice": 21000,
      "WarehouseCode": "EWJ001",
      "DiscountPercent": 0,
      "FreeText": ""
    },
    {
      "ItemCode": "RANI00212",
      "Quantity": 1,
      "UnitPrice": 24500,
      "WarehouseCode": "EWJ001",
      "DiscountPercent": 0,
      "FreeText": ""
    },
    {
      "ItemCode": "RANI00209",
      "Quantity": 1,
      "UnitPrice": 17500,
      "WarehouseCode": "KRA001",
      "DiscountPercent": 0,
      "FreeText": ""
    },
    {
      "ItemCode": "RANI00211",
      "Quantity": 1,
      "UnitPrice": 42000,
      "WarehouseCode": "EWJ001",
      "DiscountPercent": 0,
      "FreeText": ""
    },
    {
      "ItemCode": "RANI00228",
      "Quantity": 1,
      "UnitPrice": 21000,
      "WarehouseCode": "KRA001",
      "DiscountPercent": 0,
      "FreeText": ""
    }
  ],
  "U_CreatedBy": "Shams",
  "SalesPersonCode": 74
}
🧾 أمر البيع أنشئ بنجاح من قبل ManRetSale4: {
  'odata.metadata': 'https://hanab1:50000/b1s/v1/$metadata#Orders/@Element',
  'odata.etag': 'W/"356A192B7913B04C54574D18C28D46E6395428AB"',
  DocEntry: 281897,
  DocNum: 2611355,
  DocType: 'dDocument_Items',
  HandWritten: 'tNO',
  Printed: 'psNo',
  DocDate: '2026-09-27',
  DocDueDate: '2026-09-27',
  CardCode: 'CUS00000907',
  CardName: 'شركة الهلال',
  Address: null,
  NumAtCard: null,
  DocTotal: 126.56,
  AttachmentEntry: null,
  DocCurrency: 'IQD',
  DocRate: 1450,
  Reference1: '2611355',
  Reference2: null,
  Comments: '',
  JournalMemo: 'Sales Orders - CUS00000907',
  PaymentGroupCode: 1,
  DocTime: '16:10:00',
  SalesPersonCode: 74,
  TransportationCode: -1,
  Confirmed: 'tYES',
  ImportFileNum: null,
  SummeryType: 'dNoSummary',
  ContactPersonCode: null,
  ShowSCN: 'tNO',
  Series: 264,
  TaxDate: '2026-09-27',
  PartialSupply: 'tYES',
  DocObjectCode: 'oOrders',
  ShipToCode: null,
  Indicator: null,
  FederalTaxID: null,
  DiscountPercent: 0,
  PaymentReference: null,
  CreationDate: '2026-09-27',
  UpdateDate: '2026-09-27',
  FinancialPeriod: 62,
  UserSign: 136,
  TransNum: null,
  VatSum: 0,
  VatSumSys: 0,
  VatSumFc: 0,
  NetProcedure: 'tNO',
  DocTotalFc: 183500,
  DocTotalSys: 183500,
  Form1099: null,
  Box1099: null,
  RevisionPo: 'tNO',
  RequriedDate: '2026-09-27',
  CancelDate: '2026-10-27',
  BlockDunning: 'tNO',
  Submitted: 'tNO',
  Segment: 0,
  PickStatus: 'tNO',
  Pick: 'tNO',
  PaymentMethod: null,
  PaymentBlock: 'tNO',
  PaymentBlockEntry: null,
  CentralBankIndicator: null,
  MaximumCashDiscount: 'tNO',
  Reserve: 'tNO',
  Project: null,
  ExemptionValidityDateFrom: null,
  ExemptionValidityDateTo: null,
  WareHouseUpdateType: 'dwh_CustomerOrders',
  Rounding: 'tNO',
  ExternalCorrectedDocNum: null,
  InternalCorrectedDocNum: null,
  NextCorrectingDocument: null,
  DeferredTax: 'tNO',
  TaxExemptionLetterNum: null,
  WTApplied: 0,
  WTAppliedFC: 0,
  BillOfExchangeReserved: 'tNO',
  AgentCode: null,
  WTAppliedSC: 0,
  TotalEqualizationTax: 0,
  TotalEqualizationTaxFC: 0,
  TotalEqualizationTaxSC: 0,
  NumberOfInstallments: 1,
  ApplyTaxOnFirstInstallment: 'tNO',
  WTNonSubjectAmount: 0,
  WTNonSubjectAmountSC: 0,
  WTNonSubjectAmountFC: 0,
  WTExemptedAmount: 0,
  WTExemptedAmountSC: 0,
  WTExemptedAmountFC: 0,
  BaseAmount: 0,
  BaseAmountSC: 0,
  BaseAmountFC: 0,
  WTAmount: 0,
  WTAmountSC: 0,
  WTAmountFC: 0,
  VatDate: null,
  DocumentsOwner: null,
  FolioPrefixString: null,
  FolioNumber: null,
  DocumentSubType: 'bod_None',
  BPChannelCode: null,
  BPChannelContact: null,
  Address2: '',
  DocumentStatus: 'bost_Open',
  PeriodIndicator: 'Default',
  PayToCode: null,
  ManualNumber: null,
  UseShpdGoodsAct: 'tNO',
  IsPayToBank: 'tNO',
  PayToBankCountry: null,
  PayToBankCode: null,
  PayToBankAccountNo: null,
  PayToBankBranch: null,
  BPL_IDAssignedToInvoice: null,
  DownPayment: 0,
  ReserveInvoice: 'tNO',
  LanguageCode: 8,
  TrackingNumber: null,
  PickRemark: null,
  ClosingDate: null,
  SequenceCode: null,
  SequenceSerial: null,
  SeriesString: null,
  SubSeriesString: null,
  SequenceModel: '0',
  UseCorrectionVATGroup: 'tNO',
  TotalDiscount: 0,
  DownPaymentAmount: 0,
  DownPaymentPercentage: 0,
  DownPaymentType: 'dptInvoice',
  DownPaymentAmountSC: 0,
  DownPaymentAmountFC: 0,
  VatPercent: 0,
  ServiceGrossProfitPercent: 0,
  OpeningRemarks: null,
  ClosingRemarks: null,
  RoundingDiffAmount: 0,
  RoundingDiffAmountFC: 0,
  RoundingDiffAmountSC: 0,
  Cancelled: 'tNO',
  SignatureInputMessage: null,
  SignatureDigest: null,
  CertificationNumber: null,
  PrivateKeyVersion: null,
  ControlAccount: '112020001',
  InsuranceOperation347: 'tNO',
  ArchiveNonremovableSalesQuotation: 'tNO',
  GTSChecker: null,
  GTSPayee: null,
  ExtraMonth: 0,
  ExtraDays: 30,
  CashDiscountDateOffset: 0,
  StartFrom: 'pdt_None',
  NTSApproved: 'tNO',
  ETaxWebSite: null,
  ETaxNumber: null,
  NTSApprovedNumber: null,
  EDocGenerationType: 'edocNotRelevant',
  EDocSeries: null,
  EDocNum: null,
  EDocExportFormat: null,
  EDocStatus: 'edoc_Ok',
  EDocErrorCode: null,
  EDocErrorMessage: null,
  DownPaymentStatus: 'so_Open',
  GroupSeries: null,
  GroupNumber: null,
  GroupHandWritten: 'tNO',
  ReopenOriginalDocument: null,
  ReopenManuallyClosedOrCanceledDocument: null,
  CreateOnlineQuotation: 'tNO',
  POSEquipmentNumber: null,
  POSManufacturerSerialNumber: null,
  POSCashierNumber: null,
  ApplyCurrentVATRatesForDownPaymentsToDraw: 'tNO',
  ClosingOption: 'coByCurrentSystemDate',
  SpecifiedClosingDate: null,
  OpenForLandedCosts: 'tYES',
  AuthorizationStatus: 'dasWithout',
  TotalDiscountFC: 0,
  TotalDiscountSC: 0,
  RelevantToGTS: 'tNO',
  BPLName: null,
  VATRegNum: null,
  AnnualInvoiceDeclarationReference: null,
  Supplier: null,
  Releaser: null,
  Receiver: null,
  BlanketAgreementNumber: null,
  IsAlteration: 'tNO',
  CancelStatus: 'csNo',
  AssetValueDate: null,
  DocumentDelivery: 'ddtNoneSeleted',
  AuthorizationCode: null,
  StartDeliveryDate: null,
  StartDeliveryTime: null,
  EndDeliveryDate: null,
  EndDeliveryTime: null,
  VehiclePlate: null,
  ATDocumentType: null,
  ElecCommStatus: null,
  ElecCommMessage: null,
  ReuseDocumentNum: 'tNO',
  ReuseNotaFiscalNum: 'tNO',
  PrintSEPADirect: 'tNO',
  FiscalDocNum: null,
  POSDailySummaryNo: null,
  POSReceiptNo: null,
  PointOfIssueCode: null,
  Letter: null,
  FolioNumberFrom: null,
  FolioNumberTo: null,
  InterimType: 'boidt_None',
  RelatedType: -1,
  RelatedEntry: null,
  SAPPassport: null,
  DocumentTaxID: null,
  DateOfReportingControlStatementVAT: null,
  ReportingSectionControlStatementVAT: null,
  ExcludeFromTaxReportControlStatementVAT: 'tNO',
  POS_CashRegister: null,
  UpdateTime: '16:10:34',
  CreateQRCodeFrom: null,
  PriceMode: null,
  ShipFrom: null,
  CommissionTrade: 'ct_Empty',
  CommissionTradeReturn: 'tNO',
  UseBillToAddrToDetermineTax: 'tNO',
  Cig: null,
  Cup: null,
  FatherCard: null,
  FatherType: 'cPayments_sum',
  ShipState: null,
  ShipPlace: null,
  CustOffice: null,
  FCI: null,
  AddLegIn: null,
  LegTextF: null,
  DANFELgTxt: null,
  IndFinal: 'tNO',
  DataVersion: 1,
  LastPageFolioNumber: null,
  U_ST_Activity: null,
  U_ST_Driver: null,
  U_ST_ShipNo: null,
  U_ST_ShipStatus: 'U',
  U_ST_QStatus: 'P',
  U_ST_isSigned: null,
  U_ST_ReturnType: null,
  U_ST_CreationTime: null,
  U_Location: null,
  U_Department: null,
  U_Approval: 'N',
  U_MKT_time: null,
  U_Arch: null,
  U_suspend: 'N',
  Document_ApprovalRequests: [],
  DocumentLines: [
    {
      LineNum: 0,
      ItemCode: 'RANI00242',
      ItemDescription: 'Randa Megnetic surface track connector Black G2',
      Quantity: 1,
      ShipDate: '2026-09-27',
      Price: 1750,
      PriceAfterVAT: 1750,
      Currency: 'IQD',
      Rate: 1450,
      DiscountPercent: 0,
      VendorNum: null,
      SerialNum: null,
      WarehouseCode: 'KRA001',
      SalesPersonCode: 74,
      CommisionPercent: 0,
      TreeType: 'iNotATree',
      AccountCode: '411010001',
      UseBaseUnits: 'tNO',
      SupplierCatNum: null,
      CostingCode: null,
      ProjectCode: null,
      BarCode: '',
      VatGroup: 'X0',
      Height1: 0,
      Hight1Unit: null,
      Height2: 0,
      Height2Unit: null,
      Lengh1: 0,
      Lengh1Unit: null,
      Lengh2: 0,
      Lengh2Unit: null,
      Weight1: 0,
      Weight1Unit: null,
      Weight2: 0,
      Weight2Unit: null,
      Factor1: 1,
      Factor2: 1,
      Factor3: 1,
      Factor4: 1,
      BaseType: -1,
      BaseEntry: null,
      BaseLine: null,
      Volume: 0.000152,
      VolumeUnit: 4,
      Width1: 0,
      Width1Unit: null,
      Width2: 0,
      Width2Unit: null,
      Address: '',
      TaxCode: null,
      TaxType: 'tt_Yes',
      TaxLiable: 'tYES',
      PickStatus: 'tNO',
      PickQuantity: 0,
      PickListIdNumber: null,
      OriginalItem: null,
      BackOrder: 'tYES',
      FreeText: '',
      ShippingMethod: 1,
      POTargetNum: null,
      POTargetEntry: null,
      POTargetRowNum: null,
      CorrectionInvoiceItem: 'ciis_ShouldBe',
      CorrInvAmountToStock: 0,
      CorrInvAmountToDiffAcct: 0,
      AppliedTax: 0,
      AppliedTaxFC: 0,
      AppliedTaxSC: 0,
      WTLiable: 'tNO',
      DeferredTax: 'tNO',
      EqualizationTaxPercent: 0,
      TotalEqualizationTax: 0,
      TotalEqualizationTaxFC: 0,
      TotalEqualizationTaxSC: 0,
      NetTaxAmount: 0,
      NetTaxAmountFC: 0,
      NetTaxAmountSC: 0,
      MeasureUnit: 'PCS',
      UnitsOfMeasurment: 1,
      LineTotal: 1.21,
      TaxPercentagePerRow: 0,
      TaxTotal: 0,
      ConsumerSalesForecast: 'tYES',
      ExciseAmount: 0,
      TaxPerUnit: 0,
      TotalInclTax: 0,
      CountryOrg: 'CN',
      SWW: null,
      TransactionType: null,
      DistributeExpense: 'tYES',
      RowTotalFC: 1750,
      RowTotalSC: 1750,
      LastBuyInmPrice: 0,
      LastBuyDistributeSumFc: 0,
      LastBuyDistributeSumSc: 0,
      LastBuyDistributeSum: 0,
      StockDistributesumForeign: 0,
      StockDistributesumSystem: 0,
      StockDistributesum: 0,
      StockInmPrice: 0,
      PickStatusEx: 'dlps_NotPicked',
      TaxBeforeDPM: 0,
      TaxBeforeDPMFC: 0,
      TaxBeforeDPMSC: 0,
      CFOPCode: null,
      CSTCode: null,
      Usage: null,
      TaxOnly: 'tNO',
      VisualOrder: 0,
      BaseOpenQuantity: 0,
      UnitPrice: 1750,
      LineStatus: 'bost_Open',
      PackageQuantity: 1,
      Text: '',
      LineType: 'dlt_Regular',
      COGSCostingCode: null,
      COGSAccountCode: '511010001',
      ChangeAssemlyBoMWarehouse: 'N',
      GrossBuyPrice: 0.3,
      GrossBase: -5,
      GrossProfitTotalBasePrice: 0.3,
      CostingCode2: null,
      CostingCode3: null,
      CostingCode4: null,
      CostingCode5: null,
      ItemDetails: null,
      LocationCode: null,
      ActualDeliveryDate: null,
      RemainingOpenQuantity: 1,
      OpenAmount: 1.21,
      OpenAmountFC: 1750,
      OpenAmountSC: 1750,
      ExLineNo: null,
      RequiredDate: null,
      RequiredQuantity: 0,
      COGSCostingCode2: null,
      COGSCostingCode3: null,
      COGSCostingCode4: null,
      COGSCostingCode5: null,
      CSTforIPI: null,
      CSTforPIS: null,
      CSTforCOFINS: null,
      CreditOriginCode: null,
      WithoutInventoryMovement: 'tNO',
      AgreementNo: null,
      AgreementRowNumber: null,
      ActualBaseEntry: null,
      ActualBaseLine: null,
      DocEntry: 281897,
      Surpluses: 0,
      DefectAndBreakup: 0,
      Shortages: 0,
      ConsiderQuantity: 'tNO',
      PartialRetirement: 'tNO',
      RetirementQuantity: 0,
      RetirementAPC: 0,
      ThirdParty: 'tNO',
      PoNum: null,
      PoItmNum: null,
      ExpenseType: null,
      ReceiptNumber: null,
      ExpenseOperationType: null,
      FederalTaxID: null,
      GrossProfit: 0.91,
      GrossProfitFC: 1315,
      GrossProfitSC: 1315,
      PriceSource: 'dpsManual',
      StgSeqNum: null,
      StgEntry: null,
      StgDesc: null,
      UoMEntry: 1,
      UoMCode: 'PCS',
      InventoryQuantity: 1,
      RemainingOpenInventoryQuantity: 1,
      ParentLineNum: null,
      Incoterms: 0,
      TransportMode: 0,
      NatureOfTransaction: null,
      DestinationCountryForImport: null,
      DestinationRegionForImport: null,
      OriginCountryForExport: null,
      OriginRegionForExport: null,
      ItemType: 'dit_Item',
      ChangeInventoryQuantityIndependently: 'tNO',
      FreeOfChargeBP: 'tNO',
      SACEntry: null,
      HSNEntry: null,
      GrossPrice: 1750,
      GrossTotal: 1.21,
      GrossTotalFC: 1750,
      GrossTotalSC: 1750,
      NCMCode: -1,
      NVECode: null,
      IndEscala: 'tNO',
      CtrSealQty: 0,
      CNJPMan: null,
      CESTCode: null,
      UFFiscalBenefitCode: null,
      ReverseCharge: 'tNO',
      ShipToCode: null,
      ShipToDescription: '',
      OwnerCode: null,
      ExternalCalcTaxRate: 0,
      ExternalCalcTaxAmount: 0,
      ExternalCalcTaxAmountFC: 0,
      ExternalCalcTaxAmountSC: 0,
      StandardItemIdentification: null,
      CommodityClassification: null,
      UnencumberedReason: null,
      CUSplit: 'tNO',
      U_ST_DelDate: null,
      U_ST_ShipStatus: 'U',
      U_ST_SalePrice: 0,
      U_ST_Text: null,
      U_ST_TerritL: null,
      U_ST_WhsName: null,
      U_ST_WhsNameTo: null,
      U_Vol: 0,
      U_UOM: null,
      U_U_PARTNO: null,
      LineTaxJurisdictions: [],
      DocumentLineAdditionalExpenses: [],
      WithholdingTaxLines: [],
      SerialNumbers: [],
      BatchNumbers: [],
      DocumentLinesBinAllocations: []
    },
    {
      LineNum: 1,
      ItemCode: 'RANI00243',
      ItemDescription: 'Randa Megnetic recessed track connector Black G2',
      Quantity: 1,
      ShipDate: '2026-09-27',
      Price: 1750,
      PriceAfterVAT: 1750,
      Currency: 'IQD',
      Rate: 1450,
      DiscountPercent: 0,
      VendorNum: null,
      SerialNum: null,
      WarehouseCode: 'EWJ001',
      SalesPersonCode: 74,
      CommisionPercent: 0,
      TreeType: 'iNotATree',
      AccountCode: '411010001',
      UseBaseUnits: 'tNO',
      SupplierCatNum: null,
      CostingCode: null,
      ProjectCode: null,
      BarCode: '',
      VatGroup: 'X0',
      Height1: 0,
      Hight1Unit: null,
      Height2: 0,
      Height2Unit: null,
      Lengh1: 0,
      Lengh1Unit: null,
      Lengh2: 0,
      Lengh2Unit: null,
      Weight1: 0,
      Weight1Unit: null,
      Weight2: 0,
      Weight2Unit: null,
      Factor1: 1,
      Factor2: 1,
      Factor3: 1,
      Factor4: 1,
      BaseType: -1,
      BaseEntry: null,
      BaseLine: null,
      Volume: 0.000016,
      VolumeUnit: 4,
      Width1: 0,
      Width1Unit: null,
      Width2: 0,
      Width2Unit: null,
      Address: '',
      TaxCode: null,
      TaxType: 'tt_Yes',
      TaxLiable: 'tYES',
      PickStatus: 'tNO',
      PickQuantity: 0,
      PickListIdNumber: null,
      OriginalItem: null,
      BackOrder: 'tYES',
      FreeText: '',
      ShippingMethod: 1,
      POTargetNum: null,
      POTargetEntry: null,
      POTargetRowNum: null,
      CorrectionInvoiceItem: 'ciis_ShouldBe',
      CorrInvAmountToStock: 0,
      CorrInvAmountToDiffAcct: 0,
      AppliedTax: 0,
      AppliedTaxFC: 0,
      AppliedTaxSC: 0,
      WTLiable: 'tNO',
      DeferredTax: 'tNO',
      EqualizationTaxPercent: 0,
      TotalEqualizationTax: 0,
      TotalEqualizationTaxFC: 0,
      TotalEqualizationTaxSC: 0,
      NetTaxAmount: 0,
      NetTaxAmountFC: 0,
      NetTaxAmountSC: 0,
      MeasureUnit: 'PCS',
      UnitsOfMeasurment: 1,
      LineTotal: 1.21,
      TaxPercentagePerRow: 0,
      TaxTotal: 0,
      ConsumerSalesForecast: 'tYES',
      ExciseAmount: 0,
      TaxPerUnit: 0,
      TotalInclTax: 0,
      CountryOrg: 'CN',
      SWW: null,
      TransactionType: null,
      DistributeExpense: 'tYES',
      RowTotalFC: 1750,
      RowTotalSC: 1750,
      LastBuyInmPrice: 0,
      LastBuyDistributeSumFc: 0,
      LastBuyDistributeSumSc: 0,
      LastBuyDistributeSum: 0,
      StockDistributesumForeign: 0,
      StockDistributesumSystem: 0,
      StockDistributesum: 0,
      StockInmPrice: 0,
      PickStatusEx: 'dlps_NotPicked',
      TaxBeforeDPM: 0,
      TaxBeforeDPMFC: 0,
      TaxBeforeDPMSC: 0,
      CFOPCode: null,
      CSTCode: null,
      Usage: null,
      TaxOnly: 'tNO',
      VisualOrder: 1,
      BaseOpenQuantity: 0,
      UnitPrice: 1750,
      LineStatus: 'bost_Open',
      PackageQuantity: 1,
      Text: '',
      LineType: 'dlt_Regular',
      COGSCostingCode: null,
      COGSAccountCode: '511010001',
      ChangeAssemlyBoMWarehouse: 'N',
      GrossBuyPrice: 0.15,
      GrossBase: -5,
      GrossProfitTotalBasePrice: 0.15,
      CostingCode2: null,
      CostingCode3: null,
      CostingCode4: null,
      CostingCode5: null,
      ItemDetails: null,
      LocationCode: null,
      ActualDeliveryDate: null,
      RemainingOpenQuantity: 1,
      OpenAmount: 1.21,
      OpenAmountFC: 1750,
      OpenAmountSC: 1750,
      ExLineNo: null,
      RequiredDate: null,
      RequiredQuantity: 0,
      COGSCostingCode2: null,
      COGSCostingCode3: null,
      COGSCostingCode4: null,
      COGSCostingCode5: null,
      CSTforIPI: null,
      CSTforPIS: null,
      CSTforCOFINS: null,
      CreditOriginCode: null,
      WithoutInventoryMovement: 'tNO',
      AgreementNo: null,
      AgreementRowNumber: null,
      ActualBaseEntry: null,
      ActualBaseLine: null,
      DocEntry: 281897,
      Surpluses: 0,
      DefectAndBreakup: 0,
      Shortages: 0,
      ConsiderQuantity: 'tNO',
      PartialRetirement: 'tNO',
      RetirementQuantity: 0,
      RetirementAPC: 0,
      ThirdParty: 'tNO',
      PoNum: null,
      PoItmNum: null,
      ExpenseType: null,
      ReceiptNumber: null,
      ExpenseOperationType: null,
      FederalTaxID: null,
      GrossProfit: 1.06,
      GrossProfitFC: 1532.5,
      GrossProfitSC: 1532.5,
      PriceSource: 'dpsManual',
      StgSeqNum: null,
      StgEntry: null,
      StgDesc: null,
      UoMEntry: 1,
      UoMCode: 'PCS',
      InventoryQuantity: 1,
      RemainingOpenInventoryQuantity: 1,
      ParentLineNum: null,
      Incoterms: 0,
      TransportMode: 0,
      NatureOfTransaction: null,
      DestinationCountryForImport: null,
      DestinationRegionForImport: null,
      OriginCountryForExport: null,
      OriginRegionForExport: null,
      ItemType: 'dit_Item',
      ChangeInventoryQuantityIndependently: 'tNO',
      FreeOfChargeBP: 'tNO',
      SACEntry: null,
      HSNEntry: null,
      GrossPrice: 1750,
      GrossTotal: 1.21,
      GrossTotalFC: 1750,
      GrossTotalSC: 1750,
      NCMCode: -1,
      NVECode: null,
      IndEscala: 'tNO',
      CtrSealQty: 0,
      CNJPMan: null,
      CESTCode: null,
      UFFiscalBenefitCode: null,
      ReverseCharge: 'tNO',
      ShipToCode: null,
      ShipToDescription: '',
      OwnerCode: null,
      ExternalCalcTaxRate: 0,
      ExternalCalcTaxAmount: 0,
      ExternalCalcTaxAmountFC: 0,
      ExternalCalcTaxAmountSC: 0,
      StandardItemIdentification: null,
      CommodityClassification: null,
      UnencumberedReason: null,
      CUSplit: 'tNO',
      U_ST_DelDate: null,
      U_ST_ShipStatus: 'U',
      U_ST_SalePrice: 0,
      U_ST_Text: null,
      U_ST_TerritL: null,
      U_ST_WhsName: null,
      U_ST_WhsNameTo: null,
      U_Vol: 0,
      U_UOM: null,
      U_U_PARTNO: null,
      LineTaxJurisdictions: [],
      DocumentLineAdditionalExpenses: [],
      WithholdingTaxLines: [],
      SerialNumbers: [],
      BatchNumbers: [],
      DocumentLinesBinAllocations: []
    },
    {
      LineNum: 2,
      ItemCode: 'RANI00245',
      ItemDescription: 'Randa Magnetic Track electrical connection L=138mm Black G2',
      Quantity: 1,
      ShipDate: '2026-09-27',
      Price: 5250,
      PriceAfterVAT: 5250,
      Currency: 'IQD',
      Rate: 1450,
      DiscountPercent: 0,
      VendorNum: null,
      SerialNum: null,
      WarehouseCode: 'EWJ001',
      SalesPersonCode: 74,
      CommisionPercent: 0,
      TreeType: 'iNotATree',
      AccountCode: '411010001',
      UseBaseUnits: 'tNO',
      SupplierCatNum: null,
      CostingCode: null,
      ProjectCode: null,
      BarCode: '',
      VatGroup: 'X0',
      Height1: 0,
      Hight1Unit: null,
      Height2: 0,
      Height2Unit: null,
      Lengh1: 0,
      Lengh1Unit: null,
      Lengh2: 0,
      Lengh2Unit: null,
      Weight1: 0,
      Weight1Unit: null,
      Weight2: 0,
      Weight2Unit: null,
      Factor1: 1,
      Factor2: 1,
      Factor3: 1,
      Factor4: 1,
      BaseType: -1,
      BaseEntry: null,
      BaseLine: null,
      Volume: 0.000203,
      VolumeUnit: 4,
      Width1: 0,
      Width1Unit: null,
      Width2: 0,
      Width2Unit: null,
      Address: '',
      TaxCode: null,
      TaxType: 'tt_Yes',
      TaxLiable: 'tYES',
      PickStatus: 'tNO',
      PickQuantity: 0,
      PickListIdNumber: null,
      OriginalItem: null,
      BackOrder: 'tYES',
      FreeText: '',
      ShippingMethod: 1,
      POTargetNum: null,
      POTargetEntry: null,
      POTargetRowNum: null,
      CorrectionInvoiceItem: 'ciis_ShouldBe',
      CorrInvAmountToStock: 0,
      CorrInvAmountToDiffAcct: 0,
      AppliedTax: 0,
      AppliedTaxFC: 0,
      AppliedTaxSC: 0,
      WTLiable: 'tNO',
      DeferredTax: 'tNO',
      EqualizationTaxPercent: 0,
      TotalEqualizationTax: 0,
      TotalEqualizationTaxFC: 0,
      TotalEqualizationTaxSC: 0,
      NetTaxAmount: 0,
      NetTaxAmountFC: 0,
      NetTaxAmountSC: 0,
      MeasureUnit: 'PCS',
      UnitsOfMeasurment: 1,
      LineTotal: 3.62,
      TaxPercentagePerRow: 0,
      TaxTotal: 0,
      ConsumerSalesForecast: 'tYES',
      ExciseAmount: 0,
      TaxPerUnit: 0,
      TotalInclTax: 0,
      CountryOrg: 'CN',
      SWW: null,
      TransactionType: null,
      DistributeExpense: 'tYES',
      RowTotalFC: 5250,
      RowTotalSC: 5250,
      LastBuyInmPrice: 0,
      LastBuyDistributeSumFc: 0,
      LastBuyDistributeSumSc: 0,
      LastBuyDistributeSum: 0,
      StockDistributesumForeign: 0,
      StockDistributesumSystem: 0,
      StockDistributesum: 0,
      StockInmPrice: 0,
      PickStatusEx: 'dlps_NotPicked',
      TaxBeforeDPM: 0,
      TaxBeforeDPMFC: 0,
      TaxBeforeDPMSC: 0,
      CFOPCode: null,
      CSTCode: null,
      Usage: null,
      TaxOnly: 'tNO',
      VisualOrder: 2,
      BaseOpenQuantity: 0,
      UnitPrice: 5250,
      LineStatus: 'bost_Open',
      PackageQuantity: 1,
      Text: '',
      LineType: 'dlt_Regular',
      COGSCostingCode: null,
      COGSAccountCode: '511010001',
      ChangeAssemlyBoMWarehouse: 'N',
      GrossBuyPrice: 0.86,
      GrossBase: -5,
      GrossProfitTotalBasePrice: 0.86,
      CostingCode2: null,
      CostingCode3: null,
      CostingCode4: null,
      CostingCode5: null,
      ItemDetails: null,
      LocationCode: null,
      ActualDeliveryDate: null,
      RemainingOpenQuantity: 1,
      OpenAmount: 3.62,
      OpenAmountFC: 5250,
      OpenAmountSC: 5250,
      ExLineNo: null,
      RequiredDate: null,
      RequiredQuantity: 0,
      COGSCostingCode2: null,
      COGSCostingCode3: null,
      COGSCostingCode4: null,
      COGSCostingCode5: null,
      CSTforIPI: null,
      CSTforPIS: null,
      CSTforCOFINS: null,
      CreditOriginCode: null,
      WithoutInventoryMovement: 'tNO',
      AgreementNo: null,
      AgreementRowNumber: null,
      ActualBaseEntry: null,
      ActualBaseLine: null,
      DocEntry: 281897,
      Surpluses: 0,
      DefectAndBreakup: 0,
      Shortages: 0,
      ConsiderQuantity: 'tNO',
      PartialRetirement: 'tNO',
      RetirementQuantity: 0,
      RetirementAPC: 0,
      ThirdParty: 'tNO',
      PoNum: null,
      PoItmNum: null,
      ExpenseType: null,
      ReceiptNumber: null,
      ExpenseOperationType: null,
      FederalTaxID: null,
      GrossProfit: 2.76,
      GrossProfitFC: 4003,
      GrossProfitSC: 4003,
      PriceSource: 'dpsManual',
      StgSeqNum: null,
      StgEntry: null,
      StgDesc: null,
      UoMEntry: 1,
      UoMCode: 'PCS',
      InventoryQuantity: 1,
      RemainingOpenInventoryQuantity: 1,
      ParentLineNum: null,
      Incoterms: 0,
      TransportMode: 0,
      NatureOfTransaction: null,
      DestinationCountryForImport: null,
      DestinationRegionForImport: null,
      OriginCountryForExport: null,
      OriginRegionForExport: null,
      ItemType: 'dit_Item',
      ChangeInventoryQuantityIndependently: 'tNO',
      FreeOfChargeBP: 'tNO',
      SACEntry: null,
      HSNEntry: null,
      GrossPrice: 5250,
      GrossTotal: 3.62,
      GrossTotalFC: 5250,
      GrossTotalSC: 5250,
      NCMCode: -1,
      NVECode: null,
      IndEscala: 'tNO',
      CtrSealQty: 0,
      CNJPMan: null,
      CESTCode: null,
      UFFiscalBenefitCode: null,
      ReverseCharge: 'tNO',
      ShipToCode: null,
      ShipToDescription: '',
      OwnerCode: null,
      ExternalCalcTaxRate: 0,
      ExternalCalcTaxAmount: 0,
      ExternalCalcTaxAmountFC: 0,
      ExternalCalcTaxAmountSC: 0,
      StandardItemIdentification: null,
      CommodityClassification: null,
      UnencumberedReason: null,
      CUSplit: 'tNO',
      U_ST_DelDate: null,
      U_ST_ShipStatus: 'U',
      U_ST_SalePrice: 0,
      U_ST_Text: null,
      U_ST_TerritL: null,
      U_ST_WhsName: null,
      U_ST_WhsNameTo: null,
      U_Vol: 0,
      U_UOM: null,
      U_U_PARTNO: null,
      LineTaxJurisdictions: [],
      DocumentLineAdditionalExpenses: [],
      WithholdingTaxLines: [],
      SerialNumbers: [],
      BatchNumbers: [],
      DocumentLinesBinAllocations: []
    },
    {
      LineNum: 3,
      ItemCode: 'RANI00249',
      ItemDescription: 'Randa Magnetic driver 200W 48V Black G2',
      Quantity: 1,
      ShipDate: '2026-09-27',
      Price: 48750,
      PriceAfterVAT: 48750,
      Currency: 'IQD',
      Rate: 1450,
      DiscountPercent: 0,
      VendorNum: null,
      SerialNum: null,
      WarehouseCode: 'EWJ001',
      SalesPersonCode: 74,
      CommisionPercent: 0,
      TreeType: 'iNotATree',
      AccountCode: '411010001',
      UseBaseUnits: 'tNO',
      SupplierCatNum: null,
      CostingCode: null,
      ProjectCode: null,
      BarCode: '',
      VatGroup: 'X0',
      Height1: 0,
      Hight1Unit: null,
      Height2: 0,
      Height2Unit: null,
      Lengh1: 0,
      Lengh1Unit: null,
      Lengh2: 0,
      Lengh2Unit: null,
      Weight1: 0,
      Weight1Unit: null,
      Weight2: 0,
      Weight2Unit: null,
      Factor1: 1,
      Factor2: 1,
      Factor3: 1,
      Factor4: 1,
      BaseType: -1,
      BaseEntry: null,
      BaseLine: null,
      Volume: 0.001148,
      VolumeUnit: 4,
      Width1: 0,
      Width1Unit: null,
      Width2: 0,
      Width2Unit: null,
      Address: '',
      TaxCode: null,
      TaxType: 'tt_Yes',
      TaxLiable: 'tYES',
      PickStatus: 'tNO',
      PickQuantity: 0,
      PickListIdNumber: null,
      OriginalItem: null,
      BackOrder: 'tYES',
      FreeText: '',
      ShippingMethod: 1,
      POTargetNum: null,
      POTargetEntry: null,
      POTargetRowNum: null,
      CorrectionInvoiceItem: 'ciis_ShouldBe',
      CorrInvAmountToStock: 0,
      CorrInvAmountToDiffAcct: 0,
      AppliedTax: 0,
      AppliedTaxFC: 0,
      AppliedTaxSC: 0,
      WTLiable: 'tNO',
      DeferredTax: 'tNO',
      EqualizationTaxPercent: 0,
      TotalEqualizationTax: 0,
      TotalEqualizationTaxFC: 0,
      TotalEqualizationTaxSC: 0,
      NetTaxAmount: 0,
      NetTaxAmountFC: 0,
      NetTaxAmountSC: 0,
      MeasureUnit: 'PCS',
      UnitsOfMeasurment: 1,
      LineTotal: 33.62,
      TaxPercentagePerRow: 0,
      TaxTotal: 0,
      ConsumerSalesForecast: 'tYES',
      ExciseAmount: 0,
      TaxPerUnit: 0,
      TotalInclTax: 0,
      CountryOrg: 'CN',
      SWW: null,
      TransactionType: null,
      DistributeExpense: 'tYES',
      RowTotalFC: 48750,
      RowTotalSC: 48750,
      LastBuyInmPrice: 0,
      LastBuyDistributeSumFc: 0,
      LastBuyDistributeSumSc: 0,
      LastBuyDistributeSum: 0,
      StockDistributesumForeign: 0,
      StockDistributesumSystem: 0,
      StockDistributesum: 0,
      StockInmPrice: 0,
      PickStatusEx: 'dlps_NotPicked',
      TaxBeforeDPM: 0,
      TaxBeforeDPMFC: 0,
      TaxBeforeDPMSC: 0,
      CFOPCode: null,
      CSTCode: null,
      Usage: null,
      TaxOnly: 'tNO',
      VisualOrder: 3,
      BaseOpenQuantity: 0,
      UnitPrice: 48750,
      LineStatus: 'bost_Open',
      PackageQuantity: 1,
      Text: '',
      LineType: 'dlt_Regular',
      COGSCostingCode: null,
      COGSAccountCode: '511010001',
      ChangeAssemlyBoMWarehouse: 'N',
      GrossBuyPrice: 10.73,
      GrossBase: -5,
      GrossProfitTotalBasePrice: 10.73,
      CostingCode2: null,
      CostingCode3: null,
      CostingCode4: null,
      CostingCode5: null,
      ItemDetails: null,
      LocationCode: null,
      ActualDeliveryDate: null,
      RemainingOpenQuantity: 1,
      OpenAmount: 33.62,
      OpenAmountFC: 48750,
      OpenAmountSC: 48750,
      ExLineNo: null,
      RequiredDate: null,
      RequiredQuantity: 0,
      COGSCostingCode2: null,
      COGSCostingCode3: null,
      COGSCostingCode4: null,
      COGSCostingCode5: null,
      CSTforIPI: null,
      CSTforPIS: null,
      CSTforCOFINS: null,
      CreditOriginCode: null,
      WithoutInventoryMovement: 'tNO',
      AgreementNo: null,
      AgreementRowNumber: null,
      ActualBaseEntry: null,
      ActualBaseLine: null,
      DocEntry: 281897,
      Surpluses: 0,
      DefectAndBreakup: 0,
      Shortages: 0,
      ConsiderQuantity: 'tNO',
      PartialRetirement: 'tNO',
      RetirementQuantity: 0,
      RetirementAPC: 0,
      ThirdParty: 'tNO',
      PoNum: null,
      PoItmNum: null,
      ExpenseType: null,
      ReceiptNumber: null,
      ExpenseOperationType: null,
      FederalTaxID: null,
      GrossProfit: 22.89,
      GrossProfitFC: 33191.5,
      GrossProfitSC: 33191.5,
      PriceSource: 'dpsManual',
      StgSeqNum: null,
      StgEntry: null,
      StgDesc: null,
      UoMEntry: 1,
      UoMCode: 'PCS',
      InventoryQuantity: 1,
      RemainingOpenInventoryQuantity: 1,
      ParentLineNum: null,
      Incoterms: 0,
      TransportMode: 0,
      NatureOfTransaction: null,
      DestinationCountryForImport: null,
      DestinationRegionForImport: null,
      OriginCountryForExport: null,
      OriginRegionForExport: null,
      ItemType: 'dit_Item',
      ChangeInventoryQuantityIndependently: 'tNO',
      FreeOfChargeBP: 'tNO',
      SACEntry: null,
      HSNEntry: null,
      GrossPrice: 48750,
      GrossTotal: 33.62,
      GrossTotalFC: 48750,
      GrossTotalSC: 48750,
      NCMCode: -1,
      NVECode: null,
      IndEscala: 'tNO',
      CtrSealQty: 0,
      CNJPMan: null,
      CESTCode: null,
      UFFiscalBenefitCode: null,
      ReverseCharge: 'tNO',
      ShipToCode: null,
      ShipToDescription: '',
      OwnerCode: null,
      ExternalCalcTaxRate: 0,
      ExternalCalcTaxAmount: 0,
      ExternalCalcTaxAmountFC: 0,
      ExternalCalcTaxAmountSC: 0,
      StandardItemIdentification: null,
      CommodityClassification: null,
      UnencumberedReason: null,
      CUSplit: 'tNO',
      U_ST_DelDate: null,
      U_ST_ShipStatus: 'U',
      U_ST_SalePrice: 0,
      U_ST_Text: null,
      U_ST_TerritL: null,
      U_ST_WhsName: null,
      U_ST_WhsNameTo: null,
      U_Vol: 0,
      U_UOM: null,
      U_U_PARTNO: null,
      LineTaxJurisdictions: [],
      DocumentLineAdditionalExpenses: [],
      WithholdingTaxLines: [],
      SerialNumbers: [],
      BatchNumbers: [],
      DocumentLinesBinAllocations: []
    },
    {
      LineNum: 4,
      ItemCode: 'RANI00215',
      ItemDescription: 'Randa Magnetic Track 3000K 12W 24° Φ50 DC48V Black G2',
      Quantity: 1,
      ShipDate: '2026-09-27',
      Price: 21000,
      PriceAfterVAT: 21000,
      Currency: 'IQD',
      Rate: 1450,
      DiscountPercent: 0,
      VendorNum: null,
      SerialNum: null,
      WarehouseCode: 'EWJ001',
      SalesPersonCode: 74,
      CommisionPercent: 0,
      TreeType: 'iNotATree',
      AccountCode: '411010001',
      UseBaseUnits: 'tNO',
      SupplierCatNum: null,
      CostingCode: null,
      ProjectCode: null,
      BarCode: '',
      VatGroup: 'X0',
      Height1: 0,
      Hight1Unit: null,
      Height2: 0,
      Height2Unit: null,
      Lengh1: 0,
      Lengh1Unit: null,
      Lengh2: 0,
      Lengh2Unit: null,
      Weight1: 0,
      Weight1Unit: null,
      Weight2: 0,
      Weight2Unit: null,
      Factor1: 1,
      Factor2: 1,
      Factor3: 1,
      Factor4: 1,
      BaseType: -1,
      BaseEntry: null,
      BaseLine: null,
      Volume: 0.001996,
      VolumeUnit: 4,
      Width1: 0,
      Width1Unit: null,
      Width2: 0,
      Width2Unit: null,
      Address: '',
      TaxCode: null,
      TaxType: 'tt_Yes',
      TaxLiable: 'tYES',
      PickStatus: 'tNO',
      PickQuantity: 0,
      PickListIdNumber: null,
      OriginalItem: null,
      BackOrder: 'tYES',
      FreeText: '',
      ShippingMethod: 1,
      POTargetNum: null,
      POTargetEntry: null,
      POTargetRowNum: null,
      CorrectionInvoiceItem: 'ciis_ShouldBe',
      CorrInvAmountToStock: 0,
      CorrInvAmountToDiffAcct: 0,
      AppliedTax: 0,
      AppliedTaxFC: 0,
      AppliedTaxSC: 0,
      WTLiable: 'tNO',
      DeferredTax: 'tNO',
      EqualizationTaxPercent: 0,
      TotalEqualizationTax: 0,
      TotalEqualizationTaxFC: 0,
      TotalEqualizationTaxSC: 0,
      NetTaxAmount: 0,
      NetTaxAmountFC: 0,
      NetTaxAmountSC: 0,
      MeasureUnit: 'PCS',
      UnitsOfMeasurment: 1,
      LineTotal: 14.48,
      TaxPercentagePerRow: 0,
      TaxTotal: 0,
      ConsumerSalesForecast: 'tYES',
      ExciseAmount: 0,
      TaxPerUnit: 0,
      TotalInclTax: 0,
      CountryOrg: 'CN',
      SWW: null,
      TransactionType: null,
      DistributeExpense: 'tYES',
      RowTotalFC: 21000,
      RowTotalSC: 21000,
      LastBuyInmPrice: 0,
      LastBuyDistributeSumFc: 0,
      LastBuyDistributeSumSc: 0,
      LastBuyDistributeSum: 0,
      StockDistributesumForeign: 0,
      StockDistributesumSystem: 0,
      StockDistributesum: 0,
      StockInmPrice: 0,
      PickStatusEx: 'dlps_NotPicked',
      TaxBeforeDPM: 0,
      TaxBeforeDPMFC: 0,
      TaxBeforeDPMSC: 0,
      CFOPCode: null,
      CSTCode: null,
      Usage: null,
      TaxOnly: 'tNO',
      VisualOrder: 4,
      BaseOpenQuantity: 0,
      UnitPrice: 21000,
      LineStatus: 'bost_Open',
      PackageQuantity: 1,
      Text: '',
      LineType: 'dlt_Regular',
      COGSCostingCode: null,
      COGSAccountCode: '511010001',
      ChangeAssemlyBoMWarehouse: 'N',
      GrossBuyPrice: 5.02,
      GrossBase: -5,
      GrossProfitTotalBasePrice: 5.02,
      CostingCode2: null,
      CostingCode3: null,
      CostingCode4: null,
      CostingCode5: null,
      ItemDetails: null,
      LocationCode: null,
      ActualDeliveryDate: null,
      RemainingOpenQuantity: 1,
      OpenAmount: 14.48,
      OpenAmountFC: 21000,
      OpenAmountSC: 21000,
      ExLineNo: null,
      RequiredDate: null,
      RequiredQuantity: 0,
      COGSCostingCode2: null,
      COGSCostingCode3: null,
      COGSCostingCode4: null,
      COGSCostingCode5: null,
      CSTforIPI: null,
      CSTforPIS: null,
      CSTforCOFINS: null,
      CreditOriginCode: null,
      WithoutInventoryMovement: 'tNO',
      AgreementNo: null,
      AgreementRowNumber: null,
      ActualBaseEntry: null,
      ActualBaseLine: null,
      DocEntry: 281897,
      Surpluses: 0,
      DefectAndBreakup: 0,
      Shortages: 0,
      ConsiderQuantity: 'tNO',
      PartialRetirement: 'tNO',
      RetirementQuantity: 0,
      RetirementAPC: 0,
      ThirdParty: 'tNO',
      PoNum: null,
      PoItmNum: null,
      ExpenseType: null,
      ReceiptNumber: null,
      ExpenseOperationType: null,
      FederalTaxID: null,
      GrossProfit: 9.46,
      GrossProfitFC: 13721,
      GrossProfitSC: 13721,
      PriceSource: 'dpsManual',
      StgSeqNum: null,
      StgEntry: null,
      StgDesc: null,
      UoMEntry: 1,
      UoMCode: 'PCS',
      InventoryQuantity: 1,
      RemainingOpenInventoryQuantity: 1,
      ParentLineNum: null,
      Incoterms: 0,
      TransportMode: 0,
      NatureOfTransaction: null,
      DestinationCountryForImport: null,
      DestinationRegionForImport: null,
      OriginCountryForExport: null,
      OriginRegionForExport: null,
      ItemType: 'dit_Item',
      ChangeInventoryQuantityIndependently: 'tNO',
      FreeOfChargeBP: 'tNO',
      SACEntry: null,
      HSNEntry: null,
      GrossPrice: 21000,
      GrossTotal: 14.48,
      GrossTotalFC: 21000,
      GrossTotalSC: 21000,
      NCMCode: -1,
      NVECode: null,
      IndEscala: 'tNO',
      CtrSealQty: 0,
      CNJPMan: null,
      CESTCode: null,
      UFFiscalBenefitCode: null,
      ReverseCharge: 'tNO',
      ShipToCode: null,
      ShipToDescription: '',
      OwnerCode: null,
      ExternalCalcTaxRate: 0,
      ExternalCalcTaxAmount: 0,
      ExternalCalcTaxAmountFC: 0,
      ExternalCalcTaxAmountSC: 0,
      StandardItemIdentification: null,
      CommodityClassification: null,
      UnencumberedReason: null,
      CUSplit: 'tNO',
      U_ST_DelDate: null,
      U_ST_ShipStatus: 'U',
      U_ST_SalePrice: 0,
      U_ST_Text: null,
      U_ST_TerritL: null,
      U_ST_WhsName: null,
      U_ST_WhsNameTo: null,
      U_Vol: 0,
      U_UOM: null,
      U_U_PARTNO: null,
      LineTaxJurisdictions: [],
      DocumentLineAdditionalExpenses: [],
      WithholdingTaxLines: [],
      SerialNumbers: [],
      BatchNumbers: [],
      DocumentLinesBinAllocations: []
    },
    {
      LineNum: 5,
      ItemCode: 'RANI00212',
      ItemDescription: 'Randa Magnetic Spot Light 4000K 6W 24° DC48V Black G2',
      Quantity: 1,
      ShipDate: '2026-09-27',
      Price: 24500,
      PriceAfterVAT: 24500,
      Currency: 'IQD',
      Rate: 1450,
      DiscountPercent: 0,
      VendorNum: null,
      SerialNum: null,
      WarehouseCode: 'EWJ001',
      SalesPersonCode: 74,
      CommisionPercent: 0,
      TreeType: 'iNotATree',
      AccountCode: '411010001',
      UseBaseUnits: 'tNO',
      SupplierCatNum: null,
      CostingCode: null,
      ProjectCode: null,
      BarCode: '',
      VatGroup: 'X0',
      Height1: 0,
      Hight1Unit: null,
      Height2: 0,
      Height2Unit: null,
      Lengh1: 0,
      Lengh1Unit: null,
      Lengh2: 0,
      Lengh2Unit: null,
      Weight1: 0,
      Weight1Unit: null,
      Weight2: 0,
      Weight2Unit: null,
      Factor1: 1,
      Factor2: 1,
      Factor3: 1,
      Factor4: 1,
      BaseType: -1,
      BaseEntry: null,
      BaseLine: null,
      Volume: 0.000899,
      VolumeUnit: 4,
      Width1: 0,
      Width1Unit: null,
      Width2: 0,
      Width2Unit: null,
      Address: '',
      TaxCode: null,
      TaxType: 'tt_Yes',
      TaxLiable: 'tYES',
      PickStatus: 'tNO',
      PickQuantity: 0,
      PickListIdNumber: null,
      OriginalItem: null,
      BackOrder: 'tYES',
      FreeText: '',
      ShippingMethod: 2,
      POTargetNum: null,
      POTargetEntry: null,
      POTargetRowNum: null,
      CorrectionInvoiceItem: 'ciis_ShouldBe',
      CorrInvAmountToStock: 0,
      CorrInvAmountToDiffAcct: 0,
      AppliedTax: 0,
      AppliedTaxFC: 0,
      AppliedTaxSC: 0,
      WTLiable: 'tNO',
      DeferredTax: 'tNO',
      EqualizationTaxPercent: 0,
      TotalEqualizationTax: 0,
      TotalEqualizationTaxFC: 0,
      TotalEqualizationTaxSC: 0,
      NetTaxAmount: 0,
      NetTaxAmountFC: 0,
      NetTaxAmountSC: 0,
      MeasureUnit: 'PCS',
      UnitsOfMeasurment: 1,
      LineTotal: 16.9,
      TaxPercentagePerRow: 0,
      TaxTotal: 0,
      ConsumerSalesForecast: 'tYES',
      ExciseAmount: 0,
      TaxPerUnit: 0,
      TotalInclTax: 0,
      CountryOrg: 'CN',
      SWW: null,
      TransactionType: null,
      DistributeExpense: 'tYES',
      RowTotalFC: 24500,
      RowTotalSC: 24500,
      LastBuyInmPrice: 0,
      LastBuyDistributeSumFc: 0,
      LastBuyDistributeSumSc: 0,
      LastBuyDistributeSum: 0,
      StockDistributesumForeign: 0,
      StockDistributesumSystem: 0,
      StockDistributesum: 0,
      StockInmPrice: 0,
      PickStatusEx: 'dlps_NotPicked',
      TaxBeforeDPM: 0,
      TaxBeforeDPMFC: 0,
      TaxBeforeDPMSC: 0,
      CFOPCode: null,
      CSTCode: null,
      Usage: null,
      TaxOnly: 'tNO',
      VisualOrder: 5,
      BaseOpenQuantity: 0,
      UnitPrice: 24500,
      LineStatus: 'bost_Open',
      PackageQuantity: 1,
      Text: '',
      LineType: 'dlt_Regular',
      COGSCostingCode: null,
      COGSAccountCode: '511010001',
      ChangeAssemlyBoMWarehouse: 'N',
      GrossBuyPrice: 6.43,
      GrossBase: -5,
      GrossProfitTotalBasePrice: 6.43,
      CostingCode2: null,
      CostingCode3: null,
      CostingCode4: null,
      CostingCode5: null,
      ItemDetails: null,
      LocationCode: null,
      ActualDeliveryDate: null,
      RemainingOpenQuantity: 1,
      OpenAmount: 16.9,
      OpenAmountFC: 24500,
      OpenAmountSC: 24500,
      ExLineNo: null,
      RequiredDate: null,
      RequiredQuantity: 0,
      COGSCostingCode2: null,
      COGSCostingCode3: null,
      COGSCostingCode4: null,
      COGSCostingCode5: null,
      CSTforIPI: null,
      CSTforPIS: null,
      CSTforCOFINS: null,
      CreditOriginCode: null,
      WithoutInventoryMovement: 'tNO',
      AgreementNo: null,
      AgreementRowNumber: null,
      ActualBaseEntry: null,
      ActualBaseLine: null,
      DocEntry: 281897,
      Surpluses: 0,
      DefectAndBreakup: 0,
      Shortages: 0,
      ConsiderQuantity: 'tNO',
      PartialRetirement: 'tNO',
      RetirementQuantity: 0,
      RetirementAPC: 0,
      ThirdParty: 'tNO',
      PoNum: null,
      PoItmNum: null,
      ExpenseType: null,
      ReceiptNumber: null,
      ExpenseOperationType: null,
      FederalTaxID: null,
      GrossProfit: 10.47,
      GrossProfitFC: 15176.5,
      GrossProfitSC: 15176.5,
      PriceSource: 'dpsManual',
      StgSeqNum: null,
      StgEntry: null,
      StgDesc: null,
      UoMEntry: 1,
      UoMCode: 'PCS',
      InventoryQuantity: 1,
      RemainingOpenInventoryQuantity: 1,
      ParentLineNum: null,
      Incoterms: 0,
      TransportMode: 0,
      NatureOfTransaction: null,
      DestinationCountryForImport: null,
      DestinationRegionForImport: null,
      OriginCountryForExport: null,
      OriginRegionForExport: null,
      ItemType: 'dit_Item',
      ChangeInventoryQuantityIndependently: 'tNO',
      FreeOfChargeBP: 'tNO',
      SACEntry: null,
      HSNEntry: null,
      GrossPrice: 24500,
      GrossTotal: 16.9,
      GrossTotalFC: 24500,
      GrossTotalSC: 24500,
      NCMCode: -1,
      NVECode: null,
      IndEscala: 'tNO',
      CtrSealQty: 0,
      CNJPMan: null,
      CESTCode: null,
      UFFiscalBenefitCode: null,
      ReverseCharge: 'tNO',
      ShipToCode: null,
      ShipToDescription: '',
      OwnerCode: null,
      ExternalCalcTaxRate: 0,
      ExternalCalcTaxAmount: 0,
      ExternalCalcTaxAmountFC: 0,
      ExternalCalcTaxAmountSC: 0,
      StandardItemIdentification: null,
      CommodityClassification: null,
      UnencumberedReason: null,
      CUSplit: 'tNO',
      U_ST_DelDate: null,
      U_ST_ShipStatus: 'U',
      U_ST_SalePrice: 0,
      U_ST_Text: null,
      U_ST_TerritL: null,
      U_ST_WhsName: null,
      U_ST_WhsNameTo: null,
      U_Vol: 0,
      U_UOM: null,
      U_U_PARTNO: null,
      LineTaxJurisdictions: [],
      DocumentLineAdditionalExpenses: [],
      WithholdingTaxLines: [],
      SerialNumbers: [],
      BatchNumbers: [],
      DocumentLinesBinAllocations: []
    },
    {
      LineNum: 6,
      ItemCode: 'RANI00209',
      ItemDescription: 'Randa Magnetic Liner Light 4000K 10W 100° DC48V Black G2',
      Quantity: 1,
      ShipDate: '2026-09-27',
      Price: 17500,
      PriceAfterVAT: 17500,
      Currency: 'IQD',
      Rate: 1450,
      DiscountPercent: 0,
      VendorNum: null,
      SerialNum: null,
      WarehouseCode: 'KRA001',
      SalesPersonCode: 74,
      CommisionPercent: 0,
      TreeType: 'iNotATree',
      AccountCode: '411010001',
      UseBaseUnits: 'tNO',
      SupplierCatNum: null,
      CostingCode: null,
      ProjectCode: null,
      BarCode: '',
      VatGroup: 'X0',
      Height1: 0,
      Hight1Unit: null,
      Height2: 0,
      Height2Unit: null,
      Lengh1: 0,
      Lengh1Unit: null,
      Lengh2: 0,
      Lengh2Unit: null,
      Weight1: 0,
      Weight1Unit: null,
      Weight2: 0,
      Weight2Unit: null,
      Factor1: 1,
      Factor2: 1,
      Factor3: 1,
      Factor4: 1,
      BaseType: -1,
      BaseEntry: null,
      BaseLine: null,
      Volume: 0.000587,
      VolumeUnit: 4,
      Width1: 0,
      Width1Unit: null,
      Width2: 0,
      Width2Unit: null,
      Address: '',
      TaxCode: null,
      TaxType: 'tt_Yes',
      TaxLiable: 'tYES',
      PickStatus: 'tNO',
      PickQuantity: 0,
      PickListIdNumber: null,
      OriginalItem: null,
      BackOrder: 'tYES',
      FreeText: '',
      ShippingMethod: 1,
      POTargetNum: null,
      POTargetEntry: null,
      POTargetRowNum: null,
      CorrectionInvoiceItem: 'ciis_ShouldBe',
      CorrInvAmountToStock: 0,
      CorrInvAmountToDiffAcct: 0,
      AppliedTax: 0,
      AppliedTaxFC: 0,
      AppliedTaxSC: 0,
      WTLiable: 'tNO',
      DeferredTax: 'tNO',
      EqualizationTaxPercent: 0,
      TotalEqualizationTax: 0,
      TotalEqualizationTaxFC: 0,
      TotalEqualizationTaxSC: 0,
      NetTaxAmount: 0,
      NetTaxAmountFC: 0,
      NetTaxAmountSC: 0,
      MeasureUnit: 'PCS',
      UnitsOfMeasurment: 1,
      LineTotal: 12.07,
      TaxPercentagePerRow: 0,
      TaxTotal: 0,
      ConsumerSalesForecast: 'tYES',
      ExciseAmount: 0,
      TaxPerUnit: 0,
      TotalInclTax: 0,
      CountryOrg: 'CN',
      SWW: null,
      TransactionType: null,
      DistributeExpense: 'tYES',
      RowTotalFC: 17500,
      RowTotalSC: 17500,
      LastBuyInmPrice: 0,
      LastBuyDistributeSumFc: 0,
      LastBuyDistributeSumSc: 0,
      LastBuyDistributeSum: 0,
      StockDistributesumForeign: 0,
      StockDistributesumSystem: 0,
      StockDistributesum: 0,
      StockInmPrice: 0,
      PickStatusEx: 'dlps_NotPicked',
      TaxBeforeDPM: 0,
      TaxBeforeDPMFC: 0,
      TaxBeforeDPMSC: 0,
      CFOPCode: null,
      CSTCode: null,
      Usage: null,
      TaxOnly: 'tNO',
      VisualOrder: 6,
      BaseOpenQuantity: 0,
      UnitPrice: 17500,
      LineStatus: 'bost_Open',
      PackageQuantity: 1,
      Text: '',
      LineType: 'dlt_Regular',
      COGSCostingCode: null,
      COGSAccountCode: '511010001',
      ChangeAssemlyBoMWarehouse: 'N',
      GrossBuyPrice: 2.35,
      GrossBase: -5,
      GrossProfitTotalBasePrice: 2.35,
      CostingCode2: null,
      CostingCode3: null,
      CostingCode4: null,
      CostingCode5: null,
      ItemDetails: null,
      LocationCode: null,
      ActualDeliveryDate: null,
      RemainingOpenQuantity: 1,
      OpenAmount: 12.07,
      OpenAmountFC: 17500,
      OpenAmountSC: 17500,
      ExLineNo: null,
      RequiredDate: null,
      RequiredQuantity: 0,
      COGSCostingCode2: null,
      COGSCostingCode3: null,
      COGSCostingCode4: null,
      COGSCostingCode5: null,
      CSTforIPI: null,
      CSTforPIS: null,
      CSTforCOFINS: null,
      CreditOriginCode: null,
      WithoutInventoryMovement: 'tNO',
      AgreementNo: null,
      AgreementRowNumber: null,
      ActualBaseEntry: null,
      ActualBaseLine: null,
      DocEntry: 281897,
      Surpluses: 0,
      DefectAndBreakup: 0,
      Shortages: 0,
      ConsiderQuantity: 'tNO',
      PartialRetirement: 'tNO',
      RetirementQuantity: 0,
      RetirementAPC: 0,
      ThirdParty: 'tNO',
      PoNum: null,
      PoItmNum: null,
      ExpenseType: null,
      ReceiptNumber: null,
      ExpenseOperationType: null,
      FederalTaxID: null,
      GrossProfit: 9.72,
      GrossProfitFC: 14092.5,
      GrossProfitSC: 14092.5,
      PriceSource: 'dpsManual',
      StgSeqNum: null,
      StgEntry: null,
      StgDesc: null,
      UoMEntry: 1,
      UoMCode: 'PCS',
      InventoryQuantity: 1,
      RemainingOpenInventoryQuantity: 1,
      ParentLineNum: null,
      Incoterms: 0,
      TransportMode: 0,
      NatureOfTransaction: null,
      DestinationCountryForImport: null,
      DestinationRegionForImport: null,
      OriginCountryForExport: null,
      OriginRegionForExport: null,
      ItemType: 'dit_Item',
      ChangeInventoryQuantityIndependently: 'tNO',
      FreeOfChargeBP: 'tNO',
      SACEntry: null,
      HSNEntry: null,
      GrossPrice: 17500,
      GrossTotal: 12.07,
      GrossTotalFC: 17500,
      GrossTotalSC: 17500,
      NCMCode: -1,
      NVECode: null,
      IndEscala: 'tNO',
      CtrSealQty: 0,
      CNJPMan: null,
      CESTCode: null,
      UFFiscalBenefitCode: null,
      ReverseCharge: 'tNO',
      ShipToCode: null,
      ShipToDescription: '',
      OwnerCode: null,
      ExternalCalcTaxRate: 0,
      ExternalCalcTaxAmount: 0,
      ExternalCalcTaxAmountFC: 0,
      ExternalCalcTaxAmountSC: 0,
      StandardItemIdentification: null,
      CommodityClassification: null,
      UnencumberedReason: null,
      CUSplit: 'tNO',
      U_ST_DelDate: null,
      U_ST_ShipStatus: 'U',
      U_ST_SalePrice: 0,
      U_ST_Text: null,
      U_ST_TerritL: null,
      U_ST_WhsName: null,
      U_ST_WhsNameTo: null,
      U_Vol: 0,
      U_UOM: null,
      U_U_PARTNO: null,
      LineTaxJurisdictions: [],
      DocumentLineAdditionalExpenses: [],
      WithholdingTaxLines: [],
      SerialNumbers: [],
      BatchNumbers: [],
      DocumentLinesBinAllocations: []
    },
    {
      LineNum: 7,
      ItemCode: 'RANI00211',
      ItemDescription: 'Randa Magnetic Liner Light 4000K 30W 100° DC48V Black G2',
      Quantity: 1,
      ShipDate: '2026-09-27',
      Price: 42000,
      PriceAfterVAT: 42000,
      Currency: 'IQD',
      Rate: 1450,
      DiscountPercent: 0,
      VendorNum: null,
      SerialNum: null,
      WarehouseCode: 'EWJ001',
      SalesPersonCode: 74,
      CommisionPercent: 0,
      TreeType: 'iNotATree',
      AccountCode: '411010001',
      UseBaseUnits: 'tNO',
      SupplierCatNum: null,
      CostingCode: null,
      ProjectCode: null,
      BarCode: '',
      VatGroup: 'X0',
      Height1: 0,
      Hight1Unit: null,
      Height2: 0,
      Height2Unit: null,
      Lengh1: 0,
      Lengh1Unit: null,
      Lengh2: 0,
      Lengh2Unit: null,
      Weight1: 0,
      Weight1Unit: null,
      Weight2: 0,
      Weight2Unit: null,
      Factor1: 1,
      Factor2: 1,
      Factor3: 1,
      Factor4: 1,
      BaseType: -1,
      BaseEntry: null,
      BaseLine: null,
      Volume: 0.00203,
      VolumeUnit: 4,
      Width1: 0,
      Width1Unit: null,
      Width2: 0,
      Width2Unit: null,
      Address: '',
      TaxCode: null,
      TaxType: 'tt_Yes',
      TaxLiable: 'tYES',
      PickStatus: 'tNO',
      PickQuantity: 0,
      PickListIdNumber: null,
      OriginalItem: null,
      BackOrder: 'tYES',
      FreeText: '',
      ShippingMethod: 1,
      POTargetNum: null,
      POTargetEntry: null,
      POTargetRowNum: null,
      CorrectionInvoiceItem: 'ciis_ShouldBe',
      CorrInvAmountToStock: 0,
      CorrInvAmountToDiffAcct: 0,
      AppliedTax: 0,
      AppliedTaxFC: 0,
      AppliedTaxSC: 0,
      WTLiable: 'tNO',
      DeferredTax: 'tNO',
      EqualizationTaxPercent: 0,
      TotalEqualizationTax: 0,
      TotalEqualizationTaxFC: 0,
      TotalEqualizationTaxSC: 0,
      NetTaxAmount: 0,
      NetTaxAmountFC: 0,
      NetTaxAmountSC: 0,
      MeasureUnit: 'PCS',
      UnitsOfMeasurment: 1,
      LineTotal: 28.97,
      TaxPercentagePerRow: 0,
      TaxTotal: 0,
      ConsumerSalesForecast: 'tYES',
      ExciseAmount: 0,
      TaxPerUnit: 0,
      TotalInclTax: 0,
      CountryOrg: 'CN',
      SWW: null,
      TransactionType: null,
      DistributeExpense: 'tYES',
      RowTotalFC: 42000,
      RowTotalSC: 42000,
      LastBuyInmPrice: 0,
      LastBuyDistributeSumFc: 0,
      LastBuyDistributeSumSc: 0,
      LastBuyDistributeSum: 0,
      StockDistributesumForeign: 0,
      StockDistributesumSystem: 0,
      StockDistributesum: 0,
      StockInmPrice: 0,
      PickStatusEx: 'dlps_NotPicked',
      TaxBeforeDPM: 0,
      TaxBeforeDPMFC: 0,
      TaxBeforeDPMSC: 0,
      CFOPCode: null,
      CSTCode: null,
      Usage: null,
      TaxOnly: 'tNO',
      VisualOrder: 7,
      BaseOpenQuantity: 0,
      UnitPrice: 42000,
      LineStatus: 'bost_Open',
      PackageQuantity: 1,
      Text: '',
      LineType: 'dlt_Regular',
      COGSCostingCode: null,
      COGSAccountCode: '511010001',
      ChangeAssemlyBoMWarehouse: 'N',
      GrossBuyPrice: 5.56,
      GrossBase: -5,
      GrossProfitTotalBasePrice: 5.56,
      CostingCode2: null,
      CostingCode3: null,
      CostingCode4: null,
      CostingCode5: null,
      ItemDetails: null,
      LocationCode: null,
      ActualDeliveryDate: null,
      RemainingOpenQuantity: 1,
      OpenAmount: 28.97,
      OpenAmountFC: 42000,
      OpenAmountSC: 42000,
      ExLineNo: null,
      RequiredDate: null,
      RequiredQuantity: 0,
      COGSCostingCode2: null,
      COGSCostingCode3: null,
      COGSCostingCode4: null,
      COGSCostingCode5: null,
      CSTforIPI: null,
      CSTforPIS: null,
      CSTforCOFINS: null,
      CreditOriginCode: null,
      WithoutInventoryMovement: 'tNO',
      AgreementNo: null,
      AgreementRowNumber: null,
      ActualBaseEntry: null,
      ActualBaseLine: null,
      DocEntry: 281897,
      Surpluses: 0,
      DefectAndBreakup: 0,
      Shortages: 0,
      ConsiderQuantity: 'tNO',
      PartialRetirement: 'tNO',
      RetirementQuantity: 0,
      RetirementAPC: 0,
      ThirdParty: 'tNO',
      PoNum: null,
      PoItmNum: null,
      ExpenseType: null,
      ReceiptNumber: null,
      ExpenseOperationType: null,
      FederalTaxID: null,
      GrossProfit: 23.41,
      GrossProfitFC: 33938,
      GrossProfitSC: 33938,
      PriceSource: 'dpsManual',
      StgSeqNum: null,
      StgEntry: null,
      StgDesc: null,
      UoMEntry: 1,
      UoMCode: 'PCS',
      InventoryQuantity: 1,
      RemainingOpenInventoryQuantity: 1,
      ParentLineNum: null,
      Incoterms: 0,
      TransportMode: 0,
      NatureOfTransaction: null,
      DestinationCountryForImport: null,
      DestinationRegionForImport: null,
      OriginCountryForExport: null,
      OriginRegionForExport: null,
      ItemType: 'dit_Item',
      ChangeInventoryQuantityIndependently: 'tNO',
      FreeOfChargeBP: 'tNO',
      SACEntry: null,
      HSNEntry: null,
      GrossPrice: 42000,
      GrossTotal: 28.97,
      GrossTotalFC: 42000,
      GrossTotalSC: 42000,
      NCMCode: -1,
      NVECode: null,
      IndEscala: 'tNO',
      CtrSealQty: 0,
      CNJPMan: null,
      CESTCode: null,
      UFFiscalBenefitCode: null,
      ReverseCharge: 'tNO',
      ShipToCode: null,
      ShipToDescription: '',
      OwnerCode: null,
      ExternalCalcTaxRate: 0,
      ExternalCalcTaxAmount: 0,
      ExternalCalcTaxAmountFC: 0,
      ExternalCalcTaxAmountSC: 0,
      StandardItemIdentification: null,
      CommodityClassification: null,
      UnencumberedReason: null,
      CUSplit: 'tNO',
      U_ST_DelDate: null,
      U_ST_ShipStatus: 'U',
      U_ST_SalePrice: 0,
      U_ST_Text: null,
      U_ST_TerritL: null,
      U_ST_WhsName: null,
      U_ST_WhsNameTo: null,
      U_Vol: 0,
      U_UOM: null,
      U_U_PARTNO: null,
      LineTaxJurisdictions: [],
      DocumentLineAdditionalExpenses: [],
      WithholdingTaxLines: [],
      SerialNumbers: [],
      BatchNumbers: [],
      DocumentLinesBinAllocations: []
    },
    {
      LineNum: 8,
      ItemCode: 'RANI00228',
      ItemDescription: 'Randa Magnetic Track Recessed 1-Meter DC48V Black G2',
      Quantity: 1,
      ShipDate: '2026-09-27',
      Price: 21000,
      PriceAfterVAT: 21000,
      Currency: 'IQD',
      Rate: 1450,
      DiscountPercent: 0,
      VendorNum: null,
      SerialNum: null,
      WarehouseCode: 'KRA001',
      SalesPersonCode: 74,
      CommisionPercent: 0,
      TreeType: 'iNotATree',
      AccountCode: '411010001',
      UseBaseUnits: 'tNO',
      SupplierCatNum: null,
      CostingCode: null,
      ProjectCode: null,
      BarCode: '',
      VatGroup: 'X0',
      Height1: 0,
      Hight1Unit: null,
      Height2: 0,
      Height2Unit: null,
      Lengh1: 0,
      Lengh1Unit: null,
      Lengh2: 0,
      Lengh2Unit: null,
      Weight1: 0,
      Weight1Unit: null,
      Weight2: 0,
      Weight2Unit: null,
      Factor1: 1,
      Factor2: 1,
      Factor3: 1,
      Factor4: 1,
      BaseType: -1,
      BaseEntry: null,
      BaseLine: null,
      Volume: 0.004326,
      VolumeUnit: 4,
      Width1: 0,
      Width1Unit: null,
      Width2: 0,
      Width2Unit: null,
      Address: '',
      TaxCode: null,
      TaxType: 'tt_Yes',
      TaxLiable: 'tYES',
      PickStatus: 'tNO',
      PickQuantity: 0,
      PickListIdNumber: null,
      OriginalItem: null,
      BackOrder: 'tYES',
      FreeText: '',
      ShippingMethod: 1,
      POTargetNum: null,
      POTargetEntry: null,
      POTargetRowNum: null,
      CorrectionInvoiceItem: 'ciis_ShouldBe',
      CorrInvAmountToStock: 0,
      CorrInvAmountToDiffAcct: 0,
      AppliedTax: 0,
      AppliedTaxFC: 0,
      AppliedTaxSC: 0,
      WTLiable: 'tNO',
      DeferredTax: 'tNO',
      EqualizationTaxPercent: 0,
      TotalEqualizationTax: 0,
      TotalEqualizationTaxFC: 0,
      TotalEqualizationTaxSC: 0,
      NetTaxAmount: 0,
      NetTaxAmountFC: 0,
      NetTaxAmountSC: 0,
      MeasureUnit: 'PCS',
      UnitsOfMeasurment: 1,
      LineTotal: 14.48,
      TaxPercentagePerRow: 0,
      TaxTotal: 0,
      ConsumerSalesForecast: 'tYES',
      ExciseAmount: 0,
      TaxPerUnit: 0,
      TotalInclTax: 0,
      CountryOrg: 'CN',
      SWW: null,
      TransactionType: null,
      DistributeExpense: 'tYES',
      RowTotalFC: 21000,
      RowTotalSC: 21000,
      LastBuyInmPrice: 0,
      LastBuyDistributeSumFc: 0,
      LastBuyDistributeSumSc: 0,
      LastBuyDistributeSum: 0,
      StockDistributesumForeign: 0,
      StockDistributesumSystem: 0,
      StockDistributesum: 0,
      StockInmPrice: 0,
      PickStatusEx: 'dlps_NotPicked',
      TaxBeforeDPM: 0,
      TaxBeforeDPMFC: 0,
      TaxBeforeDPMSC: 0,
      CFOPCode: null,
      CSTCode: null,
      Usage: null,
      TaxOnly: 'tNO',
      VisualOrder: 8,
      BaseOpenQuantity: 0,
      UnitPrice: 21000,
      LineStatus: 'bost_Open',
      PackageQuantity: 1,
      Text: '',
      LineType: 'dlt_Regular',
      COGSCostingCode: null,
      COGSAccountCode: '511010001',
      ChangeAssemlyBoMWarehouse: 'N',
      GrossBuyPrice: 4.62,
      GrossBase: -5,
      GrossProfitTotalBasePrice: 4.62,
      CostingCode2: null,
      CostingCode3: null,
      CostingCode4: null,
      CostingCode5: null,
      ItemDetails: null,
      LocationCode: null,
      ActualDeliveryDate: null,
      RemainingOpenQuantity: 1,
      OpenAmount: 14.48,
      OpenAmountFC: 21000,
      OpenAmountSC: 21000,
      ExLineNo: null,
      RequiredDate: null,
      RequiredQuantity: 0,
      COGSCostingCode2: null,
      COGSCostingCode3: null,
      COGSCostingCode4: null,
      COGSCostingCode5: null,
      CSTforIPI: null,
      CSTforPIS: null,
      CSTforCOFINS: null,
      CreditOriginCode: null,
      WithoutInventoryMovement: 'tNO',
      AgreementNo: null,
      AgreementRowNumber: null,
      ActualBaseEntry: null,
      ActualBaseLine: null,
      DocEntry: 281897,
      Surpluses: 0,
      DefectAndBreakup: 0,
      Shortages: 0,
      ConsiderQuantity: 'tNO',
      PartialRetirement: 'tNO',
      RetirementQuantity: 0,
      RetirementAPC: 0,
      ThirdParty: 'tNO',
      PoNum: null,
      PoItmNum: null,
      ExpenseType: null,
      ReceiptNumber: null,
      ExpenseOperationType: null,
      FederalTaxID: null,
      GrossProfit: 9.86,
      GrossProfitFC: 14301,
      GrossProfitSC: 14301,
      PriceSource: 'dpsManual',
      StgSeqNum: null,
      StgEntry: null,
      StgDesc: null,
      UoMEntry: 1,
      UoMCode: 'PCS',
      InventoryQuantity: 1,
      RemainingOpenInventoryQuantity: 1,
      ParentLineNum: null,
      Incoterms: 0,
      TransportMode: 0,
      NatureOfTransaction: null,
      DestinationCountryForImport: null,
      DestinationRegionForImport: null,
      OriginCountryForExport: null,
      OriginRegionForExport: null,
      ItemType: 'dit_Item',
      ChangeInventoryQuantityIndependently: 'tNO',
      FreeOfChargeBP: 'tNO',
      SACEntry: null,
      HSNEntry: null,
      GrossPrice: 21000,
      GrossTotal: 14.48,
      GrossTotalFC: 21000,
      GrossTotalSC: 21000,
      NCMCode: -1,
      NVECode: null,
      IndEscala: 'tNO',
      CtrSealQty: 0,
      CNJPMan: null,
      CESTCode: null,
      UFFiscalBenefitCode: null,
      ReverseCharge: 'tNO',
      ShipToCode: null,
      ShipToDescription: '',
      OwnerCode: null,
      ExternalCalcTaxRate: 0,
      ExternalCalcTaxAmount: 0,
      ExternalCalcTaxAmountFC: 0,
      ExternalCalcTaxAmountSC: 0,
      StandardItemIdentification: null,
      CommodityClassification: null,
      UnencumberedReason: null,
      CUSplit: 'tNO',
      U_ST_DelDate: null,
      U_ST_ShipStatus: 'U',
      U_ST_SalePrice: 0,
      U_ST_Text: null,
      U_ST_TerritL: null,
      U_ST_WhsName: null,
      U_ST_WhsNameTo: null,
      U_Vol: 0,
      U_UOM: null,
      U_U_PARTNO: null,
      LineTaxJurisdictions: [],
      DocumentLineAdditionalExpenses: [],
      WithholdingTaxLines: [],
      SerialNumbers: [],
      BatchNumbers: [],
      DocumentLinesBinAllocations: []
    }
  ],
  ElectronicProtocols: [],
  DocumentAdditionalExpenses: [],
  WithholdingTaxDataWTXCollection: [],
  WithholdingTaxDataCollection: [],
  DocumentSpecialLines: [],
  TaxExtension: {
    TaxId0: null,
    TaxId1: null,
    TaxId2: null,
    TaxId3: null,
    TaxId4: null,
    TaxId5: null,
    TaxId6: null,
    TaxId7: null,
    TaxId8: null,
    TaxId9: null,
    State: null,
    County: null,
    Incoterms: null,
    Vehicle: null,
    VehicleState: null,
    NFRef: null,
    Carrier: null,
    PackQuantity: null,
    PackDescription: null,
    Brand: null,
    ShipUnitNo: null,
    NetWeight: 0,
    GrossWeight: 0,
    StreetS: null,
    BlockS: null,
    BuildingS: null,
    CityS: null,
    ZipCodeS: null,
    CountyS: null,
    StateS: null,
    CountryS: null,
    StreetB: null,
    BlockB: null,
    BuildingB: null,
    CityB: null,
    ZipCodeB: null,
    CountyB: null,
    StateB: null,
    CountryB: null,
    ImportOrExport: null,
    MainUsage: null,
    GlobalLocationNumberS: null,
    GlobalLocationNumberB: null,
    TaxId12: null,
    TaxId13: null,
    BillOfEntryNo: null,
    BillOfEntryDate: null,
    OriginalBillOfEntryNo: null,
    OriginalBillOfEntryDate: null,
    ImportOrExportType: 'et_IpmortsOrExports',
    PortCode: null,
    DocEntry: 281897,
    BoEValue: 0,
    ClaimRefund: null,
    DifferentialOfTaxRate: null,
    IsIGSTAccount: null
  },
  AddressExtension: {
    ShipToStreet: null,
    ShipToStreetNo: null,
    ShipToBlock: null,
    ShipToBuilding: null,
    ShipToCity: null,
    ShipToZipCode: null,
    ShipToCounty: null,
    ShipToState: null,
    ShipToCountry: null,
    ShipToAddressType: null,
    BillToStreet: null,
    BillToStreetNo: null,
    BillToBlock: null,
    BillToBuilding: null,
    BillToCity: null,
    BillToZipCode: null,
    BillToCounty: null,
    BillToState: null,
    BillToCountry: null,
    BillToAddressType: null,
    ShipToGlobalLocationNumber: null,
    BillToGlobalLocationNumber: null,
    ShipToAddress2: null,
    ShipToAddress3: null,
    BillToAddress2: null,
    BillToAddress3: null,
    PlaceOfSupply: null,
    PurchasePlaceOfSupply: null,
    DocEntry: 281897,
    GoodsIssuePlaceBP: null,
    GoodsIssuePlaceCNPJ: null,
    GoodsIssuePlaceCPF: null,
    GoodsIssuePlaceStreet: null,
    GoodsIssuePlaceStreetNo: null,
    GoodsIssuePlaceBuilding: null,
    GoodsIssuePlaceZip: null,
    GoodsIssuePlaceBlock: null,
    GoodsIssuePlaceCity: null,
    GoodsIssuePlaceCounty: null,
    GoodsIssuePlaceState: null,
    GoodsIssuePlaceCountry: null,
    GoodsIssuePlacePhone: null,
    GoodsIssuePlaceEMail: null,
    GoodsIssuePlaceDepartureDate: null,
    DeliveryPlaceBP: null,
    DeliveryPlaceCNPJ: null,
    DeliveryPlaceCPF: null,
    DeliveryPlaceStreet: null,
    DeliveryPlaceStreetNo: null,
    DeliveryPlaceBuilding: null,
    DeliveryPlaceZip: null,
    DeliveryPlaceBlock: null,
    DeliveryPlaceCity: null,
    DeliveryPlaceCounty: null,
    DeliveryPlaceState: null,
    DeliveryPlaceCountry: null,
    DeliveryPlacePhone: null,
    DeliveryPlaceEMail: null,
    DeliveryPlaceDepartureDate: null
  },
  DocumentReferences: []
}
📡 Fetching Territories from SAP HANA...
✅ تم جلب 280 منطقة بنجاح
🔐 محاولة تسجيل الدخول في SAP بواسطة: KarRetSale4
✅ تسجيل دخول ناجح إلى SAP بواسطة KarRetSale4
🧾 Final payload to SAP: {
  "RepID": "256       ",
  "CardCode": "CUS00033134",
  "DocDueDate": "2026-09-27",
  "DocCurrency": "IQD",
  "DocumentLines": [
    {
      "ItemCode": "OPP00799",
      "Quantity": 4,
      "UnitPrice": 10500,
      "WarehouseCode": "KRA001",
      "DiscountPercent": 0,
      "FreeText": ""
    }
  ],
  "U_CreatedBy": "ali.saad",
  "SalesPersonCode": 256
}
🧾 أمر البيع أنشئ بنجاح من قبل KarRetSale4: {
  'odata.metadata': 'https://hanab1:50000/b1s/v1/$metadata#Orders/@Element',
  'odata.etag': 'W/"356A192B7913B04C54574D18C28D46E6395428AB"',
  DocEntry: 281904,
  DocNum: 2611358,
  DocType: 'dDocument_Items',
  HandWritten: 'tNO',
  Printed: 'psNo',
  DocDate: '2026-09-27',
  DocDueDate: '2026-09-27',
  CardCode: 'CUS00033134',
  CardName: 'عمر هاشم احمد',
  Address: null,
  NumAtCard: null,
  DocTotal: 28.97,
  AttachmentEntry: null,
  DocCurrency: 'IQD',
  DocRate: 1450,
  Reference1: '2611358',
  Reference2: null,
  Comments: '',
  JournalMemo: 'Sales Orders - CUS00033134',
  PaymentGroupCode: -1,
  DocTime: '16:30:00',
  SalesPersonCode: 256,
  TransportationCode: -1,
  Confirmed: 'tYES',
  ImportFileNum: null,
  SummeryType: 'dNoSummary',
  ContactPersonCode: null,
  ShowSCN: 'tNO',
  Series: 264,
  TaxDate: '2026-09-27',
  PartialSupply: 'tYES',
  DocObjectCode: 'oOrders',
  ShipToCode: null,
  Indicator: null,
  FederalTaxID: null,
  DiscountPercent: 0,
  PaymentReference: null,
  CreationDate: '2026-09-27',
  UpdateDate: '2026-09-27',
  FinancialPeriod: 62,
  UserSign: 134,
  TransNum: null,
  VatSum: 0,
  VatSumSys: 0,
  VatSumFc: 0,
  NetProcedure: 'tNO',
  DocTotalFc: 42000,
  DocTotalSys: 42000,
  Form1099: null,
  Box1099: null,
  RevisionPo: 'tNO',
  RequriedDate: '2026-09-27',
  CancelDate: '2026-10-27',
  BlockDunning: 'tNO',
  Submitted: 'tNO',
  Segment: 0,
  PickStatus: 'tNO',
  Pick: 'tNO',
  PaymentMethod: null,
  PaymentBlock: 'tNO',
  PaymentBlockEntry: null,
  CentralBankIndicator: null,
  MaximumCashDiscount: 'tNO',
  Reserve: 'tNO',
  Project: null,
  ExemptionValidityDateFrom: null,
  ExemptionValidityDateTo: null,
  WareHouseUpdateType: 'dwh_CustomerOrders',
  Rounding: 'tNO',
  ExternalCorrectedDocNum: null,
  InternalCorrectedDocNum: null,
  NextCorrectingDocument: null,
  DeferredTax: 'tNO',
  TaxExemptionLetterNum: null,
  WTApplied: 0,
  WTAppliedFC: 0,
  BillOfExchangeReserved: 'tNO',
  AgentCode: null,
  WTAppliedSC: 0,
  TotalEqualizationTax: 0,
  TotalEqualizationTaxFC: 0,
  TotalEqualizationTaxSC: 0,
  NumberOfInstallments: 1,
  ApplyTaxOnFirstInstallment: 'tNO',
  WTNonSubjectAmount: 0,
  WTNonSubjectAmountSC: 0,
  WTNonSubjectAmountFC: 0,
  WTExemptedAmount: 0,
  WTExemptedAmountSC: 0,
  WTExemptedAmountFC: 0,
  BaseAmount: 0,
  BaseAmountSC: 0,
  BaseAmountFC: 0,
  WTAmount: 0,
  WTAmountSC: 0,
  WTAmountFC: 0,
  VatDate: null,
  DocumentsOwner: null,
  FolioPrefixString: null,
  FolioNumber: null,
  DocumentSubType: 'bod_None',
  BPChannelCode: null,
  BPChannelContact: null,
  Address2: '',
  DocumentStatus: 'bost_Open',
  PeriodIndicator: 'Default',
  PayToCode: null,
  ManualNumber: null,
  UseShpdGoodsAct: 'tNO',
  IsPayToBank: 'tNO',
  PayToBankCountry: null,
  PayToBankCode: null,
  PayToBankAccountNo: null,
  PayToBankBranch: null,
  BPL_IDAssignedToInvoice: null,
  DownPayment: 0,
  ReserveInvoice: 'tNO',
  LanguageCode: 8,
  TrackingNumber: null,
  PickRemark: null,
  ClosingDate: null,
  SequenceCode: null,
  SequenceSerial: null,
  SeriesString: null,
  SubSeriesString: null,
  SequenceModel: '0',
  UseCorrectionVATGroup: 'tNO',
  TotalDiscount: 0,
  DownPaymentAmount: 0,
  DownPaymentPercentage: 0,
  DownPaymentType: 'dptInvoice',
  DownPaymentAmountSC: 0,
  DownPaymentAmountFC: 0,
  VatPercent: 0,
  ServiceGrossProfitPercent: 0,
  OpeningRemarks: null,
  ClosingRemarks: null,
  RoundingDiffAmount: 0,
  RoundingDiffAmountFC: 0,
  RoundingDiffAmountSC: 0,
  Cancelled: 'tNO',
  SignatureInputMessage: null,
  SignatureDigest: null,
  CertificationNumber: null,
  PrivateKeyVersion: null,
  ControlAccount: '112020001',
  InsuranceOperation347: 'tNO',
  ArchiveNonremovableSalesQuotation: 'tNO',
  GTSChecker: null,
  GTSPayee: null,
  ExtraMonth: 0,
  ExtraDays: 0,
  CashDiscountDateOffset: 0,
  StartFrom: 'pdt_None',
  NTSApproved: 'tNO',
  ETaxWebSite: null,
  ETaxNumber: null,
  NTSApprovedNumber: null,
  EDocGenerationType: 'edocNotRelevant',
  EDocSeries: null,
  EDocNum: null,
  EDocExportFormat: null,
  EDocStatus: 'edoc_Ok',
  EDocErrorCode: null,
  EDocErrorMessage: null,
  DownPaymentStatus: 'so_Open',
  GroupSeries: null,
  GroupNumber: null,
  GroupHandWritten: 'tNO',
  ReopenOriginalDocument: null,
  ReopenManuallyClosedOrCanceledDocument: null,
  CreateOnlineQuotation: 'tNO',
  POSEquipmentNumber: null,
  POSManufacturerSerialNumber: null,
  POSCashierNumber: null,
  ApplyCurrentVATRatesForDownPaymentsToDraw: 'tNO',
  ClosingOption: 'coByCurrentSystemDate',
  SpecifiedClosingDate: null,
  OpenForLandedCosts: 'tYES',
  AuthorizationStatus: 'dasWithout',
  TotalDiscountFC: 0,
  TotalDiscountSC: 0,
  RelevantToGTS: 'tNO',
  BPLName: null,
  VATRegNum: null,
  AnnualInvoiceDeclarationReference: null,
  Supplier: null,
  Releaser: null,
  Receiver: null,
  BlanketAgreementNumber: null,
  IsAlteration: 'tNO',
  CancelStatus: 'csNo',
  AssetValueDate: null,
  DocumentDelivery: 'ddtNoneSeleted',
  AuthorizationCode: null,
  StartDeliveryDate: null,
  StartDeliveryTime: null,
  EndDeliveryDate: null,
  EndDeliveryTime: null,
  VehiclePlate: null,
  ATDocumentType: null,
  ElecCommStatus: null,
  ElecCommMessage: null,
  ReuseDocumentNum: 'tNO',
  ReuseNotaFiscalNum: 'tNO',
  PrintSEPADirect: 'tNO',
  FiscalDocNum: null,
  POSDailySummaryNo: null,
  POSReceiptNo: null,
  PointOfIssueCode: null,
  Letter: null,
  FolioNumberFrom: null,
  FolioNumberTo: null,
  InterimType: 'boidt_None',
  RelatedType: -1,
  RelatedEntry: null,
  SAPPassport: null,
  DocumentTaxID: null,
  DateOfReportingControlStatementVAT: null,
  ReportingSectionControlStatementVAT: null,
  ExcludeFromTaxReportControlStatementVAT: 'tNO',
  POS_CashRegister: null,
  UpdateTime: '16:30:50',
  CreateQRCodeFrom: null,
  PriceMode: null,
  ShipFrom: null,
  CommissionTrade: 'ct_Empty',
  CommissionTradeReturn: 'tNO',
  UseBillToAddrToDetermineTax: 'tNO',
  Cig: null,
  Cup: null,
  FatherCard: null,
  FatherType: 'cPayments_sum',
  ShipState: null,
  ShipPlace: null,
  CustOffice: null,
  FCI: null,
  AddLegIn: null,
  LegTextF: null,
  DANFELgTxt: null,
  IndFinal: 'tNO',
  DataVersion: 1,
  LastPageFolioNumber: null,
  U_ST_Activity: null,
  U_ST_Driver: null,
  U_ST_ShipNo: null,
  U_ST_ShipStatus: 'U',
  U_ST_QStatus: 'P',
  U_ST_isSigned: null,
  U_ST_ReturnType: null,
  U_ST_CreationTime: null,
  U_Location: null,
  U_Department: null,
  U_Approval: 'N',
  U_MKT_time: null,
  U_Arch: null,
  U_suspend: 'N',
  Document_ApprovalRequests: [],
  DocumentLines: [
    {
      LineNum: 0,
      ItemCode: 'OPP00799',
      ItemDescription: 'OPPLE Downlight LED RC-US Pro R100-9W-4000-BK IP44',
      Quantity: 4,
      ShipDate: '2026-09-27',
      Price: 10500,
      PriceAfterVAT: 10500,
      Currency: 'IQD',
      Rate: 1450,
      DiscountPercent: 0,
      VendorNum: null,
      SerialNum: null,
      WarehouseCode: 'KRA001',
      SalesPersonCode: 256,
      CommisionPercent: 0,
      TreeType: 'iNotATree',
      AccountCode: '411010001',
      UseBaseUnits: 'tNO',
      SupplierCatNum: null,
      CostingCode: null,
      ProjectCode: null,
      BarCode: '',
      VatGroup: 'X0',
      Height1: 0,
      Hight1Unit: null,
      Height2: 0,
      Height2Unit: null,
      Lengh1: 0,
      Lengh1Unit: null,
      Lengh2: 0,
      Lengh2Unit: null,
      Weight1: 0,
      Weight1Unit: null,
      Weight2: 0,
      Weight2Unit: null,
      Factor1: 1,
      Factor2: 1,
      Factor3: 1,
      Factor4: 1,
      BaseType: -1,
      BaseEntry: null,
      BaseLine: null,
      Volume: 0.00356,
      VolumeUnit: 4,
      Width1: 0,
      Width1Unit: null,
      Width2: 0,
      Width2Unit: null,
      Address: '',
      TaxCode: null,
      TaxType: 'tt_Yes',
      TaxLiable: 'tYES',
      PickStatus: 'tNO',
      PickQuantity: 0,
      PickListIdNumber: null,
      OriginalItem: null,
      BackOrder: 'tYES',
      FreeText: '',
      ShippingMethod: 2,
      POTargetNum: null,
      POTargetEntry: null,
      POTargetRowNum: null,
      CorrectionInvoiceItem: 'ciis_ShouldBe',
      CorrInvAmountToStock: 0,
      CorrInvAmountToDiffAcct: 0,
      AppliedTax: 0,
      AppliedTaxFC: 0,
      AppliedTaxSC: 0,
      WTLiable: 'tNO',
      DeferredTax: 'tNO',
      EqualizationTaxPercent: 0,
      TotalEqualizationTax: 0,
      TotalEqualizationTaxFC: 0,
      TotalEqualizationTaxSC: 0,
      NetTaxAmount: 0,
      NetTaxAmountFC: 0,
      NetTaxAmountSC: 0,
      MeasureUnit: 'PCS',
      UnitsOfMeasurment: 1,
      LineTotal: 28.97,
      TaxPercentagePerRow: 0,
      TaxTotal: 0,
      ConsumerSalesForecast: 'tYES',
      ExciseAmount: 0,
      TaxPerUnit: 0,
      TotalInclTax: 0,
      CountryOrg: null,
      SWW: '12009397',
      TransactionType: null,
      DistributeExpense: 'tYES',
      RowTotalFC: 42000,
      RowTotalSC: 42000,
      LastBuyInmPrice: 0,
      LastBuyDistributeSumFc: 0,
      LastBuyDistributeSumSc: 0,
      LastBuyDistributeSum: 0,
      StockDistributesumForeign: 0,
      StockDistributesumSystem: 0,
      StockDistributesum: 0,
      StockInmPrice: 0,
      PickStatusEx: 'dlps_NotPicked',
      TaxBeforeDPM: 0,
      TaxBeforeDPMFC: 0,
      TaxBeforeDPMSC: 0,
      CFOPCode: null,
      CSTCode: null,
      Usage: null,
      TaxOnly: 'tNO',
      VisualOrder: 0,
      BaseOpenQuantity: 0,
      UnitPrice: 10500,
      LineStatus: 'bost_Open',
      PackageQuantity: 4,
      Text: '',
      LineType: 'dlt_Regular',
      COGSCostingCode: null,
      COGSAccountCode: '511010001',
      ChangeAssemlyBoMWarehouse: 'N',
      GrossBuyPrice: 2.63,
      GrossBase: -5,
      GrossProfitTotalBasePrice: 10.52,
      CostingCode2: null,
      CostingCode3: null,
      CostingCode4: null,
      CostingCode5: null,
      ItemDetails: null,
      LocationCode: null,
      ActualDeliveryDate: null,
      RemainingOpenQuantity: 4,
      OpenAmount: 28.97,
      OpenAmountFC: 42000,
      OpenAmountSC: 42000,
      ExLineNo: null,
      RequiredDate: null,
      RequiredQuantity: 0,
      COGSCostingCode2: null,
      COGSCostingCode3: null,
      COGSCostingCode4: null,
      COGSCostingCode5: null,
      CSTforIPI: null,
      CSTforPIS: null,
      CSTforCOFINS: null,
      CreditOriginCode: null,
      WithoutInventoryMovement: 'tNO',
      AgreementNo: null,
      AgreementRowNumber: null,
      ActualBaseEntry: null,
      ActualBaseLine: null,
      DocEntry: 281904,
      Surpluses: 0,
      DefectAndBreakup: 0,
      Shortages: 0,
      ConsiderQuantity: 'tNO',
      PartialRetirement: 'tNO',
      RetirementQuantity: 0,
      RetirementAPC: 0,
      ThirdParty: 'tNO',
      PoNum: null,
      PoItmNum: null,
      ExpenseType: null,
      ReceiptNumber: null,
      ExpenseOperationType: null,
      FederalTaxID: null,
      GrossProfit: 18.45,
      GrossProfitFC: 26746,
      GrossProfitSC: 26746,
      PriceSource: 'dpsManual',
      StgSeqNum: null,
      StgEntry: null,
      StgDesc: null,
      UoMEntry: 1,
      UoMCode: 'PCS',
      InventoryQuantity: 4,
      RemainingOpenInventoryQuantity: 4,
      ParentLineNum: null,
      Incoterms: 0,
      TransportMode: 0,
      NatureOfTransaction: null,
      DestinationCountryForImport: null,
      DestinationRegionForImport: null,
      OriginCountryForExport: null,
      OriginRegionForExport: null,
      ItemType: 'dit_Item',
      ChangeInventoryQuantityIndependently: 'tNO',
      FreeOfChargeBP: 'tNO',
      SACEntry: null,
      HSNEntry: null,
      GrossPrice: 10500,
      GrossTotal: 28.97,
      GrossTotalFC: 42000,
      GrossTotalSC: 42000,
      NCMCode: -1,
      NVECode: null,
      IndEscala: 'tNO',
      CtrSealQty: 0,
      CNJPMan: null,
      CESTCode: null,
      UFFiscalBenefitCode: null,
      ReverseCharge: 'tNO',
      ShipToCode: null,
      ShipToDescription: '',
      OwnerCode: null,
      ExternalCalcTaxRate: 0,
      ExternalCalcTaxAmount: 0,
      ExternalCalcTaxAmountFC: 0,
      ExternalCalcTaxAmountSC: 0,
      StandardItemIdentification: null,
      CommodityClassification: null,
      UnencumberedReason: null,
      CUSplit: 'tNO',
      U_ST_DelDate: null,
      U_ST_ShipStatus: 'U',
      U_ST_SalePrice: 0,
      U_ST_Text: null,
      U_ST_TerritL: null,
      U_ST_WhsName: null,
      U_ST_WhsNameTo: null,
      U_Vol: 0,
      U_UOM: null,
      U_U_PARTNO: null,
      LineTaxJurisdictions: [],
      DocumentLineAdditionalExpenses: [],
      WithholdingTaxLines: [],
      SerialNumbers: [],
      BatchNumbers: [],
      DocumentLinesBinAllocations: []
    }
  ],
  ElectronicProtocols: [],
  DocumentAdditionalExpenses: [],
  WithholdingTaxDataWTXCollection: [],
  WithholdingTaxDataCollection: [],
  DocumentSpecialLines: [],
  TaxExtension: {
    TaxId0: null,
    TaxId1: null,
    TaxId2: null,
    TaxId3: null,
    TaxId4: null,
    TaxId5: null,
    TaxId6: null,
    TaxId7: null,
    TaxId8: null,
    TaxId9: null,
    State: null,
    County: null,
    Incoterms: null,
    Vehicle: null,
    VehicleState: null,
    NFRef: null,
    Carrier: null,
    PackQuantity: null,
    PackDescription: null,
    Brand: null,
    ShipUnitNo: null,
    NetWeight: 0,
    GrossWeight: 0,
    StreetS: null,
    BlockS: null,
    BuildingS: null,
    CityS: null,
    ZipCodeS: null,
    CountyS: null,
    StateS: null,
    CountryS: null,
    StreetB: null,
    BlockB: null,
    BuildingB: null,
    CityB: null,
    ZipCodeB: null,
    CountyB: null,
    StateB: null,
    CountryB: null,
    ImportOrExport: null,
    MainUsage: null,
    GlobalLocationNumberS: null,
    GlobalLocationNumberB: null,
    TaxId12: null,
    TaxId13: null,
    BillOfEntryNo: null,
    BillOfEntryDate: null,
    OriginalBillOfEntryNo: null,
    OriginalBillOfEntryDate: null,
    ImportOrExportType: 'et_IpmortsOrExports',
    PortCode: null,
    DocEntry: 281904,
    BoEValue: 0,
    ClaimRefund: null,
    DifferentialOfTaxRate: null,
    IsIGSTAccount: null
  },
  AddressExtension: {
    ShipToStreet: null,
    ShipToStreetNo: null,
    ShipToBlock: null,
    ShipToBuilding: null,
    ShipToCity: null,
    ShipToZipCode: null,
    ShipToCounty: null,
    ShipToState: null,
    ShipToCountry: null,
    ShipToAddressType: null,
    BillToStreet: null,
    BillToStreetNo: null,
    BillToBlock: null,
    BillToBuilding: null,
    BillToCity: null,
    BillToZipCode: null,
    BillToCounty: null,
    BillToState: null,
    BillToCountry: null,
    BillToAddressType: null,
    ShipToGlobalLocationNumber: null,
    BillToGlobalLocationNumber: null,
    ShipToAddress2: null,
    ShipToAddress3: null,
    BillToAddress2: null,
    BillToAddress3: null,
    PlaceOfSupply: null,
    PurchasePlaceOfSupply: null,
    DocEntry: 281904,
    GoodsIssuePlaceBP: null,
    GoodsIssuePlaceCNPJ: null,
    GoodsIssuePlaceCPF: null,
    GoodsIssuePlaceStreet: null,
    GoodsIssuePlaceStreetNo: null,
    GoodsIssuePlaceBuilding: null,
    GoodsIssuePlaceZip: null,
    GoodsIssuePlaceBlock: null,
    GoodsIssuePlaceCity: null,
    GoodsIssuePlaceCounty: null,
    GoodsIssuePlaceState: null,
    GoodsIssuePlaceCountry: null,
    GoodsIssuePlacePhone: null,
    GoodsIssuePlaceEMail: null,
    GoodsIssuePlaceDepartureDate: null,
    DeliveryPlaceBP: null,
    DeliveryPlaceCNPJ: null,
    DeliveryPlaceCPF: null,
    DeliveryPlaceStreet: null,
    DeliveryPlaceStreetNo: null,
    DeliveryPlaceBuilding: null,
    DeliveryPlaceZip: null,
    DeliveryPlaceBlock: null,
    DeliveryPlaceCity: null,
    DeliveryPlaceCounty: null,
    DeliveryPlaceState: null,
    DeliveryPlaceCountry: null,
    DeliveryPlacePhone: null,
    DeliveryPlaceEMail: null,
    DeliveryPlaceDepartureDate: null
  },
  DocumentReferences: []
}
🔐 محاولة تسجيل الدخول في SAP بواسطة: KarRetSale4
✅ تسجيل دخول ناجح إلى SAP بواسطة KarRetSale4
🧾 Final payload to SAP: {
  "RepID": "256       ",
  "CardCode": "CUS00016797",
  "DocDueDate": "2026-09-27",
  "DocCurrency": "IQD",
  "DocumentLines": [
    {
      "ItemCode": "RAN00972",
      "Quantity": 2,
      "UnitPrice": 181500,
      "WarehouseCode": "KRA001",
      "DiscountPercent": 0,
      "FreeText": ""
    }
  ],
  "U_CreatedBy": "ali.saad",
  "SalesPersonCode": 256
}
🧾 أمر البيع أنشئ بنجاح من قبل KarRetSale4: {
  'odata.metadata': 'https://hanab1:50000/b1s/v1/$metadata#Orders/@Element',
  'odata.etag': 'W/"356A192B7913B04C54574D18C28D46E6395428AB"',
  DocEntry: 281911,
  DocNum: 2611361,
  DocType: 'dDocument_Items',
  HandWritten: 'tNO',
  Printed: 'psNo',
  DocDate: '2026-09-27',
  DocDueDate: '2026-09-27',
  CardCode: 'CUS00016797',
  CardName: 'مجمع مورانو',
  Address: null,
  NumAtCard: null,
  DocTotal: 250.34,
  AttachmentEntry: null,
  DocCurrency: 'IQD',
  DocRate: 1450,
  Reference1: '2611361',
  Reference2: null,
  Comments: '',
  JournalMemo: 'Sales Orders - CUS00016797',
  PaymentGroupCode: -1,
  DocTime: '17:13:00',
  SalesPersonCode: 256,
  TransportationCode: -1,
  Confirmed: 'tYES',
  ImportFileNum: null,
  SummeryType: 'dNoSummary',
  ContactPersonCode: null,
  ShowSCN: 'tNO',
  Series: 264,
  TaxDate: '2026-09-27',
  PartialSupply: 'tYES',
  DocObjectCode: 'oOrders',
  ShipToCode: null,
  Indicator: null,
  FederalTaxID: null,
  DiscountPercent: 0,
  PaymentReference: null,
  CreationDate: '2026-09-27',
  UpdateDate: '2026-09-27',
  FinancialPeriod: 62,
  UserSign: 134,
  TransNum: null,
  VatSum: 0,
  VatSumSys: 0,
  VatSumFc: 0,
  NetProcedure: 'tNO',
  DocTotalFc: 363000,
  DocTotalSys: 363000,
  Form1099: null,
  Box1099: null,
  RevisionPo: 'tNO',
  RequriedDate: '2026-09-27',
  CancelDate: '2026-10-27',
  BlockDunning: 'tNO',
  Submitted: 'tNO',
  Segment: 0,
  PickStatus: 'tNO',
  Pick: 'tNO',
  PaymentMethod: null,
  PaymentBlock: 'tNO',
  PaymentBlockEntry: null,
  CentralBankIndicator: null,
  MaximumCashDiscount: 'tNO',
  Reserve: 'tNO',
  Project: null,
  ExemptionValidityDateFrom: null,
  ExemptionValidityDateTo: null,
  WareHouseUpdateType: 'dwh_CustomerOrders',
  Rounding: 'tNO',
  ExternalCorrectedDocNum: null,
  InternalCorrectedDocNum: null,
  NextCorrectingDocument: null,
  DeferredTax: 'tNO',
  TaxExemptionLetterNum: null,
  WTApplied: 0,
  WTAppliedFC: 0,
  BillOfExchangeReserved: 'tNO',
  AgentCode: null,
  WTAppliedSC: 0,
  TotalEqualizationTax: 0,
  TotalEqualizationTaxFC: 0,
  TotalEqualizationTaxSC: 0,
  NumberOfInstallments: 1,
  ApplyTaxOnFirstInstallment: 'tNO',
  WTNonSubjectAmount: 0,
  WTNonSubjectAmountSC: 0,
  WTNonSubjectAmountFC: 0,
  WTExemptedAmount: 0,
  WTExemptedAmountSC: 0,
  WTExemptedAmountFC: 0,
  BaseAmount: 0,
  BaseAmountSC: 0,
  BaseAmountFC: 0,
  WTAmount: 0,
  WTAmountSC: 0,
  WTAmountFC: 0,
  VatDate: null,
  DocumentsOwner: null,
  FolioPrefixString: null,
  FolioNumber: null,
  DocumentSubType: 'bod_None',
  BPChannelCode: null,
  BPChannelContact: null,
  Address2: '',
  DocumentStatus: 'bost_Open',
  PeriodIndicator: 'Default',
  PayToCode: null,
  ManualNumber: null,
  UseShpdGoodsAct: 'tNO',
  IsPayToBank: 'tNO',
  PayToBankCountry: null,
  PayToBankCode: null,
  PayToBankAccountNo: null,
  PayToBankBranch: null,
  BPL_IDAssignedToInvoice: null,
  DownPayment: 0,
  ReserveInvoice: 'tNO',
  LanguageCode: 8,
  TrackingNumber: null,
  PickRemark: null,
  ClosingDate: null,
  SequenceCode: null,
  SequenceSerial: null,
  SeriesString: null,
  SubSeriesString: null,
  SequenceModel: '0',
  UseCorrectionVATGroup: 'tNO',
  TotalDiscount: 0,
  DownPaymentAmount: 0,
  DownPaymentPercentage: 0,
  DownPaymentType: 'dptInvoice',
  DownPaymentAmountSC: 0,
  DownPaymentAmountFC: 0,
  VatPercent: 0,
  ServiceGrossProfitPercent: 0,
  OpeningRemarks: null,
  ClosingRemarks: null,
  RoundingDiffAmount: 0,
  RoundingDiffAmountFC: 0,
  RoundingDiffAmountSC: 0,
  Cancelled: 'tNO',
  SignatureInputMessage: null,
  SignatureDigest: null,
  CertificationNumber: null,
  PrivateKeyVersion: null,
  ControlAccount: '112020001',
  InsuranceOperation347: 'tNO',
  ArchiveNonremovableSalesQuotation: 'tNO',
  GTSChecker: null,
  GTSPayee: null,
  ExtraMonth: 0,
  ExtraDays: 0,
  CashDiscountDateOffset: 0,
  StartFrom: 'pdt_None',
  NTSApproved: 'tNO',
  ETaxWebSite: null,
  ETaxNumber: null,
  NTSApprovedNumber: null,
  EDocGenerationType: 'edocNotRelevant',
  EDocSeries: null,
  EDocNum: null,
  EDocExportFormat: null,
  EDocStatus: 'edoc_Ok',
  EDocErrorCode: null,
  EDocErrorMessage: null,
  DownPaymentStatus: 'so_Open',
  GroupSeries: null,
  GroupNumber: null,
  GroupHandWritten: 'tNO',
  ReopenOriginalDocument: null,
  ReopenManuallyClosedOrCanceledDocument: null,
  CreateOnlineQuotation: 'tNO',
  POSEquipmentNumber: null,
  POSManufacturerSerialNumber: null,
  POSCashierNumber: null,
  ApplyCurrentVATRatesForDownPaymentsToDraw: 'tNO',
  ClosingOption: 'coByCurrentSystemDate',
  SpecifiedClosingDate: null,
  OpenForLandedCosts: 'tYES',
  AuthorizationStatus: 'dasWithout',
  TotalDiscountFC: 0,
  TotalDiscountSC: 0,
  RelevantToGTS: 'tNO',
  BPLName: null,
  VATRegNum: null,
  AnnualInvoiceDeclarationReference: null,
  Supplier: null,
  Releaser: null,
  Receiver: null,
  BlanketAgreementNumber: null,
  IsAlteration: 'tNO',
  CancelStatus: 'csNo',
  AssetValueDate: null,
  DocumentDelivery: 'ddtNoneSeleted',
  AuthorizationCode: null,
  StartDeliveryDate: null,
  StartDeliveryTime: null,
  EndDeliveryDate: null,
  EndDeliveryTime: null,
  VehiclePlate: null,
  ATDocumentType: null,
  ElecCommStatus: null,
  ElecCommMessage: null,
  ReuseDocumentNum: 'tNO',
  ReuseNotaFiscalNum: 'tNO',
  PrintSEPADirect: 'tNO',
  FiscalDocNum: null,
  POSDailySummaryNo: null,
  POSReceiptNo: null,
  PointOfIssueCode: null,
  Letter: null,
  FolioNumberFrom: null,
  FolioNumberTo: null,
  InterimType: 'boidt_None',
  RelatedType: -1,
  RelatedEntry: null,
  SAPPassport: null,
  DocumentTaxID: null,
  DateOfReportingControlStatementVAT: null,
  ReportingSectionControlStatementVAT: null,
  ExcludeFromTaxReportControlStatementVAT: 'tNO',
  POS_CashRegister: null,
  UpdateTime: '17:13:31',
  CreateQRCodeFrom: null,
  PriceMode: null,
  ShipFrom: null,
  CommissionTrade: 'ct_Empty',
  CommissionTradeReturn: 'tNO',
  UseBillToAddrToDetermineTax: 'tNO',
  Cig: null,
  Cup: null,
  FatherCard: null,
  FatherType: 'cPayments_sum',
  ShipState: null,
  ShipPlace: null,
  CustOffice: null,
  FCI: null,
  AddLegIn: null,
  LegTextF: null,
  DANFELgTxt: null,
  IndFinal: 'tNO',
  DataVersion: 1,
  LastPageFolioNumber: null,
  U_ST_Activity: null,
  U_ST_Driver: null,
  U_ST_ShipNo: null,
  U_ST_ShipStatus: 'U',
  U_ST_QStatus: 'P',
  U_ST_isSigned: null,
  U_ST_ReturnType: null,
  U_ST_CreationTime: null,
  U_Location: null,
  U_Department: null,
  U_Approval: 'N',
  U_MKT_time: null,
  U_Arch: null,
  U_suspend: 'N',
  Document_ApprovalRequests: [],
  DocumentLines: [
    {
      LineNum: 0,
      ItemCode: 'RAN00972',
      ItemDescription: 'Randa Bolard light LED 70W-1550B 4000K IP65 Dark grey',
      Quantity: 2,
      ShipDate: '2026-09-27',
      Price: 181500,
      PriceAfterVAT: 181500,
      Currency: 'IQD',
      Rate: 1450,
      DiscountPercent: 0,
      VendorNum: null,
      SerialNum: null,
      WarehouseCode: 'KRA001',
      SalesPersonCode: 256,
      CommisionPercent: 0,
      TreeType: 'iNotATree',
      AccountCode: '411010001',
      UseBaseUnits: 'tNO',
      SupplierCatNum: null,
      CostingCode: null,
      ProjectCode: null,
      BarCode: '',
      VatGroup: 'X0',
      Height1: 0,
      Hight1Unit: null,
      Height2: 0,
      Height2Unit: null,
      Lengh1: 0,
      Lengh1Unit: null,
      Lengh2: 0,
      Lengh2Unit: null,
      Weight1: 0,
      Weight1Unit: null,
      Weight2: 0,
      Weight2Unit: null,
      Factor1: 1,
      Factor2: 1,
      Factor3: 1,
      Factor4: 1,
      BaseType: -1,
      BaseEntry: null,
      BaseLine: null,
      Volume: 0.08666,
      VolumeUnit: 4,
      Width1: 0,
      Width1Unit: null,
      Width2: 0,
      Width2Unit: null,
      Address: '',
      TaxCode: null,
      TaxType: 'tt_Yes',
      TaxLiable: 'tYES',
      PickStatus: 'tNO',
      PickQuantity: 0,
      PickListIdNumber: null,
      OriginalItem: null,
      BackOrder: 'tYES',
      FreeText: '',
      ShippingMethod: 2,
      POTargetNum: null,
      POTargetEntry: null,
      POTargetRowNum: null,
      CorrectionInvoiceItem: 'ciis_ShouldBe',
      CorrInvAmountToStock: 0,
      CorrInvAmountToDiffAcct: 0,
      AppliedTax: 0,
      AppliedTaxFC: 0,
      AppliedTaxSC: 0,
      WTLiable: 'tNO',
      DeferredTax: 'tNO',
      EqualizationTaxPercent: 0,
      TotalEqualizationTax: 0,
      TotalEqualizationTaxFC: 0,
      TotalEqualizationTaxSC: 0,
      NetTaxAmount: 0,
      NetTaxAmountFC: 0,
      NetTaxAmountSC: 0,
      MeasureUnit: 'PCS',
      UnitsOfMeasurment: 1,
      LineTotal: 250.34,
      TaxPercentagePerRow: 0,
      TaxTotal: 0,
      ConsumerSalesForecast: 'tYES',
      ExciseAmount: 0,
      TaxPerUnit: 0,
      TotalInclTax: 0,
      CountryOrg: 'CN',
      SWW: null,
      TransactionType: null,
      DistributeExpense: 'tYES',
      RowTotalFC: 363000,
      RowTotalSC: 363000,
      LastBuyInmPrice: 0,
      LastBuyDistributeSumFc: 0,
      LastBuyDistributeSumSc: 0,
      LastBuyDistributeSum: 0,
      StockDistributesumForeign: 0,
      StockDistributesumSystem: 0,
      StockDistributesum: 0,
      StockInmPrice: 0,
      PickStatusEx: 'dlps_NotPicked',
      TaxBeforeDPM: 0,
      TaxBeforeDPMFC: 0,
      TaxBeforeDPMSC: 0,
      CFOPCode: null,
      CSTCode: null,
      Usage: null,
      TaxOnly: 'tNO',
      VisualOrder: 0,
      BaseOpenQuantity: 0,
      UnitPrice: 181500,
      LineStatus: 'bost_Open',
      PackageQuantity: 2,
      Text: '',
      LineType: 'dlt_Regular',
      COGSCostingCode: null,
      COGSAccountCode: '511010001',
      ChangeAssemlyBoMWarehouse: 'N',
      GrossBuyPrice: 59.57,
      GrossBase: -5,
      GrossProfitTotalBasePrice: 119.14,
      CostingCode2: null,
      CostingCode3: null,
      CostingCode4: null,
      CostingCode5: null,
      ItemDetails: null,
      LocationCode: null,
      ActualDeliveryDate: null,
      RemainingOpenQuantity: 2,
      OpenAmount: 250.34,
      OpenAmountFC: 363000,
      OpenAmountSC: 363000,
      ExLineNo: null,
      RequiredDate: null,
      RequiredQuantity: 0,
      COGSCostingCode2: null,
      COGSCostingCode3: null,
      COGSCostingCode4: null,
      COGSCostingCode5: null,
      CSTforIPI: null,
      CSTforPIS: null,
      CSTforCOFINS: null,
      CreditOriginCode: null,
      WithoutInventoryMovement: 'tNO',
      AgreementNo: null,
      AgreementRowNumber: null,
      ActualBaseEntry: null,
      ActualBaseLine: null,
      DocEntry: 281911,
      Surpluses: 0,
      DefectAndBreakup: 0,
      Shortages: 0,
      ConsiderQuantity: 'tNO',
      PartialRetirement: 'tNO',
      RetirementQuantity: 0,
      RetirementAPC: 0,
      ThirdParty: 'tNO',
      PoNum: null,
      PoItmNum: null,
      ExpenseType: null,
      ReceiptNumber: null,
      ExpenseOperationType: null,
      FederalTaxID: null,
      GrossProfit: 131.2,
      GrossProfitFC: 190247,
      GrossProfitSC: 190247,
      PriceSource: 'dpsManual',
      StgSeqNum: null,
      StgEntry: null,
      StgDesc: null,
      UoMEntry: 1,
      UoMCode: 'PCS',
      InventoryQuantity: 2,
      RemainingOpenInventoryQuantity: 2,
      ParentLineNum: null,
      Incoterms: 0,
      TransportMode: 0,
      NatureOfTransaction: null,
      DestinationCountryForImport: null,
      DestinationRegionForImport: null,
      OriginCountryForExport: null,
      OriginRegionForExport: null,
      ItemType: 'dit_Item',
      ChangeInventoryQuantityIndependently: 'tNO',
      FreeOfChargeBP: 'tNO',
      SACEntry: null,
      HSNEntry: null,
      GrossPrice: 181500,
      GrossTotal: 250.34,
      GrossTotalFC: 363000,
      GrossTotalSC: 363000,
      NCMCode: -1,
      NVECode: null,
      IndEscala: 'tNO',
      CtrSealQty: 0,
      CNJPMan: null,
      CESTCode: null,
      UFFiscalBenefitCode: null,
      ReverseCharge: 'tNO',
      ShipToCode: null,
      ShipToDescription: '',
      OwnerCode: null,
      ExternalCalcTaxRate: 0,
      ExternalCalcTaxAmount: 0,
      ExternalCalcTaxAmountFC: 0,
      ExternalCalcTaxAmountSC: 0,
      StandardItemIdentification: null,
      CommodityClassification: null,
      UnencumberedReason: null,
      CUSplit: 'tNO',
      U_ST_DelDate: null,
      U_ST_ShipStatus: 'U',
      U_ST_SalePrice: 0,
      U_ST_Text: null,
      U_ST_TerritL: null,
      U_ST_WhsName: null,
      U_ST_WhsNameTo: null,
      U_Vol: 0,
      U_UOM: null,
      U_U_PARTNO: null,
      LineTaxJurisdictions: [],
      DocumentLineAdditionalExpenses: [],
      WithholdingTaxLines: [],
      SerialNumbers: [],
      BatchNumbers: [],
      DocumentLinesBinAllocations: []
    }
  ],
  ElectronicProtocols: [],
  DocumentAdditionalExpenses: [],
  WithholdingTaxDataWTXCollection: [],
  WithholdingTaxDataCollection: [],
  DocumentSpecialLines: [],
  TaxExtension: {
    TaxId0: null,
    TaxId1: null,
    TaxId2: null,
    TaxId3: null,
    TaxId4: null,
    TaxId5: null,
    TaxId6: null,
    TaxId7: null,
    TaxId8: null,
    TaxId9: null,
    State: null,
    County: null,
    Incoterms: null,
    Vehicle: null,
    VehicleState: null,
    NFRef: null,
    Carrier: null,
    PackQuantity: null,
    PackDescription: null,
    Brand: null,
    ShipUnitNo: null,
    NetWeight: 0,
    GrossWeight: 0,
    StreetS: null,
    BlockS: null,
    BuildingS: null,
    CityS: null,
    ZipCodeS: null,
    CountyS: null,
    StateS: null,
    CountryS: null,
    StreetB: null,
    BlockB: null,
    BuildingB: null,
    CityB: null,
    ZipCodeB: null,
    CountyB: null,
    StateB: null,
    CountryB: null,
    ImportOrExport: null,
    MainUsage: null,
    GlobalLocationNumberS: null,
    GlobalLocationNumberB: null,
    TaxId12: null,
    TaxId13: null,
    BillOfEntryNo: null,
    BillOfEntryDate: null,
    OriginalBillOfEntryNo: null,
    OriginalBillOfEntryDate: null,
    ImportOrExportType: 'et_IpmortsOrExports',
    PortCode: null,
    DocEntry: 281911,
    BoEValue: 0,
    ClaimRefund: null,
    DifferentialOfTaxRate: null,
    IsIGSTAccount: null
  },
  AddressExtension: {
    ShipToStreet: null,
    ShipToStreetNo: null,
    ShipToBlock: null,
    ShipToBuilding: null,
    ShipToCity: null,
    ShipToZipCode: null,
    ShipToCounty: null,
    ShipToState: null,
    ShipToCountry: null,
    ShipToAddressType: null,
    BillToStreet: null,
    BillToStreetNo: null,
    BillToBlock: null,
    BillToBuilding: null,
    BillToCity: null,
    BillToZipCode: null,
    BillToCounty: null,
    BillToState: null,
    BillToCountry: null,
    BillToAddressType: null,
    ShipToGlobalLocationNumber: null,
    BillToGlobalLocationNumber: null,
    ShipToAddress2: null,
    ShipToAddress3: null,
    BillToAddress2: null,
    BillToAddress3: null,
    PlaceOfSupply: null,
    PurchasePlaceOfSupply: null,
    DocEntry: 281911,
    GoodsIssuePlaceBP: null,
    GoodsIssuePlaceCNPJ: null,
    GoodsIssuePlaceCPF: null,
    GoodsIssuePlaceStreet: null,
    GoodsIssuePlaceStreetNo: null,
    GoodsIssuePlaceBuilding: null,
    GoodsIssuePlaceZip: null,
    GoodsIssuePlaceBlock: null,
    GoodsIssuePlaceCity: null,
    GoodsIssuePlaceCounty: null,
    GoodsIssuePlaceState: null,
    GoodsIssuePlaceCountry: null,
    GoodsIssuePlacePhone: null,
    GoodsIssuePlaceEMail: null,
    GoodsIssuePlaceDepartureDate: null,
    DeliveryPlaceBP: null,
    DeliveryPlaceCNPJ: null,
    DeliveryPlaceCPF: null,
    DeliveryPlaceStreet: null,
    DeliveryPlaceStreetNo: null,
    DeliveryPlaceBuilding: null,
    DeliveryPlaceZip: null,
    DeliveryPlaceBlock: null,
    DeliveryPlaceCity: null,
    DeliveryPlaceCounty: null,
    DeliveryPlaceState: null,
    DeliveryPlaceCountry: null,
    DeliveryPlacePhone: null,
    DeliveryPlaceEMail: null,
    DeliveryPlaceDepartureDate: null
  },
  DocumentReferences: []
}
🔐 تسجيل الدخول في SAP بواسطة: KarRetSale4
✅ تسجيل دخول ناجح في SAP
📋 فلترة حسب المندوب: SalesPersonCode = 256       
✅ UPDATE-ORDER called { docEntry: 281888 }
🔐 تسجيل الدخول في SAP بواسطة: KarRetSale4
✅ تسجيل دخول ناجح في SAP
📋 فلترة حسب المندوب: SalesPersonCode = 256       
🔐 تسجيل الدخول في SAP بواسطة: KarRetSale4
✅ تسجيل دخول ناجح في SAP
📋 فلترة حسب المندوب: SalesPersonCode = 264       
🔐 محاولة تسجيل الدخول في SAP بواسطة: KarRetSale4
✅ تسجيل دخول ناجح إلى SAP بواسطة KarRetSale4
🧾 Final payload to SAP: {
  "RepID": "256       ",
  "CardCode": "CUS00024641",
  "DocDueDate": "2026-09-27",
  "DocCurrency": "IQD",
  "DocumentLines": [
    {
      "ItemCode": "OPP01375",
      "Quantity": 1,
      "UnitPrice": 5250,
      "WarehouseCode": "KRA001",
      "DiscountPercent": 0,
      "FreeText": ""
    }
  ],
  "U_CreatedBy": "ali.saad",
  "SalesPersonCode": 256
}
🧾 أمر البيع أنشئ بنجاح من قبل KarRetSale4: {
  'odata.metadata': 'https://hanab1:50000/b1s/v1/$metadata#Orders/@Element',
  'odata.etag': 'W/"356A192B7913B04C54574D18C28D46E6395428AB"',
  DocEntry: 281945,
  DocNum: 2611370,
  DocType: 'dDocument_Items',
  HandWritten: 'tNO',
  Printed: 'psNo',
  DocDate: '2026-09-27',
  DocDueDate: '2026-09-27',
  CardCode: 'CUS00024641',
  CardName: 'مريم عادل',
  Address: null,
  NumAtCard: null,
  DocTotal: 3.62,
  AttachmentEntry: null,
  DocCurrency: 'IQD',
  DocRate: 1450,
  Reference1: '2611370',
  Reference2: null,
  Comments: '',
  JournalMemo: 'Sales Orders - CUS00024641',
  PaymentGroupCode: -1,
  DocTime: '20:20:00',
  SalesPersonCode: 256,
  TransportationCode: -1,
  Confirmed: 'tYES',
  ImportFileNum: null,
  SummeryType: 'dNoSummary',
  ContactPersonCode: null,
  ShowSCN: 'tNO',
  Series: 264,
  TaxDate: '2026-09-27',
  PartialSupply: 'tYES',
  DocObjectCode: 'oOrders',
  ShipToCode: null,
  Indicator: null,
  FederalTaxID: null,
  DiscountPercent: 0,
  PaymentReference: null,
  CreationDate: '2026-09-27',
  UpdateDate: '2026-09-27',
  FinancialPeriod: 62,
  UserSign: 134,
  TransNum: null,
  VatSum: 0,
  VatSumSys: 0,
  VatSumFc: 0,
  NetProcedure: 'tNO',
  DocTotalFc: 5250,
  DocTotalSys: 5250,
  Form1099: null,
  Box1099: null,
  RevisionPo: 'tNO',
  RequriedDate: '2026-09-27',
  CancelDate: '2026-10-27',
  BlockDunning: 'tNO',
  Submitted: 'tNO',
  Segment: 0,
  PickStatus: 'tNO',
  Pick: 'tNO',
  PaymentMethod: null,
  PaymentBlock: 'tNO',
  PaymentBlockEntry: null,
  CentralBankIndicator: null,
  MaximumCashDiscount: 'tNO',
  Reserve: 'tNO',
  Project: null,
  ExemptionValidityDateFrom: null,
  ExemptionValidityDateTo: null,
  WareHouseUpdateType: 'dwh_CustomerOrders',
  Rounding: 'tNO',
  ExternalCorrectedDocNum: null,
  InternalCorrectedDocNum: null,
  NextCorrectingDocument: null,
  DeferredTax: 'tNO',
  TaxExemptionLetterNum: null,
  WTApplied: 0,
  WTAppliedFC: 0,
  BillOfExchangeReserved: 'tNO',
  AgentCode: null,
  WTAppliedSC: 0,
  TotalEqualizationTax: 0,
  TotalEqualizationTaxFC: 0,
  TotalEqualizationTaxSC: 0,
  NumberOfInstallments: 1,
  ApplyTaxOnFirstInstallment: 'tNO',
  WTNonSubjectAmount: 0,
  WTNonSubjectAmountSC: 0,
  WTNonSubjectAmountFC: 0,
  WTExemptedAmount: 0,
  WTExemptedAmountSC: 0,
  WTExemptedAmountFC: 0,
  BaseAmount: 0,
  BaseAmountSC: 0,
  BaseAmountFC: 0,
  WTAmount: 0,
  WTAmountSC: 0,
  WTAmountFC: 0,
  VatDate: null,
  DocumentsOwner: null,
  FolioPrefixString: null,
  FolioNumber: null,
  DocumentSubType: 'bod_None',
  BPChannelCode: null,
  BPChannelContact: null,
  Address2: '',
  DocumentStatus: 'bost_Open',
  PeriodIndicator: 'Default',
  PayToCode: null,
  ManualNumber: null,
  UseShpdGoodsAct: 'tNO',
  IsPayToBank: 'tNO',
  PayToBankCountry: null,
  PayToBankCode: null,
  PayToBankAccountNo: null,
  PayToBankBranch: null,
  BPL_IDAssignedToInvoice: null,
  DownPayment: 0,
  ReserveInvoice: 'tNO',
  LanguageCode: 8,
  TrackingNumber: null,
  PickRemark: null,
  ClosingDate: null,
  SequenceCode: null,
  SequenceSerial: null,
  SeriesString: null,
  SubSeriesString: null,
  SequenceModel: '0',
  UseCorrectionVATGroup: 'tNO',
  TotalDiscount: 0,
  DownPaymentAmount: 0,
  DownPaymentPercentage: 0,
  DownPaymentType: 'dptInvoice',
  DownPaymentAmountSC: 0,
  DownPaymentAmountFC: 0,
  VatPercent: 0,
  ServiceGrossProfitPercent: 0,
  OpeningRemarks: null,
  ClosingRemarks: null,
  RoundingDiffAmount: 0,
  RoundingDiffAmountFC: 0,
  RoundingDiffAmountSC: 0,
  Cancelled: 'tNO',
  SignatureInputMessage: null,
  SignatureDigest: null,
  CertificationNumber: null,
  PrivateKeyVersion: null,
  ControlAccount: '112020001',
  InsuranceOperation347: 'tNO',
  ArchiveNonremovableSalesQuotation: 'tNO',
  GTSChecker: null,
  GTSPayee: null,
  ExtraMonth: 0,
  ExtraDays: 0,
  CashDiscountDateOffset: 0,
  StartFrom: 'pdt_None',
  NTSApproved: 'tNO',
  ETaxWebSite: null,
  ETaxNumber: null,
  NTSApprovedNumber: null,
  EDocGenerationType: 'edocNotRelevant',
  EDocSeries: null,
  EDocNum: null,
  EDocExportFormat: null,
  EDocStatus: 'edoc_Ok',
  EDocErrorCode: null,
  EDocErrorMessage: null,
  DownPaymentStatus: 'so_Open',
  GroupSeries: null,
  GroupNumber: null,
  GroupHandWritten: 'tNO',
  ReopenOriginalDocument: null,
  ReopenManuallyClosedOrCanceledDocument: null,
  CreateOnlineQuotation: 'tNO',
  POSEquipmentNumber: null,
  POSManufacturerSerialNumber: null,
  POSCashierNumber: null,
  ApplyCurrentVATRatesForDownPaymentsToDraw: 'tNO',
  ClosingOption: 'coByCurrentSystemDate',
  SpecifiedClosingDate: null,
  OpenForLandedCosts: 'tYES',
  AuthorizationStatus: 'dasWithout',
  TotalDiscountFC: 0,
  TotalDiscountSC: 0,
  RelevantToGTS: 'tNO',
  BPLName: null,
  VATRegNum: null,
  AnnualInvoiceDeclarationReference: null,
  Supplier: null,
  Releaser: null,
  Receiver: null,
  BlanketAgreementNumber: null,
  IsAlteration: 'tNO',
  CancelStatus: 'csNo',
  AssetValueDate: null,
  DocumentDelivery: 'ddtNoneSeleted',
  AuthorizationCode: null,
  StartDeliveryDate: null,
  StartDeliveryTime: null,
  EndDeliveryDate: null,
  EndDeliveryTime: null,
  VehiclePlate: null,
  ATDocumentType: null,
  ElecCommStatus: null,
  ElecCommMessage: null,
  ReuseDocumentNum: 'tNO',
  ReuseNotaFiscalNum: 'tNO',
  PrintSEPADirect: 'tNO',
  FiscalDocNum: null,
  POSDailySummaryNo: null,
  POSReceiptNo: null,
  PointOfIssueCode: null,
  Letter: null,
  FolioNumberFrom: null,
  FolioNumberTo: null,
  InterimType: 'boidt_None',
  RelatedType: -1,
  RelatedEntry: null,
  SAPPassport: null,
  DocumentTaxID: null,
  DateOfReportingControlStatementVAT: null,
  ReportingSectionControlStatementVAT: null,
  ExcludeFromTaxReportControlStatementVAT: 'tNO',
  POS_CashRegister: null,
  UpdateTime: '20:20:07',
  CreateQRCodeFrom: null,
  PriceMode: null,
  ShipFrom: null,
  CommissionTrade: 'ct_Empty',
  CommissionTradeReturn: 'tNO',
  UseBillToAddrToDetermineTax: 'tNO',
  Cig: null,
  Cup: null,
  FatherCard: null,
  FatherType: 'cPayments_sum',
  ShipState: null,
  ShipPlace: null,
  CustOffice: null,
  FCI: null,
  AddLegIn: null,
  LegTextF: null,
  DANFELgTxt: null,
  IndFinal: 'tNO',
  DataVersion: 1,
  LastPageFolioNumber: null,
  U_ST_Activity: null,
  U_ST_Driver: null,
  U_ST_ShipNo: null,
  U_ST_ShipStatus: 'U',
  U_ST_QStatus: 'P',
  U_ST_isSigned: null,
  U_ST_ReturnType: null,
  U_ST_CreationTime: null,
  U_Location: null,
  U_Department: null,
  U_Approval: 'N',
  U_MKT_time: null,
  U_Arch: null,
  U_suspend: 'N',
  Document_ApprovalRequests: [],
  DocumentLines: [
    {
      LineNum: 0,
      ItemCode: 'OPP01375',
      ItemDescription: 'OPPLE LED Linear Accessories-U2&3 Suspended rope',
      Quantity: 1,
      ShipDate: '2026-09-27',
      Price: 5250,
      PriceAfterVAT: 5250,
      Currency: 'IQD',
      Rate: 1450,
      DiscountPercent: 0,
      VendorNum: null,
      SerialNum: null,
      WarehouseCode: 'KRA001',
      SalesPersonCode: 256,
      CommisionPercent: 0,
      TreeType: 'iNotATree',
      AccountCode: '411010001',
      UseBaseUnits: 'tNO',
      SupplierCatNum: null,
      CostingCode: null,
      ProjectCode: null,
      BarCode: '',
      VatGroup: 'X0',
      Height1: 0,
      Hight1Unit: null,
      Height2: 0,
      Height2Unit: null,
      Lengh1: 0,
      Lengh1Unit: null,
      Lengh2: 0,
      Lengh2Unit: null,
      Weight1: 0,
      Weight1Unit: null,
      Weight2: 0,
      Weight2Unit: null,
      Factor1: 1,
      Factor2: 1,
      Factor3: 1,
      Factor4: 1,
      BaseType: -1,
      BaseEntry: null,
      BaseLine: null,
      Volume: 0.000565,
      VolumeUnit: 4,
      Width1: 0,
      Width1Unit: null,
      Width2: 0,
      Width2Unit: null,
      Address: '',
      TaxCode: null,
      TaxType: 'tt_Yes',
      TaxLiable: 'tYES',
      PickStatus: 'tNO',
      PickQuantity: 0,
      PickListIdNumber: null,
      OriginalItem: null,
      BackOrder: 'tYES',
      FreeText: '',
      ShippingMethod: 2,
      POTargetNum: null,
      POTargetEntry: null,
      POTargetRowNum: null,
      CorrectionInvoiceItem: 'ciis_ShouldBe',
      CorrInvAmountToStock: 0,
      CorrInvAmountToDiffAcct: 0,
      AppliedTax: 0,
      AppliedTaxFC: 0,
      AppliedTaxSC: 0,
      WTLiable: 'tNO',
      DeferredTax: 'tNO',
      EqualizationTaxPercent: 0,
      TotalEqualizationTax: 0,
      TotalEqualizationTaxFC: 0,
      TotalEqualizationTaxSC: 0,
      NetTaxAmount: 0,
      NetTaxAmountFC: 0,
      NetTaxAmountSC: 0,
      MeasureUnit: 'PCS',
      UnitsOfMeasurment: 1,
      LineTotal: 3.62,
      TaxPercentagePerRow: 0,
      TaxTotal: 0,
      ConsumerSalesForecast: 'tYES',
      ExciseAmount: 0,
      TaxPerUnit: 0,
      TotalInclTax: 0,
      CountryOrg: null,
      SWW: null,
      TransactionType: null,
      DistributeExpense: 'tYES',
      RowTotalFC: 5250,
      RowTotalSC: 5250,
      LastBuyInmPrice: 0,
      LastBuyDistributeSumFc: 0,
      LastBuyDistributeSumSc: 0,
      LastBuyDistributeSum: 0,
      StockDistributesumForeign: 0,
      StockDistributesumSystem: 0,
      StockDistributesum: 0,
      StockInmPrice: 0,
      PickStatusEx: 'dlps_NotPicked',
      TaxBeforeDPM: 0,
      TaxBeforeDPMFC: 0,
      TaxBeforeDPMSC: 0,
      CFOPCode: null,
      CSTCode: null,
      Usage: null,
      TaxOnly: 'tNO',
      VisualOrder: 0,
      BaseOpenQuantity: 0,
      UnitPrice: 5250,
      LineStatus: 'bost_Open',
      PackageQuantity: 1,
      Text: '',
      LineType: 'dlt_Regular',
      COGSCostingCode: null,
      COGSAccountCode: '511010001',
      ChangeAssemlyBoMWarehouse: 'N',
      GrossBuyPrice: 1.74,
      GrossBase: -5,
      GrossProfitTotalBasePrice: 1.74,
      CostingCode2: null,
      CostingCode3: null,
      CostingCode4: null,
      CostingCode5: null,
      ItemDetails: null,
      LocationCode: null,
      ActualDeliveryDate: null,
      RemainingOpenQuantity: 1,
      OpenAmount: 3.62,
      OpenAmountFC: 5250,
      OpenAmountSC: 5250,
      ExLineNo: null,
      RequiredDate: null,
      RequiredQuantity: 0,
      COGSCostingCode2: null,
      COGSCostingCode3: null,
      COGSCostingCode4: null,
      COGSCostingCode5: null,
      CSTforIPI: null,
      CSTforPIS: null,
      CSTforCOFINS: null,
      CreditOriginCode: null,
      WithoutInventoryMovement: 'tNO',
      AgreementNo: null,
      AgreementRowNumber: null,
      ActualBaseEntry: null,
      ActualBaseLine: null,
      DocEntry: 281945,
      Surpluses: 0,
      DefectAndBreakup: 0,
      Shortages: 0,
      ConsiderQuantity: 'tNO',
      PartialRetirement: 'tNO',
      RetirementQuantity: 0,
      RetirementAPC: 0,
      ThirdParty: 'tNO',
      PoNum: null,
      PoItmNum: null,
      ExpenseType: null,
      ReceiptNumber: null,
      ExpenseOperationType: null,
      FederalTaxID: null,
      GrossProfit: 1.88,
      GrossProfitFC: 2727,
      GrossProfitSC: 2727,
      PriceSource: 'dpsManual',
      StgSeqNum: null,
      StgEntry: null,
      StgDesc: null,
      UoMEntry: 1,
      UoMCode: 'PCS',
      InventoryQuantity: 1,
      RemainingOpenInventoryQuantity: 1,
      ParentLineNum: null,
      Incoterms: 0,
      TransportMode: 0,
      NatureOfTransaction: null,
      DestinationCountryForImport: null,
      DestinationRegionForImport: null,
      OriginCountryForExport: null,
      OriginRegionForExport: null,
      ItemType: 'dit_Item',
      ChangeInventoryQuantityIndependently: 'tNO',
      FreeOfChargeBP: 'tNO',
      SACEntry: null,
      HSNEntry: null,
      GrossPrice: 5250,
      GrossTotal: 3.62,
      GrossTotalFC: 5250,
      GrossTotalSC: 5250,
      NCMCode: -1,
      NVECode: null,
      IndEscala: 'tNO',
      CtrSealQty: 0,
      CNJPMan: null,
      CESTCode: null,
      UFFiscalBenefitCode: null,
      ReverseCharge: 'tNO',
      ShipToCode: null,
      ShipToDescription: '',
      OwnerCode: null,
      ExternalCalcTaxRate: 0,
      ExternalCalcTaxAmount: 0,
      ExternalCalcTaxAmountFC: 0,
      ExternalCalcTaxAmountSC: 0,
      StandardItemIdentification: null,
      CommodityClassification: null,
      UnencumberedReason: null,
      CUSplit: 'tNO',
      U_ST_DelDate: null,
      U_ST_ShipStatus: 'U',
      U_ST_SalePrice: 0,
      U_ST_Text: null,
      U_ST_TerritL: null,
      U_ST_WhsName: null,
      U_ST_WhsNameTo: null,
      U_Vol: 0,
      U_UOM: null,
      U_U_PARTNO: null,
      LineTaxJurisdictions: [],
      DocumentLineAdditionalExpenses: [],
      WithholdingTaxLines: [],
      SerialNumbers: [],
      BatchNumbers: [],
      DocumentLinesBinAllocations: []
    }
  ],
  ElectronicProtocols: [],
  DocumentAdditionalExpenses: [],
  WithholdingTaxDataWTXCollection: [],
  WithholdingTaxDataCollection: [],
  DocumentSpecialLines: [],
  TaxExtension: {
    TaxId0: null,
    TaxId1: null,
    TaxId2: null,
    TaxId3: null,
    TaxId4: null,
    TaxId5: null,
    TaxId6: null,
    TaxId7: null,
    TaxId8: null,
    TaxId9: null,
    State: null,
    County: null,
    Incoterms: null,
    Vehicle: null,
    VehicleState: null,
    NFRef: null,
    Carrier: null,
    PackQuantity: null,
    PackDescription: null,
    Brand: null,
    ShipUnitNo: null,
    NetWeight: 0,
    GrossWeight: 0,
    StreetS: null,
    BlockS: null,
    BuildingS: null,
    CityS: null,
    ZipCodeS: null,
    CountyS: null,
    StateS: null,
    CountryS: null,
    StreetB: null,
    BlockB: null,
    BuildingB: null,
    CityB: null,
    ZipCodeB: null,
    CountyB: null,
    StateB: null,
    CountryB: null,
    ImportOrExport: null,
    MainUsage: null,
    GlobalLocationNumberS: null,
    GlobalLocationNumberB: null,
    TaxId12: null,
    TaxId13: null,
    BillOfEntryNo: null,
    BillOfEntryDate: null,
    OriginalBillOfEntryNo: null,
    OriginalBillOfEntryDate: null,
    ImportOrExportType: 'et_IpmortsOrExports',
    PortCode: null,
    DocEntry: 281945,
    BoEValue: 0,
    ClaimRefund: null,
    DifferentialOfTaxRate: null,
    IsIGSTAccount: null
  },
  AddressExtension: {
    ShipToStreet: null,
    ShipToStreetNo: null,
    ShipToBlock: null,
    ShipToBuilding: null,
    ShipToCity: null,
    ShipToZipCode: null,
    ShipToCounty: null,
    ShipToState: null,
    ShipToCountry: null,
    ShipToAddressType: null,
    BillToStreet: null,
    BillToStreetNo: null,
    BillToBlock: null,
    BillToBuilding: null,
    BillToCity: null,
    BillToZipCode: null,
    BillToCounty: null,
    BillToState: null,
    BillToCountry: null,
    BillToAddressType: null,
    ShipToGlobalLocationNumber: null,
    BillToGlobalLocationNumber: null,
    ShipToAddress2: null,
    ShipToAddress3: null,
    BillToAddress2: null,
    BillToAddress3: null,
    PlaceOfSupply: null,
    PurchasePlaceOfSupply: null,
    DocEntry: 281945,
    GoodsIssuePlaceBP: null,
    GoodsIssuePlaceCNPJ: null,
    GoodsIssuePlaceCPF: null,
    GoodsIssuePlaceStreet: null,
    GoodsIssuePlaceStreetNo: null,
    GoodsIssuePlaceBuilding: null,
    GoodsIssuePlaceZip: null,
    GoodsIssuePlaceBlock: null,
    GoodsIssuePlaceCity: null,
    GoodsIssuePlaceCounty: null,
    GoodsIssuePlaceState: null,
    GoodsIssuePlaceCountry: null,
    GoodsIssuePlacePhone: null,
    GoodsIssuePlaceEMail: null,
    GoodsIssuePlaceDepartureDate: null,
    DeliveryPlaceBP: null,
    DeliveryPlaceCNPJ: null,
    DeliveryPlaceCPF: null,
    DeliveryPlaceStreet: null,
    DeliveryPlaceStreetNo: null,
    DeliveryPlaceBuilding: null,
    DeliveryPlaceZip: null,
    DeliveryPlaceBlock: null,
    DeliveryPlaceCity: null,
    DeliveryPlaceCounty: null,
    DeliveryPlaceState: null,
    DeliveryPlaceCountry: null,
    DeliveryPlacePhone: null,
    DeliveryPlaceEMail: null,
    DeliveryPlaceDepartureDate: null
  },
  DocumentReferences: []
}
   ▲ Next.js 15.5.4
   - Local:        http://localhost:3002
   - Network:      http://0.0.0.0:3002

 ✓ Starting...
 ✓ Ready in 21.1s
🔐 محاولة تسجيل الدخول في SAP بواسطة: KaOutSale
✅ تسجيل دخول ناجح إلى SAP بواسطة KaOutSale
🧾 Final payload to SAP: {
  "RepID": "259       ",
  "CardCode": "CUS00001455",
  "DocDueDate": "2026-09-28",
  "DocCurrency": "USD",
  "DocumentLines": [
    {
      "ItemCode": "OPP00915",
      "Quantity": 4,
      "UnitPrice": 95,
      "WarehouseCode": "RYD001",
      "DiscountPercent": 0,
      "FreeText": ""
    }
  ],
  "U_CreatedBy": "mohammed.fouad",
  "SalesPersonCode": 259
}
🧾 أمر البيع أنشئ بنجاح من قبل KaOutSale: {
  'odata.metadata': 'https://hanab1:50000/b1s/v1/$metadata#Orders/@Element',
  'odata.etag': 'W/"356A192B7913B04C54574D18C28D46E6395428AB"',
  DocEntry: 281976,
  DocNum: 2611375,
  DocType: 'dDocument_Items',
  HandWritten: 'tNO',
  Printed: 'psNo',
  DocDate: '2026-09-28',
  DocDueDate: '2026-09-28',
  CardCode: 'CUS00001455',
  CardName: 'محسن موسى فرج / ابو سجاد',
  Address: null,
  NumAtCard: null,
  DocTotal: 380,
  AttachmentEntry: null,
  DocCurrency: 'USD',
  DocRate: 1,
  Reference1: '2611375',
  Reference2: null,
  Comments: '',
  JournalMemo: 'Sales Orders - CUS00001455',
  PaymentGroupCode: 1,
  DocTime: '08:31:00',
  SalesPersonCode: 259,
  TransportationCode: -1,
  Confirmed: 'tYES',
  ImportFileNum: null,
  SummeryType: 'dNoSummary',
  ContactPersonCode: 858,
  ShowSCN: 'tNO',
  Series: 264,
  TaxDate: '2026-09-28',
  PartialSupply: 'tYES',
  DocObjectCode: 'oOrders',
  ShipToCode: null,
  Indicator: null,
  FederalTaxID: null,
  DiscountPercent: 0,
  PaymentReference: null,
  CreationDate: '2026-09-28',
  UpdateDate: '2026-09-28',
  FinancialPeriod: 62,
  UserSign: 90,
  TransNum: null,
  VatSum: 0,
  VatSumSys: 0,
  VatSumFc: 0,
  NetProcedure: 'tNO',
  DocTotalFc: 0,
  DocTotalSys: 551000,
  Form1099: null,
  Box1099: null,
  RevisionPo: 'tNO',
  RequriedDate: '2026-09-28',
  CancelDate: '2026-10-28',
  BlockDunning: 'tNO',
  Submitted: 'tNO',
  Segment: 0,
  PickStatus: 'tNO',
  Pick: 'tNO',
  PaymentMethod: null,
  PaymentBlock: 'tNO',
  PaymentBlockEntry: null,
  CentralBankIndicator: null,
  MaximumCashDiscount: 'tNO',
  Reserve: 'tNO',
  Project: null,
  ExemptionValidityDateFrom: null,
  ExemptionValidityDateTo: null,
  WareHouseUpdateType: 'dwh_CustomerOrders',
  Rounding: 'tNO',
  ExternalCorrectedDocNum: null,
  InternalCorrectedDocNum: null,
  NextCorrectingDocument: null,
  DeferredTax: 'tNO',
  TaxExemptionLetterNum: null,
  WTApplied: 0,
  WTAppliedFC: 0,
  BillOfExchangeReserved: 'tNO',
  AgentCode: null,
  WTAppliedSC: 0,
  TotalEqualizationTax: 0,
  TotalEqualizationTaxFC: 0,
  TotalEqualizationTaxSC: 0,
  NumberOfInstallments: 1,
  ApplyTaxOnFirstInstallment: 'tNO',
  WTNonSubjectAmount: 0,
  WTNonSubjectAmountSC: 0,
  WTNonSubjectAmountFC: 0,
  WTExemptedAmount: 0,
  WTExemptedAmountSC: 0,
  WTExemptedAmountFC: 0,
  BaseAmount: 0,
  BaseAmountSC: 0,
  BaseAmountFC: 0,
  WTAmount: 0,
  WTAmountSC: 0,
  WTAmountFC: 0,
  VatDate: null,
  DocumentsOwner: null,
  FolioPrefixString: null,
  FolioNumber: null,
  DocumentSubType: 'bod_None',
  BPChannelCode: null,
  BPChannelContact: null,
  Address2: '',
  DocumentStatus: 'bost_Open',
  PeriodIndicator: 'Default',
  PayToCode: null,
  ManualNumber: null,
  UseShpdGoodsAct: 'tNO',
  IsPayToBank: 'tNO',
  PayToBankCountry: null,
  PayToBankCode: null,
  PayToBankAccountNo: null,
  PayToBankBranch: null,
  BPL_IDAssignedToInvoice: null,
  DownPayment: 0,
  ReserveInvoice: 'tNO',
  LanguageCode: 8,
  TrackingNumber: null,
  PickRemark: null,
  ClosingDate: null,
  SequenceCode: null,
  SequenceSerial: null,
  SeriesString: null,
  SubSeriesString: null,
  SequenceModel: '0',
  UseCorrectionVATGroup: 'tNO',
  TotalDiscount: 0,
  DownPaymentAmount: 0,
  DownPaymentPercentage: 0,
  DownPaymentType: 'dptInvoice',
  DownPaymentAmountSC: 0,
  DownPaymentAmountFC: 0,
  VatPercent: 0,
  ServiceGrossProfitPercent: 0,
  OpeningRemarks: null,
  ClosingRemarks: null,
  RoundingDiffAmount: 0,
  RoundingDiffAmountFC: 0,
  RoundingDiffAmountSC: 0,
  Cancelled: 'tNO',
  SignatureInputMessage: null,
  SignatureDigest: null,
  CertificationNumber: null,
  PrivateKeyVersion: null,
  ControlAccount: '112020001',
  InsuranceOperation347: 'tNO',
  ArchiveNonremovableSalesQuotation: 'tNO',
  GTSChecker: null,
  GTSPayee: null,
  ExtraMonth: 0,
  ExtraDays: 30,
  CashDiscountDateOffset: 0,
  StartFrom: 'pdt_None',
  NTSApproved: 'tNO',
  ETaxWebSite: null,
  ETaxNumber: null,
  NTSApprovedNumber: null,
  EDocGenerationType: 'edocNotRelevant',
  EDocSeries: null,
  EDocNum: null,
  EDocExportFormat: null,
  EDocStatus: 'edoc_Ok',
  EDocErrorCode: null,
  EDocErrorMessage: null,
  DownPaymentStatus: 'so_Open',
  GroupSeries: null,
  GroupNumber: null,
  GroupHandWritten: 'tNO',
  ReopenOriginalDocument: null,
  ReopenManuallyClosedOrCanceledDocument: null,
  CreateOnlineQuotation: 'tNO',
  POSEquipmentNumber: null,
  POSManufacturerSerialNumber: null,
  POSCashierNumber: null,
  ApplyCurrentVATRatesForDownPaymentsToDraw: 'tNO',
  ClosingOption: 'coByCurrentSystemDate',
  SpecifiedClosingDate: null,
  OpenForLandedCosts: 'tYES',
  AuthorizationStatus: 'dasWithout',
  TotalDiscountFC: 0,
  TotalDiscountSC: 0,
  RelevantToGTS: 'tNO',
  BPLName: null,
  VATRegNum: null,
  AnnualInvoiceDeclarationReference: null,
  Supplier: null,
  Releaser: null,
  Receiver: null,
  BlanketAgreementNumber: null,
  IsAlteration: 'tNO',
  CancelStatus: 'csNo',
  AssetValueDate: null,
  DocumentDelivery: 'ddtNoneSeleted',
  AuthorizationCode: null,
  StartDeliveryDate: null,
  StartDeliveryTime: null,
  EndDeliveryDate: null,
  EndDeliveryTime: null,
  VehiclePlate: null,
  ATDocumentType: null,
  ElecCommStatus: null,
  ElecCommMessage: null,
  ReuseDocumentNum: 'tNO',
  ReuseNotaFiscalNum: 'tNO',
  PrintSEPADirect: 'tNO',
  FiscalDocNum: null,
  POSDailySummaryNo: null,
  POSReceiptNo: null,
  PointOfIssueCode: null,
  Letter: null,
  FolioNumberFrom: null,
  FolioNumberTo: null,
  InterimType: 'boidt_None',
  RelatedType: -1,
  RelatedEntry: null,
  SAPPassport: null,
  DocumentTaxID: null,
  DateOfReportingControlStatementVAT: null,
  ReportingSectionControlStatementVAT: null,
  ExcludeFromTaxReportControlStatementVAT: 'tNO',
  POS_CashRegister: null,
  UpdateTime: '08:31:59',
  CreateQRCodeFrom: null,
  PriceMode: null,
  ShipFrom: null,
  CommissionTrade: 'ct_Empty',
  CommissionTradeReturn: 'tNO',
  UseBillToAddrToDetermineTax: 'tNO',
  Cig: null,
  Cup: null,
  FatherCard: null,
  FatherType: 'cPayments_sum',
  ShipState: null,
  ShipPlace: null,
  CustOffice: null,
  FCI: null,
  AddLegIn: null,
  LegTextF: null,
  DANFELgTxt: null,
  IndFinal: 'tNO',
  DataVersion: 1,
  LastPageFolioNumber: null,
  U_ST_Activity: null,
  U_ST_Driver: null,
  U_ST_ShipNo: null,
  U_ST_ShipStatus: 'U',
  U_ST_QStatus: 'P',
  U_ST_isSigned: null,
  U_ST_ReturnType: null,
  U_ST_CreationTime: null,
  U_Location: null,
  U_Department: null,
  U_Approval: 'N',
  U_MKT_time: null,
  U_Arch: null,
  U_suspend: 'N',
  Document_ApprovalRequests: [],
  DocumentLines: [
    {
      LineNum: 0,
      ItemCode: 'OPP00915',
      ItemDescription: 'OPPLE LED Floodlight-EQ III 200W-6500-GY-GP IP66',
      Quantity: 4,
      ShipDate: '2026-09-28',
      Price: 95,
      PriceAfterVAT: 95,
      Currency: 'USD',
      Rate: 0,
      DiscountPercent: 0,
      VendorNum: null,
      SerialNum: null,
      WarehouseCode: 'RYD001',
      SalesPersonCode: 259,
      CommisionPercent: 0,
      TreeType: 'iNotATree',
      AccountCode: '411010001',
      UseBaseUnits: 'tNO',
      SupplierCatNum: null,
      CostingCode: null,
      ProjectCode: null,
      BarCode: '',
      VatGroup: 'X0',
      Height1: 0,
      Hight1Unit: null,
      Height2: 0,
      Height2Unit: null,
      Lengh1: 0,
      Lengh1Unit: null,
      Lengh2: 0,
      Lengh2Unit: null,
      Weight1: 0,
      Weight1Unit: null,
      Weight2: 0,
      Weight2Unit: null,
      Factor1: 1,
      Factor2: 1,
      Factor3: 1,
      Factor4: 1,
      BaseType: -1,
      BaseEntry: null,
      BaseLine: null,
      Volume: 0.0344,
      VolumeUnit: 4,
      Width1: 0,
      Width1Unit: null,
      Width2: 0,
      Width2Unit: null,
      Address: '',
      TaxCode: null,
      TaxType: 'tt_Yes',
      TaxLiable: 'tYES',
      PickStatus: 'tNO',
      PickQuantity: 0,
      PickListIdNumber: null,
      OriginalItem: null,
      BackOrder: 'tYES',
      FreeText: '',
      ShippingMethod: 2,
      POTargetNum: null,
      POTargetEntry: null,
      POTargetRowNum: null,
      CorrectionInvoiceItem: 'ciis_ShouldBe',
      CorrInvAmountToStock: 0,
      CorrInvAmountToDiffAcct: 0,
      AppliedTax: 0,
      AppliedTaxFC: 0,
      AppliedTaxSC: 0,
      WTLiable: 'tNO',
      DeferredTax: 'tNO',
      EqualizationTaxPercent: 0,
      TotalEqualizationTax: 0,
      TotalEqualizationTaxFC: 0,
      TotalEqualizationTaxSC: 0,
      NetTaxAmount: 0,
      NetTaxAmountFC: 0,
      NetTaxAmountSC: 0,
      MeasureUnit: 'PCS',
      UnitsOfMeasurment: 1,
      LineTotal: 380,
      TaxPercentagePerRow: 0,
      TaxTotal: 0,
      ConsumerSalesForecast: 'tYES',
      ExciseAmount: 0,
      TaxPerUnit: 0,
      TotalInclTax: 0,
      CountryOrg: 'CN',
      SWW: null,
      TransactionType: null,
      DistributeExpense: 'tYES',
      RowTotalFC: 0,
      RowTotalSC: 551000,
      LastBuyInmPrice: 0,
      LastBuyDistributeSumFc: 0,
      LastBuyDistributeSumSc: 0,
      LastBuyDistributeSum: 0,
      StockDistributesumForeign: 0,
      StockDistributesumSystem: 0,
      StockDistributesum: 0,
      StockInmPrice: 0,
      PickStatusEx: 'dlps_NotPicked',
      TaxBeforeDPM: 0,
      TaxBeforeDPMFC: 0,
      TaxBeforeDPMSC: 0,
      CFOPCode: null,
      CSTCode: null,
      Usage: null,
      TaxOnly: 'tNO',
      VisualOrder: 0,
      BaseOpenQuantity: 0,
      UnitPrice: 95,
      LineStatus: 'bost_Open',
      PackageQuantity: 4,
      Text: '',
      LineType: 'dlt_Regular',
      COGSCostingCode: null,
      COGSAccountCode: '511010001',
      ChangeAssemlyBoMWarehouse: 'N',
      GrossBuyPrice: 43.35,
      GrossBase: -5,
      GrossProfitTotalBasePrice: 173.4,
      CostingCode2: null,
      CostingCode3: null,
      CostingCode4: null,
      CostingCode5: null,
      ItemDetails: null,
      LocationCode: null,
      ActualDeliveryDate: null,
      RemainingOpenQuantity: 4,
      OpenAmount: 380,
      OpenAmountFC: 0,
      OpenAmountSC: 551000,
      ExLineNo: null,
      RequiredDate: null,
      RequiredQuantity: 0,
      COGSCostingCode2: null,
      COGSCostingCode3: null,
      COGSCostingCode4: null,
      COGSCostingCode5: null,
      CSTforIPI: null,
      CSTforPIS: null,
      CSTforCOFINS: null,
      CreditOriginCode: null,
      WithoutInventoryMovement: 'tNO',
      AgreementNo: null,
      AgreementRowNumber: null,
      ActualBaseEntry: null,
      ActualBaseLine: null,
      DocEntry: 281976,
      Surpluses: 0,
      DefectAndBreakup: 0,
      Shortages: 0,
      ConsiderQuantity: 'tNO',
      PartialRetirement: 'tNO',
      RetirementQuantity: 0,
      RetirementAPC: 0,
      ThirdParty: 'tNO',
      PoNum: null,
      PoItmNum: null,
      ExpenseType: null,
      ReceiptNumber: null,
      ExpenseOperationType: null,
      FederalTaxID: null,
      GrossProfit: 206.6,
      GrossProfitFC: 0,
      GrossProfitSC: 299570,
      PriceSource: 'dpsManual',
      StgSeqNum: null,
      StgEntry: null,
      StgDesc: null,
      UoMEntry: 1,
      UoMCode: 'PCS',
      InventoryQuantity: 4,
      RemainingOpenInventoryQuantity: 4,
      ParentLineNum: null,
      Incoterms: 0,
      TransportMode: 0,
      NatureOfTransaction: null,
      DestinationCountryForImport: null,
      DestinationRegionForImport: null,
      OriginCountryForExport: null,
      OriginRegionForExport: null,
      ItemType: 'dit_Item',
      ChangeInventoryQuantityIndependently: 'tNO',
      FreeOfChargeBP: 'tNO',
      SACEntry: null,
      HSNEntry: null,
      GrossPrice: 95,
      GrossTotal: 380,
      GrossTotalFC: 0,
      GrossTotalSC: 551000,
      NCMCode: -1,
      NVECode: null,
      IndEscala: 'tNO',
      CtrSealQty: 0,
      CNJPMan: null,
      CESTCode: null,
      UFFiscalBenefitCode: null,
      ReverseCharge: 'tNO',
      ShipToCode: null,
      ShipToDescription: '',
      OwnerCode: null,
      ExternalCalcTaxRate: 0,
      ExternalCalcTaxAmount: 0,
      ExternalCalcTaxAmountFC: 0,
      ExternalCalcTaxAmountSC: 0,
      StandardItemIdentification: null,
      CommodityClassification: null,
      UnencumberedReason: null,
      CUSplit: 'tNO',
      U_ST_DelDate: null,
      U_ST_ShipStatus: 'U',
      U_ST_SalePrice: 0,
      U_ST_Text: null,
      U_ST_TerritL: null,
      U_ST_WhsName: null,
      U_ST_WhsNameTo: null,
      U_Vol: 0,
      U_UOM: null,
      U_U_PARTNO: null,
      LineTaxJurisdictions: [],
      DocumentLineAdditionalExpenses: [],
      WithholdingTaxLines: [],
      SerialNumbers: [],
      BatchNumbers: [],
      DocumentLinesBinAllocations: []
    }
  ],
  ElectronicProtocols: [],
  DocumentAdditionalExpenses: [],
  WithholdingTaxDataWTXCollection: [],
  WithholdingTaxDataCollection: [],
  DocumentSpecialLines: [],
  TaxExtension: {
    TaxId0: null,
    TaxId1: null,
    TaxId2: null,
    TaxId3: null,
    TaxId4: null,
    TaxId5: null,
    TaxId6: null,
    TaxId7: null,
    TaxId8: null,
    TaxId9: null,
    State: null,
    County: null,
    Incoterms: null,
    Vehicle: null,
    VehicleState: null,
    NFRef: null,
    Carrier: null,
    PackQuantity: null,
    PackDescription: null,
    Brand: null,
    ShipUnitNo: null,
    NetWeight: 0,
    GrossWeight: 0,
    StreetS: null,
    BlockS: null,
    BuildingS: null,
    CityS: null,
    ZipCodeS: null,
    CountyS: null,
    StateS: null,
    CountryS: null,
    StreetB: null,
    BlockB: null,
    BuildingB: null,
    CityB: null,
    ZipCodeB: null,
    CountyB: null,
    StateB: null,
    CountryB: null,
    ImportOrExport: null,
    MainUsage: null,
    GlobalLocationNumberS: null,
    GlobalLocationNumberB: null,
    TaxId12: null,
    TaxId13: null,
    BillOfEntryNo: null,
    BillOfEntryDate: null,
    OriginalBillOfEntryNo: null,
    OriginalBillOfEntryDate: null,
    ImportOrExportType: 'et_IpmortsOrExports',
    PortCode: null,
    DocEntry: 281976,
    BoEValue: 0,
    ClaimRefund: null,
    DifferentialOfTaxRate: null,
    IsIGSTAccount: null
  },
  AddressExtension: {
    ShipToStreet: null,
    ShipToStreetNo: null,
    ShipToBlock: null,
    ShipToBuilding: null,
    ShipToCity: null,
    ShipToZipCode: null,
    ShipToCounty: null,
    ShipToState: null,
    ShipToCountry: null,
    ShipToAddressType: null,
    BillToStreet: null,
    BillToStreetNo: null,
    BillToBlock: null,
    BillToBuilding: null,
    BillToCity: null,
    BillToZipCode: null,
    BillToCounty: null,
    BillToState: null,
    BillToCountry: null,
    BillToAddressType: null,
    ShipToGlobalLocationNumber: null,
    BillToGlobalLocationNumber: null,
    ShipToAddress2: null,
    ShipToAddress3: null,
    BillToAddress2: null,
    BillToAddress3: null,
    PlaceOfSupply: null,
    PurchasePlaceOfSupply: null,
    DocEntry: 281976,
    GoodsIssuePlaceBP: null,
    GoodsIssuePlaceCNPJ: null,
    GoodsIssuePlaceCPF: null,
    GoodsIssuePlaceStreet: null,
    GoodsIssuePlaceStreetNo: null,
    GoodsIssuePlaceBuilding: null,
    GoodsIssuePlaceZip: null,
    GoodsIssuePlaceBlock: null,
    GoodsIssuePlaceCity: null,
    GoodsIssuePlaceCounty: null,
    GoodsIssuePlaceState: null,
    GoodsIssuePlaceCountry: null,
    GoodsIssuePlacePhone: null,
    GoodsIssuePlaceEMail: null,
    GoodsIssuePlaceDepartureDate: null,
    DeliveryPlaceBP: null,
    DeliveryPlaceCNPJ: null,
    DeliveryPlaceCPF: null,
    DeliveryPlaceStreet: null,
    DeliveryPlaceStreetNo: null,
    DeliveryPlaceBuilding: null,
    DeliveryPlaceZip: null,
    DeliveryPlaceBlock: null,
    DeliveryPlaceCity: null,
    DeliveryPlaceCounty: null,
    DeliveryPlaceState: null,
    DeliveryPlaceCountry: null,
    DeliveryPlacePhone: null,
    DeliveryPlaceEMail: null,
    DeliveryPlaceDepartureDate: null
  },
  DocumentReferences: []
}
🔐 محاولة تسجيل الدخول في SAP بواسطة: KaOutSale
✅ تسجيل دخول ناجح إلى SAP بواسطة KaOutSale
🧾 Final payload to SAP: {
  "RepID": "259       ",
  "CardCode": "CUS00001704",
  "DocDueDate": "2026-09-28",
  "DocCurrency": "USD",
  "DocumentLines": [
    {
      "ItemCode": "HEMG01127",
      "Quantity": 1,
      "UnitPrice": 97,
      "WarehouseCode": "RYD002",
      "DiscountPercent": 0,
      "FreeText": ""
    }
  ],
  "U_CreatedBy": "mohammed.fouad",
  "SalesPersonCode": 259
}
🧾 أمر البيع أنشئ بنجاح من قبل KaOutSale: {
  'odata.metadata': 'https://hanab1:50000/b1s/v1/$metadata#Orders/@Element',
  'odata.etag': 'W/"356A192B7913B04C54574D18C28D46E6395428AB"',
  DocEntry: 281980,
  DocNum: 2611376,
  DocType: 'dDocument_Items',
  HandWritten: 'tNO',
  Printed: 'psNo',
  DocDate: '2026-09-28',
  DocDueDate: '2026-09-28',
  CardCode: 'CUS00001704',
  CardName: 'شركة عيون البحرين - رعد المرهون',
  Address: null,
  NumAtCard: null,
  DocTotal: 97,
  AttachmentEntry: null,
  DocCurrency: 'USD',
  DocRate: 1,
  Reference1: '2611376',
  Reference2: null,
  Comments: '',
  JournalMemo: 'Sales Orders - CUS00001704',
  PaymentGroupCode: 1,
  DocTime: '08:35:00',
  SalesPersonCode: 259,
  TransportationCode: -1,
  Confirmed: 'tYES',
  ImportFileNum: null,
  SummeryType: 'dNoSummary',
  ContactPersonCode: null,
  ShowSCN: 'tNO',
  Series: 264,
  TaxDate: '2026-09-28',
  PartialSupply: 'tYES',
  DocObjectCode: 'oOrders',
  ShipToCode: null,
  Indicator: null,
  FederalTaxID: null,
  DiscountPercent: 0,
  PaymentReference: null,
  CreationDate: '2026-09-28',
  UpdateDate: '2026-09-28',
  FinancialPeriod: 62,
  UserSign: 90,
  TransNum: null,
  VatSum: 0,
  VatSumSys: 0,
  VatSumFc: 0,
  NetProcedure: 'tNO',
  DocTotalFc: 0,
  DocTotalSys: 140650,
  Form1099: null,
  Box1099: null,
  RevisionPo: 'tNO',
  RequriedDate: '2026-09-28',
  CancelDate: '2026-10-28',
  BlockDunning: 'tNO',
  Submitted: 'tNO',
  Segment: 0,
  PickStatus: 'tNO',
  Pick: 'tNO',
  PaymentMethod: null,
  PaymentBlock: 'tNO',
  PaymentBlockEntry: null,
  CentralBankIndicator: null,
  MaximumCashDiscount: 'tNO',
  Reserve: 'tNO',
  Project: null,
  ExemptionValidityDateFrom: null,
  ExemptionValidityDateTo: null,
  WareHouseUpdateType: 'dwh_CustomerOrders',
  Rounding: 'tNO',
  ExternalCorrectedDocNum: null,
  InternalCorrectedDocNum: null,
  NextCorrectingDocument: null,
  DeferredTax: 'tNO',
  TaxExemptionLetterNum: null,
  WTApplied: 0,
  WTAppliedFC: 0,
  BillOfExchangeReserved: 'tNO',
  AgentCode: null,
  WTAppliedSC: 0,
  TotalEqualizationTax: 0,
  TotalEqualizationTaxFC: 0,
  TotalEqualizationTaxSC: 0,
  NumberOfInstallments: 1,
  ApplyTaxOnFirstInstallment: 'tNO',
  WTNonSubjectAmount: 0,
  WTNonSubjectAmountSC: 0,
  WTNonSubjectAmountFC: 0,
  WTExemptedAmount: 0,
  WTExemptedAmountSC: 0,
  WTExemptedAmountFC: 0,
  BaseAmount: 0,
  BaseAmountSC: 0,
  BaseAmountFC: 0,
  WTAmount: 0,
  WTAmountSC: 0,
  WTAmountFC: 0,
  VatDate: null,
  DocumentsOwner: null,
  FolioPrefixString: null,
  FolioNumber: null,
  DocumentSubType: 'bod_None',
  BPChannelCode: null,
  BPChannelContact: null,
  Address2: '',
  DocumentStatus: 'bost_Open',
  PeriodIndicator: 'Default',
  PayToCode: null,
  ManualNumber: null,
  UseShpdGoodsAct: 'tNO',
  IsPayToBank: 'tNO',
  PayToBankCountry: null,
  PayToBankCode: null,
  PayToBankAccountNo: null,
  PayToBankBranch: null,
  BPL_IDAssignedToInvoice: null,
  DownPayment: 0,
  ReserveInvoice: 'tNO',
  LanguageCode: 8,
  TrackingNumber: null,
  PickRemark: null,
  ClosingDate: null,
  SequenceCode: null,
  SequenceSerial: null,
  SeriesString: null,
  SubSeriesString: null,
  SequenceModel: '0',
  UseCorrectionVATGroup: 'tNO',
  TotalDiscount: 0,
  DownPaymentAmount: 0,
  DownPaymentPercentage: 0,
  DownPaymentType: 'dptInvoice',
  DownPaymentAmountSC: 0,
  DownPaymentAmountFC: 0,
  VatPercent: 0,
  ServiceGrossProfitPercent: 0,
  OpeningRemarks: null,
  ClosingRemarks: null,
  RoundingDiffAmount: 0,
  RoundingDiffAmountFC: 0,
  RoundingDiffAmountSC: 0,
  Cancelled: 'tNO',
  SignatureInputMessage: null,
  SignatureDigest: null,
  CertificationNumber: null,
  PrivateKeyVersion: null,
  ControlAccount: '112020001',
  InsuranceOperation347: 'tNO',
  ArchiveNonremovableSalesQuotation: 'tNO',
  GTSChecker: null,
  GTSPayee: null,
  ExtraMonth: 0,
  ExtraDays: 30,
  CashDiscountDateOffset: 0,
  StartFrom: 'pdt_None',
  NTSApproved: 'tNO',
  ETaxWebSite: null,
  ETaxNumber: null,
  NTSApprovedNumber: null,
  EDocGenerationType: 'edocNotRelevant',
  EDocSeries: null,
  EDocNum: null,
  EDocExportFormat: null,
  EDocStatus: 'edoc_Ok',
  EDocErrorCode: null,
  EDocErrorMessage: null,
  DownPaymentStatus: 'so_Open',
  GroupSeries: null,
  GroupNumber: null,
  GroupHandWritten: 'tNO',
  ReopenOriginalDocument: null,
  ReopenManuallyClosedOrCanceledDocument: null,
  CreateOnlineQuotation: 'tNO',
  POSEquipmentNumber: null,
  POSManufacturerSerialNumber: null,
  POSCashierNumber: null,
  ApplyCurrentVATRatesForDownPaymentsToDraw: 'tNO',
  ClosingOption: 'coByCurrentSystemDate',
  SpecifiedClosingDate: null,
  OpenForLandedCosts: 'tYES',
  AuthorizationStatus: 'dasWithout',
  TotalDiscountFC: 0,
  TotalDiscountSC: 0,
  RelevantToGTS: 'tNO',
  BPLName: null,
  VATRegNum: null,
  AnnualInvoiceDeclarationReference: null,
  Supplier: null,
  Releaser: null,
  Receiver: null,
  BlanketAgreementNumber: null,
  IsAlteration: 'tNO',
  CancelStatus: 'csNo',
  AssetValueDate: null,
  DocumentDelivery: 'ddtNoneSeleted',
  AuthorizationCode: null,
  StartDeliveryDate: null,
  StartDeliveryTime: null,
  EndDeliveryDate: null,
  EndDeliveryTime: null,
  VehiclePlate: null,
  ATDocumentType: null,
  ElecCommStatus: null,
  ElecCommMessage: null,
  ReuseDocumentNum: 'tNO',
  ReuseNotaFiscalNum: 'tNO',
  PrintSEPADirect: 'tNO',
  FiscalDocNum: null,
  POSDailySummaryNo: null,
  POSReceiptNo: null,
  PointOfIssueCode: null,
  Letter: null,
  FolioNumberFrom: null,
  FolioNumberTo: null,
  InterimType: 'boidt_None',
  RelatedType: -1,
  RelatedEntry: null,
  SAPPassport: null,
  DocumentTaxID: null,
  DateOfReportingControlStatementVAT: null,
  ReportingSectionControlStatementVAT: null,
  ExcludeFromTaxReportControlStatementVAT: 'tNO',
  POS_CashRegister: null,
  UpdateTime: '08:35:56',
  CreateQRCodeFrom: null,
  PriceMode: null,
  ShipFrom: null,
  CommissionTrade: 'ct_Empty',
  CommissionTradeReturn: 'tNO',
  UseBillToAddrToDetermineTax: 'tNO',
  Cig: null,
  Cup: null,
  FatherCard: null,
  FatherType: 'cPayments_sum',
  ShipState: null,
  ShipPlace: null,
  CustOffice: null,
  FCI: null,
  AddLegIn: null,
  LegTextF: null,
  DANFELgTxt: null,
  IndFinal: 'tNO',
  DataVersion: 1,
  LastPageFolioNumber: null,
  U_ST_Activity: null,
  U_ST_Driver: null,
  U_ST_ShipNo: null,
  U_ST_ShipStatus: 'U',
  U_ST_QStatus: 'P',
  U_ST_isSigned: null,
  U_ST_ReturnType: null,
  U_ST_CreationTime: null,
  U_Location: null,
  U_Department: null,
  U_Approval: 'N',
  U_MKT_time: null,
  U_Arch: null,
  U_suspend: 'N',
  Document_ApprovalRequests: [],
  DocumentLines: [
    {
      LineNum: 0,
      ItemCode: 'HEMG01127',
      ItemDescription: 'HEMERA GLOW  WALL LAMP CHANDELIER WITH LED 10W L500*W76*H110mm 3000K GOLD COLOR WITH K9 CRYSTAL',
      Quantity: 1,
      ShipDate: '2026-09-28',
      Price: 97,
      PriceAfterVAT: 97,
      Currency: 'USD',
      Rate: 0,
      DiscountPercent: 0,
      VendorNum: null,
      SerialNum: null,
      WarehouseCode: 'RYD002',
      SalesPersonCode: 259,
      CommisionPercent: 0,
      TreeType: 'iNotATree',
      AccountCode: '411010001',
      UseBaseUnits: 'tNO',
      SupplierCatNum: null,
      CostingCode: null,
      ProjectCode: null,
      BarCode: '',
      VatGroup: 'X0',
      Height1: 0,
      Hight1Unit: null,
      Height2: 0,
      Height2Unit: null,
      Lengh1: 0,
      Lengh1Unit: null,
      Lengh2: 0,
      Lengh2Unit: null,
      Weight1: 0,
      Weight1Unit: null,
      Weight2: 0,
      Weight2Unit: null,
      Factor1: 1,
      Factor2: 1,
      Factor3: 1,
      Factor4: 1,
      BaseType: -1,
      BaseEntry: null,
      BaseLine: null,
      Volume: 0.014667,
      VolumeUnit: 4,
      Width1: 0,
      Width1Unit: null,
      Width2: 0,
      Width2Unit: null,
      Address: '',
      TaxCode: null,
      TaxType: 'tt_Yes',
      TaxLiable: 'tYES',
      PickStatus: 'tNO',
      PickQuantity: 0,
      PickListIdNumber: null,
      OriginalItem: null,
      BackOrder: 'tYES',
      FreeText: '',
      ShippingMethod: 2,
      POTargetNum: null,
      POTargetEntry: null,
      POTargetRowNum: null,
      CorrectionInvoiceItem: 'ciis_ShouldBe',
      CorrInvAmountToStock: 0,
      CorrInvAmountToDiffAcct: 0,
      AppliedTax: 0,
      AppliedTaxFC: 0,
      AppliedTaxSC: 0,
      WTLiable: 'tNO',
      DeferredTax: 'tNO',
      EqualizationTaxPercent: 0,
      TotalEqualizationTax: 0,
      TotalEqualizationTaxFC: 0,
      TotalEqualizationTaxSC: 0,
      NetTaxAmount: 0,
      NetTaxAmountFC: 0,
      NetTaxAmountSC: 0,
      MeasureUnit: 'PCS',
      UnitsOfMeasurment: 1,
      LineTotal: 97,
      TaxPercentagePerRow: 0,
      TaxTotal: 0,
      ConsumerSalesForecast: 'tYES',
      ExciseAmount: 0,
      TaxPerUnit: 0,
      TotalInclTax: 0,
      CountryOrg: null,
      SWW: null,
      TransactionType: null,
      DistributeExpense: 'tYES',
      RowTotalFC: 0,
      RowTotalSC: 140650,
      LastBuyInmPrice: 0,
      LastBuyDistributeSumFc: 0,
      LastBuyDistributeSumSc: 0,
      LastBuyDistributeSum: 0,
      StockDistributesumForeign: 0,
      StockDistributesumSystem: 0,
      StockDistributesum: 0,
      StockInmPrice: 0,
      PickStatusEx: 'dlps_NotPicked',
      TaxBeforeDPM: 0,
      TaxBeforeDPMFC: 0,
      TaxBeforeDPMSC: 0,
      CFOPCode: null,
      CSTCode: null,
      Usage: null,
      TaxOnly: 'tNO',
      VisualOrder: 0,
      BaseOpenQuantity: 0,
      UnitPrice: 97,
      LineStatus: 'bost_Open',
      PackageQuantity: 1,
      Text: '',
      LineType: 'dlt_Regular',
      COGSCostingCode: null,
      COGSAccountCode: '511010001',
      ChangeAssemlyBoMWarehouse: 'N',
      GrossBuyPrice: 48.98,
      GrossBase: -5,
      GrossProfitTotalBasePrice: 48.98,
      CostingCode2: null,
      CostingCode3: null,
      CostingCode4: null,
      CostingCode5: null,
      ItemDetails: null,
      LocationCode: null,
      ActualDeliveryDate: null,
      RemainingOpenQuantity: 1,
      OpenAmount: 97,
      OpenAmountFC: 0,
      OpenAmountSC: 140650,
      ExLineNo: null,
      RequiredDate: null,
      RequiredQuantity: 0,
      COGSCostingCode2: null,
      COGSCostingCode3: null,
      COGSCostingCode4: null,
      COGSCostingCode5: null,
      CSTforIPI: null,
      CSTforPIS: null,
      CSTforCOFINS: null,
      CreditOriginCode: null,
      WithoutInventoryMovement: 'tNO',
      AgreementNo: null,
      AgreementRowNumber: null,
      ActualBaseEntry: null,
      ActualBaseLine: null,
      DocEntry: 281980,
      Surpluses: 0,
      DefectAndBreakup: 0,
      Shortages: 0,
      ConsiderQuantity: 'tNO',
      PartialRetirement: 'tNO',
      RetirementQuantity: 0,
      RetirementAPC: 0,
      ThirdParty: 'tNO',
      PoNum: null,
      PoItmNum: null,
      ExpenseType: null,
      ReceiptNumber: null,
      ExpenseOperationType: null,
      FederalTaxID: null,
      GrossProfit: 48.02,
      GrossProfitFC: 0,
      GrossProfitSC: 69629,
      PriceSource: 'dpsManual',
      StgSeqNum: null,
      StgEntry: null,
      StgDesc: null,
      UoMEntry: 1,
      UoMCode: 'PCS',
      InventoryQuantity: 1,
      RemainingOpenInventoryQuantity: 1,
      ParentLineNum: null,
      Incoterms: 0,
      TransportMode: 0,
      NatureOfTransaction: null,
      DestinationCountryForImport: null,
      DestinationRegionForImport: null,
      OriginCountryForExport: null,
      OriginRegionForExport: null,
      ItemType: 'dit_Item',
      ChangeInventoryQuantityIndependently: 'tNO',
      FreeOfChargeBP: 'tNO',
      SACEntry: null,
      HSNEntry: null,
      GrossPrice: 97,
      GrossTotal: 97,
      GrossTotalFC: 0,
      GrossTotalSC: 140650,
      NCMCode: -1,
      NVECode: null,
      IndEscala: 'tNO',
      CtrSealQty: 0,
      CNJPMan: null,
      CESTCode: null,
      UFFiscalBenefitCode: null,
      ReverseCharge: 'tNO',
      ShipToCode: null,
      ShipToDescription: '',
      OwnerCode: null,
      ExternalCalcTaxRate: 0,
      ExternalCalcTaxAmount: 0,
      ExternalCalcTaxAmountFC: 0,
      ExternalCalcTaxAmountSC: 0,
      StandardItemIdentification: null,
      CommodityClassification: null,
      UnencumberedReason: null,
      CUSplit: 'tNO',
      U_ST_DelDate: null,
      U_ST_ShipStatus: 'U',
      U_ST_SalePrice: 0,
      U_ST_Text: null,
      U_ST_TerritL: null,
      U_ST_WhsName: null,
      U_ST_WhsNameTo: null,
      U_Vol: 0,
      U_UOM: null,
      U_U_PARTNO: null,
      LineTaxJurisdictions: [],
      DocumentLineAdditionalExpenses: [],
      WithholdingTaxLines: [],
      SerialNumbers: [],
      BatchNumbers: [],
      DocumentLinesBinAllocations: []
    }
  ],
  ElectronicProtocols: [],
  DocumentAdditionalExpenses: [],
  WithholdingTaxDataWTXCollection: [],
  WithholdingTaxDataCollection: [],
  DocumentSpecialLines: [],
  TaxExtension: {
    TaxId0: null,
    TaxId1: null,
    TaxId2: null,
    TaxId3: null,
    TaxId4: null,
    TaxId5: null,
    TaxId6: null,
    TaxId7: null,
    TaxId8: null,
    TaxId9: null,
    State: null,
    County: null,
    Incoterms: null,
    Vehicle: null,
    VehicleState: null,
    NFRef: null,
    Carrier: null,
    PackQuantity: null,
    PackDescription: null,
    Brand: null,
    ShipUnitNo: null,
    NetWeight: 0,
    GrossWeight: 0,
    StreetS: null,
    BlockS: null,
    BuildingS: null,
    CityS: null,
    ZipCodeS: null,
    CountyS: null,
    StateS: null,
    CountryS: null,
    StreetB: null,
    BlockB: null,
    BuildingB: null,
    CityB: null,
    ZipCodeB: null,
    CountyB: null,
    StateB: null,
    CountryB: null,
    ImportOrExport: null,
    MainUsage: null,
    GlobalLocationNumberS: null,
    GlobalLocationNumberB: null,
    TaxId12: null,
    TaxId13: null,
    BillOfEntryNo: null,
    BillOfEntryDate: null,
    OriginalBillOfEntryNo: null,
    OriginalBillOfEntryDate: null,
    ImportOrExportType: 'et_IpmortsOrExports',
    PortCode: null,
    DocEntry: 281980,
    BoEValue: 0,
    ClaimRefund: null,
    DifferentialOfTaxRate: null,
    IsIGSTAccount: null
  },
  AddressExtension: {
    ShipToStreet: null,
    ShipToStreetNo: null,
    ShipToBlock: null,
    ShipToBuilding: null,
    ShipToCity: null,
    ShipToZipCode: null,
    ShipToCounty: null,
    ShipToState: null,
    ShipToCountry: null,
    ShipToAddressType: null,
    BillToStreet: null,
    BillToStreetNo: null,
    BillToBlock: null,
    BillToBuilding: null,
    BillToCity: null,
    BillToZipCode: null,
    BillToCounty: null,
    BillToState: null,
    BillToCountry: null,
    BillToAddressType: null,
    ShipToGlobalLocationNumber: null,
    BillToGlobalLocationNumber: null,
    ShipToAddress2: null,
    ShipToAddress3: null,
    BillToAddress2: null,
    BillToAddress3: null,
    PlaceOfSupply: null,
    PurchasePlaceOfSupply: null,
    DocEntry: 281980,
    GoodsIssuePlaceBP: null,
    GoodsIssuePlaceCNPJ: null,
    GoodsIssuePlaceCPF: null,
    GoodsIssuePlaceStreet: null,
    GoodsIssuePlaceStreetNo: null,
    GoodsIssuePlaceBuilding: null,
    GoodsIssuePlaceZip: null,
    GoodsIssuePlaceBlock: null,
    GoodsIssuePlaceCity: null,
    GoodsIssuePlaceCounty: null,
    GoodsIssuePlaceState: null,
    GoodsIssuePlaceCountry: null,
    GoodsIssuePlacePhone: null,
    GoodsIssuePlaceEMail: null,
    GoodsIssuePlaceDepartureDate: null,
    DeliveryPlaceBP: null,
    DeliveryPlaceCNPJ: null,
    DeliveryPlaceCPF: null,
    DeliveryPlaceStreet: null,
    DeliveryPlaceStreetNo: null,
    DeliveryPlaceBuilding: null,
    DeliveryPlaceZip: null,
    DeliveryPlaceBlock: null,
    DeliveryPlaceCity: null,
    DeliveryPlaceCounty: null,
    DeliveryPlaceState: null,
    DeliveryPlaceCountry: null,
    DeliveryPlacePhone: null,
    DeliveryPlaceEMail: null,
    DeliveryPlaceDepartureDate: null
  },
  DocumentReferences: []
}
🔐 تسجيل الدخول في SAP بواسطة: KarRetSale4
✅ تسجيل دخول ناجح في SAP
📋 فلترة حسب المندوب: SalesPersonCode = 232       
🔐 تسجيل الدخول في SAP بواسطة: ManRetSale4
✅ تسجيل دخول ناجح في SAP
📋 فلترة حسب المندوب: SalesPersonCode = 74        
🔐 تسجيل الدخول في SAP بواسطة: ManRetSale4
✅ تسجيل دخول ناجح في SAP
📋 فلترة حسب المندوب: SalesPersonCode = 74        
🔐 محاولة تسجيل الدخول في SAP بواسطة: KarRetSale4
✅ تسجيل دخول ناجح إلى SAP بواسطة KarRetSale4
🧾 Final payload to SAP: {
  "RepID": "265       ",
  "CardCode": "CUS00029787",
  "DocDueDate": "2026-09-28",
  "DocCurrency": "IQD",
  "DocumentLines": [
    {
      "ItemCode": "OPP00839",
      "Quantity": 315,
      "UnitPrice": 8000,
      "WarehouseCode": "EWJ001",
      "DiscountPercent": 0,
      "FreeText": ""
    },
    {
      "ItemCode": "OPP01236",
      "Quantity": 1,
      "UnitPrice": 21000,
      "WarehouseCode": "MNS001",
      "DiscountPercent": 0,
      "FreeText": ""
    },
    {
      "ItemCode": "OPP01236",
      "Quantity": 39,
      "UnitPrice": 21000,
      "WarehouseCode": "NJF002",
      "DiscountPercent": 0,
      "FreeText": ""
    }
  ],
  "U_CreatedBy": "basheer.abbas",
  "SalesPersonCode": 265
}
🧾 أمر البيع أنشئ بنجاح من قبل KarRetSale4: {
  'odata.metadata': 'https://hanab1:50000/b1s/v1/$metadata#Orders/@Element',
  'odata.etag': 'W/"356A192B7913B04C54574D18C28D46E6395428AB"',
  DocEntry: 281993,
  DocNum: 2611380,
  DocType: 'dDocument_Items',
  HandWritten: 'tNO',
  Printed: 'psNo',
  DocDate: '2026-09-28',
  DocDueDate: '2026-09-28',
  CardCode: 'CUS00029787',
  CardName: 'شركة مكتب بيتي',
  Address: null,
  NumAtCard: null,
  DocTotal: 2317.24,
  AttachmentEntry: null,
  DocCurrency: 'IQD',
  DocRate: 1450,
  Reference1: '2611380',
  Reference2: null,
  Comments: '',
  JournalMemo: 'Sales Orders - CUS00029787',
  PaymentGroupCode: -1,
  DocTime: '10:06:00',
  SalesPersonCode: 265,
  TransportationCode: -1,
  Confirmed: 'tYES',
  ImportFileNum: null,
  SummeryType: 'dNoSummary',
  ContactPersonCode: null,
  ShowSCN: 'tNO',
  Series: 264,
  TaxDate: '2026-09-28',
  PartialSupply: 'tYES',
  DocObjectCode: 'oOrders',
  ShipToCode: null,
  Indicator: null,
  FederalTaxID: null,
  DiscountPercent: 0,
  PaymentReference: null,
  CreationDate: '2026-09-28',
  UpdateDate: '2026-09-28',
  FinancialPeriod: 62,
  UserSign: 134,
  TransNum: null,
  VatSum: 0,
  VatSumSys: 0,
  VatSumFc: 0,
  NetProcedure: 'tNO',
  DocTotalFc: 3360000,
  DocTotalSys: 3360000,
  Form1099: null,
  Box1099: null,
  RevisionPo: 'tNO',
  RequriedDate: '2026-09-28',
  CancelDate: '2026-10-28',
  BlockDunning: 'tNO',
  Submitted: 'tNO',
  Segment: 0,
  PickStatus: 'tNO',
  Pick: 'tNO',
  PaymentMethod: null,
  PaymentBlock: 'tNO',
  PaymentBlockEntry: null,
  CentralBankIndicator: null,
  MaximumCashDiscount: 'tNO',
  Reserve: 'tNO',
  Project: null,
  ExemptionValidityDateFrom: null,
  ExemptionValidityDateTo: null,
  WareHouseUpdateType: 'dwh_CustomerOrders',
  Rounding: 'tNO',
  ExternalCorrectedDocNum: null,
  InternalCorrectedDocNum: null,
  NextCorrectingDocument: null,
  DeferredTax: 'tNO',
  TaxExemptionLetterNum: null,
  WTApplied: 0,
  WTAppliedFC: 0,
  BillOfExchangeReserved: 'tNO',
  AgentCode: null,
  WTAppliedSC: 0,
  TotalEqualizationTax: 0,
  TotalEqualizationTaxFC: 0,
  TotalEqualizationTaxSC: 0,
  NumberOfInstallments: 1,
  ApplyTaxOnFirstInstallment: 'tNO',
  WTNonSubjectAmount: 0,
  WTNonSubjectAmountSC: 0,
  WTNonSubjectAmountFC: 0,
  WTExemptedAmount: 0,
  WTExemptedAmountSC: 0,
  WTExemptedAmountFC: 0,
  BaseAmount: 0,
  BaseAmountSC: 0,
  BaseAmountFC: 0,
  WTAmount: 0,
  WTAmountSC: 0,
  WTAmountFC: 0,
  VatDate: null,
  DocumentsOwner: null,
  FolioPrefixString: null,
  FolioNumber: null,
  DocumentSubType: 'bod_None',
  BPChannelCode: null,
  BPChannelContact: null,
  Address2: '',
  DocumentStatus: 'bost_Open',
  PeriodIndicator: 'Default',
  PayToCode: null,
  ManualNumber: null,
  UseShpdGoodsAct: 'tNO',
  IsPayToBank: 'tNO',
  PayToBankCountry: null,
  PayToBankCode: null,
  PayToBankAccountNo: null,
  PayToBankBranch: null,
  BPL_IDAssignedToInvoice: null,
  DownPayment: 0,
  ReserveInvoice: 'tNO',
  LanguageCode: 8,
  TrackingNumber: null,
  PickRemark: null,
  ClosingDate: null,
  SequenceCode: null,
  SequenceSerial: null,
  SeriesString: null,
  SubSeriesString: null,
  SequenceModel: '0',
  UseCorrectionVATGroup: 'tNO',
  TotalDiscount: 0,
  DownPaymentAmount: 0,
  DownPaymentPercentage: 0,
  DownPaymentType: 'dptInvoice',
  DownPaymentAmountSC: 0,
  DownPaymentAmountFC: 0,
  VatPercent: 0,
  ServiceGrossProfitPercent: 0,
  OpeningRemarks: null,
  ClosingRemarks: null,
  RoundingDiffAmount: 0,
  RoundingDiffAmountFC: 0,
  RoundingDiffAmountSC: 0,
  Cancelled: 'tNO',
  SignatureInputMessage: null,
  SignatureDigest: null,
  CertificationNumber: null,
  PrivateKeyVersion: null,
  ControlAccount: '112020001',
  InsuranceOperation347: 'tNO',
  ArchiveNonremovableSalesQuotation: 'tNO',
  GTSChecker: null,
  GTSPayee: null,
  ExtraMonth: 0,
  ExtraDays: 0,
  CashDiscountDateOffset: 0,
  StartFrom: 'pdt_None',
  NTSApproved: 'tNO',
  ETaxWebSite: null,
  ETaxNumber: null,
  NTSApprovedNumber: null,
  EDocGenerationType: 'edocNotRelevant',
  EDocSeries: null,
  EDocNum: null,
  EDocExportFormat: null,
  EDocStatus: 'edoc_Ok',
  EDocErrorCode: null,
  EDocErrorMessage: null,
  DownPaymentStatus: 'so_Open',
  GroupSeries: null,
  GroupNumber: null,
  GroupHandWritten: 'tNO',
  ReopenOriginalDocument: null,
  ReopenManuallyClosedOrCanceledDocument: null,
  CreateOnlineQuotation: 'tNO',
  POSEquipmentNumber: null,
  POSManufacturerSerialNumber: null,
  POSCashierNumber: null,
  ApplyCurrentVATRatesForDownPaymentsToDraw: 'tNO',
  ClosingOption: 'coByCurrentSystemDate',
  SpecifiedClosingDate: null,
  OpenForLandedCosts: 'tYES',
  AuthorizationStatus: 'dasWithout',
  TotalDiscountFC: 0,
  TotalDiscountSC: 0,
  RelevantToGTS: 'tNO',
  BPLName: null,
  VATRegNum: null,
  AnnualInvoiceDeclarationReference: null,
  Supplier: null,
  Releaser: null,
  Receiver: null,
  BlanketAgreementNumber: null,
  IsAlteration: 'tNO',
  CancelStatus: 'csNo',
  AssetValueDate: null,
  DocumentDelivery: 'ddtNoneSeleted',
  AuthorizationCode: null,
  StartDeliveryDate: null,
  StartDeliveryTime: null,
  EndDeliveryDate: null,
  EndDeliveryTime: null,
  VehiclePlate: null,
  ATDocumentType: null,
  ElecCommStatus: null,
  ElecCommMessage: null,
  ReuseDocumentNum: 'tNO',
  ReuseNotaFiscalNum: 'tNO',
  PrintSEPADirect: 'tNO',
  FiscalDocNum: null,
  POSDailySummaryNo: null,
  POSReceiptNo: null,
  PointOfIssueCode: null,
  Letter: null,
  FolioNumberFrom: null,
  FolioNumberTo: null,
  InterimType: 'boidt_None',
  RelatedType: -1,
  RelatedEntry: null,
  SAPPassport: null,
  DocumentTaxID: null,
  DateOfReportingControlStatementVAT: null,
  ReportingSectionControlStatementVAT: null,
  ExcludeFromTaxReportControlStatementVAT: 'tNO',
  POS_CashRegister: null,
  UpdateTime: '10:06:59',
  CreateQRCodeFrom: null,
  PriceMode: null,
  ShipFrom: null,
  CommissionTrade: 'ct_Empty',
  CommissionTradeReturn: 'tNO',
  UseBillToAddrToDetermineTax: 'tNO',
  Cig: null,
  Cup: null,
  FatherCard: null,
  FatherType: 'cPayments_sum',
  ShipState: null,
  ShipPlace: null,
  CustOffice: null,
  FCI: null,
  AddLegIn: null,
  LegTextF: null,
  DANFELgTxt: null,
  IndFinal: 'tNO',
  DataVersion: 1,
  LastPageFolioNumber: null,
  U_ST_Activity: null,
  U_ST_Driver: null,
  U_ST_ShipNo: null,
  U_ST_ShipStatus: 'U',
  U_ST_QStatus: 'P',
  U_ST_isSigned: null,
  U_ST_ReturnType: null,
  U_ST_CreationTime: null,
  U_Location: null,
  U_Department: null,
  U_Approval: 'N',
  U_MKT_time: null,
  U_Arch: null,
  U_suspend: 'N',
  Document_ApprovalRequests: [],
  DocumentLines: [
    {
      LineNum: 0,
      ItemCode: 'OPP00839',
      ItemDescription: 'OPPLE Spot Light LED RA-US R70-8W-4000-WH-GP',
      Quantity: 315,
      ShipDate: '2026-09-28',
      Price: 8000,
      PriceAfterVAT: 8000,
      Currency: 'IQD',
      Rate: 1450,
      DiscountPercent: 0,
      VendorNum: null,
      SerialNum: null,
      WarehouseCode: 'EWJ001',
      SalesPersonCode: 265,
      CommisionPercent: 0,
      TreeType: 'iNotATree',
      AccountCode: '411010001',
      UseBaseUnits: 'tNO',
      SupplierCatNum: null,
      CostingCode: null,
      ProjectCode: null,
      BarCode: '',
      VatGroup: 'X0',
      Height1: 0,
      Hight1Unit: null,
      Height2: 0,
      Height2Unit: null,
      Lengh1: 0,
      Lengh1Unit: null,
      Lengh2: 0,
      Lengh2Unit: null,
      Weight1: 0,
      Weight1Unit: null,
      Weight2: 0,
      Weight2Unit: null,
      Factor1: 1,
      Factor2: 1,
      Factor3: 1,
      Factor4: 1,
      BaseType: -1,
      BaseEntry: null,
      BaseLine: null,
      Volume: 0.2457,
      VolumeUnit: 4,
      Width1: 0,
      Width1Unit: null,
      Width2: 0,
      Width2Unit: null,
      Address: '',
      TaxCode: null,
      TaxType: 'tt_Yes',
      TaxLiable: 'tYES',
      PickStatus: 'tNO',
      PickQuantity: 0,
      PickListIdNumber: null,
      OriginalItem: null,
      BackOrder: 'tYES',
      FreeText: '',
      ShippingMethod: 2,
      POTargetNum: null,
      POTargetEntry: null,
      POTargetRowNum: null,
      CorrectionInvoiceItem: 'ciis_ShouldBe',
      CorrInvAmountToStock: 0,
      CorrInvAmountToDiffAcct: 0,
      AppliedTax: 0,
      AppliedTaxFC: 0,
      AppliedTaxSC: 0,
      WTLiable: 'tNO',
      DeferredTax: 'tNO',
      EqualizationTaxPercent: 0,
      TotalEqualizationTax: 0,
      TotalEqualizationTaxFC: 0,
      TotalEqualizationTaxSC: 0,
      NetTaxAmount: 0,
      NetTaxAmountFC: 0,
      NetTaxAmountSC: 0,
      MeasureUnit: 'PCS',
      UnitsOfMeasurment: 1,
      LineTotal: 1737.93,
      TaxPercentagePerRow: 0,
      TaxTotal: 0,
      ConsumerSalesForecast: 'tYES',
      ExciseAmount: 0,
      TaxPerUnit: 0,
      TotalInclTax: 0,
      CountryOrg: null,
      SWW: '12009288',
      TransactionType: null,
      DistributeExpense: 'tYES',
      RowTotalFC: 2520000,
      RowTotalSC: 2520000,
      LastBuyInmPrice: 0,
      LastBuyDistributeSumFc: 0,
      LastBuyDistributeSumSc: 0,
      LastBuyDistributeSum: 0,
      StockDistributesumForeign: 0,
      StockDistributesumSystem: 0,
      StockDistributesum: 0,
      StockInmPrice: 0,
      PickStatusEx: 'dlps_NotPicked',
      TaxBeforeDPM: 0,
      TaxBeforeDPMFC: 0,
      TaxBeforeDPMSC: 0,
      CFOPCode: null,
      CSTCode: null,
      Usage: null,
      TaxOnly: 'tNO',
      VisualOrder: 0,
      BaseOpenQuantity: 0,
      UnitPrice: 8000,
      LineStatus: 'bost_Open',
      PackageQuantity: 315,
      Text: '',
      LineType: 'dlt_Regular',
      COGSCostingCode: null,
      COGSAccountCode: '511010001',
      ChangeAssemlyBoMWarehouse: 'N',
      GrossBuyPrice: 1.88,
      GrossBase: -5,
      GrossProfitTotalBasePrice: 591.9,
      CostingCode2: null,
      CostingCode3: null,
      CostingCode4: null,
      CostingCode5: null,
      ItemDetails: null,
      LocationCode: null,
      ActualDeliveryDate: null,
      RemainingOpenQuantity: 315,
      OpenAmount: 1737.93,
      OpenAmountFC: 2520000,
      OpenAmountSC: 2520000,
      ExLineNo: null,
      RequiredDate: null,
      RequiredQuantity: 0,
      COGSCostingCode2: null,
      COGSCostingCode3: null,
      COGSCostingCode4: null,
      COGSCostingCode5: null,
      CSTforIPI: null,
      CSTforPIS: null,
      CSTforCOFINS: null,
      CreditOriginCode: null,
      WithoutInventoryMovement: 'tNO',
      AgreementNo: null,
      AgreementRowNumber: null,
      ActualBaseEntry: null,
      ActualBaseLine: null,
      DocEntry: 281993,
      Surpluses: 0,
      DefectAndBreakup: 0,
      Shortages: 0,
      ConsiderQuantity: 'tNO',
      PartialRetirement: 'tNO',
      RetirementQuantity: 0,
      RetirementAPC: 0,
      ThirdParty: 'tNO',
      PoNum: null,
      PoItmNum: null,
      ExpenseType: null,
      ReceiptNumber: null,
      ExpenseOperationType: null,
      FederalTaxID: null,
      GrossProfit: 1146.03,
      GrossProfitFC: 1661745,
      GrossProfitSC: 1661745,
      PriceSource: 'dpsManual',
      StgSeqNum: null,
      StgEntry: null,
      StgDesc: null,
      UoMEntry: 1,
      UoMCode: 'PCS',
      InventoryQuantity: 315,
      RemainingOpenInventoryQuantity: 315,
      ParentLineNum: null,
      Incoterms: 0,
      TransportMode: 0,
      NatureOfTransaction: null,
      DestinationCountryForImport: null,
      DestinationRegionForImport: null,
      OriginCountryForExport: null,
      OriginRegionForExport: null,
      ItemType: 'dit_Item',
      ChangeInventoryQuantityIndependently: 'tNO',
      FreeOfChargeBP: 'tNO',
      SACEntry: null,
      HSNEntry: null,
      GrossPrice: 8000,
      GrossTotal: 1737.93,
      GrossTotalFC: 2520000,
      GrossTotalSC: 2520000,
      NCMCode: -1,
      NVECode: null,
      IndEscala: 'tNO',
      CtrSealQty: 0,
      CNJPMan: null,
      CESTCode: null,
      UFFiscalBenefitCode: null,
      ReverseCharge: 'tNO',
      ShipToCode: null,
      ShipToDescription: '',
      OwnerCode: null,
      ExternalCalcTaxRate: 0,
      ExternalCalcTaxAmount: 0,
      ExternalCalcTaxAmountFC: 0,
      ExternalCalcTaxAmountSC: 0,
      StandardItemIdentification: null,
      CommodityClassification: null,
      UnencumberedReason: null,
      CUSplit: 'tNO',
      U_ST_DelDate: null,
      U_ST_ShipStatus: 'U',
      U_ST_SalePrice: 0,
      U_ST_Text: null,
      U_ST_TerritL: null,
      U_ST_WhsName: null,
      U_ST_WhsNameTo: null,
      U_Vol: 0,
      U_UOM: null,
      U_U_PARTNO: null,
      LineTaxJurisdictions: [],
      DocumentLineAdditionalExpenses: [],
      WithholdingTaxLines: [],
      SerialNumbers: [],
      BatchNumbers: [],
      DocumentLinesBinAllocations: []
    },
    {
      LineNum: 1,
      ItemCode: 'OPP01236',
      ItemDescription: 'OPPLE LED Spot RA-Chiara-E R75 9W-DIM-2700K-36D-WH',
      Quantity: 1,
      ShipDate: '2026-09-28',
      Price: 21000,
      PriceAfterVAT: 21000,
      Currency: 'IQD',
      Rate: 1450,
      DiscountPercent: 0,
      VendorNum: null,
      SerialNum: null,
      WarehouseCode: 'MNS001',
      SalesPersonCode: 265,
      CommisionPercent: 0,
      TreeType: 'iNotATree',
      AccountCode: '411010001',
      UseBaseUnits: 'tNO',
      SupplierCatNum: null,
      CostingCode: null,
      ProjectCode: null,
      BarCode: '',
      VatGroup: 'X0',
      Height1: 0,
      Hight1Unit: null,
      Height2: 0,
      Height2Unit: null,
      Lengh1: 0,
      Lengh1Unit: null,
      Lengh2: 0,
      Lengh2Unit: null,
      Weight1: 0,
      Weight1Unit: null,
      Weight2: 0,
      Weight2Unit: null,
      Factor1: 1,
      Factor2: 1,
      Factor3: 1,
      Factor4: 1,
      BaseType: -1,
      BaseEntry: null,
      BaseLine: null,
      Volume: 0.001006,
      VolumeUnit: 4,
      Width1: 0,
      Width1Unit: null,
      Width2: 0,
      Width2Unit: null,
      Address: '',
      TaxCode: null,
      TaxType: 'tt_Yes',
      TaxLiable: 'tYES',
      PickStatus: 'tNO',
      PickQuantity: 0,
      PickListIdNumber: null,
      OriginalItem: null,
      BackOrder: 'tYES',
      FreeText: '',
      ShippingMethod: 2,
      POTargetNum: null,
      POTargetEntry: null,
      POTargetRowNum: null,
      CorrectionInvoiceItem: 'ciis_ShouldBe',
      CorrInvAmountToStock: 0,
      CorrInvAmountToDiffAcct: 0,
      AppliedTax: 0,
      AppliedTaxFC: 0,
      AppliedTaxSC: 0,
      WTLiable: 'tNO',
      DeferredTax: 'tNO',
      EqualizationTaxPercent: 0,
      TotalEqualizationTax: 0,
      TotalEqualizationTaxFC: 0,
      TotalEqualizationTaxSC: 0,
      NetTaxAmount: 0,
      NetTaxAmountFC: 0,
      NetTaxAmountSC: 0,
      MeasureUnit: 'PCS',
      UnitsOfMeasurment: 1,
      LineTotal: 14.48,
      TaxPercentagePerRow: 0,
      TaxTotal: 0,
      ConsumerSalesForecast: 'tYES',
      ExciseAmount: 0,
      TaxPerUnit: 0,
      TotalInclTax: 0,
      CountryOrg: 'CN',
      SWW: null,
      TransactionType: null,
      DistributeExpense: 'tYES',
      RowTotalFC: 21000,
      RowTotalSC: 21000,
      LastBuyInmPrice: 0,
      LastBuyDistributeSumFc: 0,
      LastBuyDistributeSumSc: 0,
      LastBuyDistributeSum: 0,
      StockDistributesumForeign: 0,
      StockDistributesumSystem: 0,
      StockDistributesum: 0,
      StockInmPrice: 0,
      PickStatusEx: 'dlps_NotPicked',
      TaxBeforeDPM: 0,
      TaxBeforeDPMFC: 0,
      TaxBeforeDPMSC: 0,
      CFOPCode: null,
      CSTCode: null,
      Usage: null,
      TaxOnly: 'tNO',
      VisualOrder: 1,
      BaseOpenQuantity: 0,
      UnitPrice: 21000,
      LineStatus: 'bost_Open',
      PackageQuantity: 1,
      Text: '',
      LineType: 'dlt_Regular',
      COGSCostingCode: null,
      COGSAccountCode: '511010001',
      ChangeAssemlyBoMWarehouse: 'N',
      GrossBuyPrice: 6.33,
      GrossBase: -5,
      GrossProfitTotalBasePrice: 6.33,
      CostingCode2: null,
      CostingCode3: null,
      CostingCode4: null,
      CostingCode5: null,
      ItemDetails: null,
      LocationCode: null,
      ActualDeliveryDate: null,
      RemainingOpenQuantity: 1,
      OpenAmount: 14.48,
      OpenAmountFC: 21000,
      OpenAmountSC: 21000,
      ExLineNo: null,
      RequiredDate: null,
      RequiredQuantity: 0,
      COGSCostingCode2: null,
      COGSCostingCode3: null,
      COGSCostingCode4: null,
      COGSCostingCode5: null,
      CSTforIPI: null,
      CSTforPIS: null,
      CSTforCOFINS: null,
      CreditOriginCode: null,
      WithoutInventoryMovement: 'tNO',
      AgreementNo: null,
      AgreementRowNumber: null,
      ActualBaseEntry: null,
      ActualBaseLine: null,
      DocEntry: 281993,
      Surpluses: 0,
      DefectAndBreakup: 0,
      Shortages: 0,
      ConsiderQuantity: 'tNO',
      PartialRetirement: 'tNO',
      RetirementQuantity: 0,
      RetirementAPC: 0,
      ThirdParty: 'tNO',
      PoNum: null,
      PoItmNum: null,
      ExpenseType: null,
      ReceiptNumber: null,
      ExpenseOperationType: null,
      FederalTaxID: null,
      GrossProfit: 8.15,
      GrossProfitFC: 11821.5,
      GrossProfitSC: 11821.5,
      PriceSource: 'dpsManual',
      StgSeqNum: null,
      StgEntry: null,
      StgDesc: null,
      UoMEntry: 1,
      UoMCode: 'PCS',
      InventoryQuantity: 1,
      RemainingOpenInventoryQuantity: 1,
      ParentLineNum: null,
      Incoterms: 0,
      TransportMode: 0,
      NatureOfTransaction: null,
      DestinationCountryForImport: null,
      DestinationRegionForImport: null,
      OriginCountryForExport: null,
      OriginRegionForExport: null,
      ItemType: 'dit_Item',
      ChangeInventoryQuantityIndependently: 'tNO',
      FreeOfChargeBP: 'tNO',
      SACEntry: null,
      HSNEntry: null,
      GrossPrice: 21000,
      GrossTotal: 14.48,
      GrossTotalFC: 21000,
      GrossTotalSC: 21000,
      NCMCode: -1,
      NVECode: null,
      IndEscala: 'tNO',
      CtrSealQty: 0,
      CNJPMan: null,
      CESTCode: null,
      UFFiscalBenefitCode: null,
      ReverseCharge: 'tNO',
      ShipToCode: null,
      ShipToDescription: '',
      OwnerCode: null,
      ExternalCalcTaxRate: 0,
      ExternalCalcTaxAmount: 0,
      ExternalCalcTaxAmountFC: 0,
      ExternalCalcTaxAmountSC: 0,
      StandardItemIdentification: null,
      CommodityClassification: null,
      UnencumberedReason: null,
      CUSplit: 'tNO',
      U_ST_DelDate: null,
      U_ST_ShipStatus: 'U',
      U_ST_SalePrice: 0,
      U_ST_Text: null,
      U_ST_TerritL: null,
      U_ST_WhsName: null,
      U_ST_WhsNameTo: null,
      U_Vol: 0,
      U_UOM: null,
      U_U_PARTNO: null,
      LineTaxJurisdictions: [],
      DocumentLineAdditionalExpenses: [],
      WithholdingTaxLines: [],
      SerialNumbers: [],
      BatchNumbers: [],
      DocumentLinesBinAllocations: []
    },
    {
      LineNum: 2,
      ItemCode: 'OPP01236',
      ItemDescription: 'OPPLE LED Spot RA-Chiara-E R75 9W-DIM-2700K-36D-WH',
      Quantity: 39,
      ShipDate: '2026-09-28',
      Price: 21000,
      PriceAfterVAT: 21000,
      Currency: 'IQD',
      Rate: 1450,
      DiscountPercent: 0,
      VendorNum: null,
      SerialNum: null,
      WarehouseCode: 'NJF002',
      SalesPersonCode: 265,
      CommisionPercent: 0,
      TreeType: 'iNotATree',
      AccountCode: '411010001',
      UseBaseUnits: 'tNO',
      SupplierCatNum: null,
      CostingCode: null,
      ProjectCode: null,
      BarCode: '',
      VatGroup: 'X0',
      Height1: 0,
      Hight1Unit: null,
      Height2: 0,
      Height2Unit: null,
      Lengh1: 0,
      Lengh1Unit: null,
      Lengh2: 0,
      Lengh2Unit: null,
      Weight1: 0,
      Weight1Unit: null,
      Weight2: 0,
      Weight2Unit: null,
      Factor1: 1,
      Factor2: 1,
      Factor3: 1,
      Factor4: 1,
      BaseType: -1,
      BaseEntry: null,
      BaseLine: null,
      Volume: 0.039234,
      VolumeUnit: 4,
      Width1: 0,
      Width1Unit: null,
      Width2: 0,
      Width2Unit: null,
      Address: '',
      TaxCode: null,
      TaxType: 'tt_Yes',
      TaxLiable: 'tYES',
      PickStatus: 'tNO',
      PickQuantity: 0,
      PickListIdNumber: null,
      OriginalItem: null,
      BackOrder: 'tYES',
      FreeText: '',
      ShippingMethod: 2,
      POTargetNum: null,
      POTargetEntry: null,
      POTargetRowNum: null,
      CorrectionInvoiceItem: 'ciis_ShouldBe',
      CorrInvAmountToStock: 0,
      CorrInvAmountToDiffAcct: 0,
      AppliedTax: 0,
      AppliedTaxFC: 0,
      AppliedTaxSC: 0,
      WTLiable: 'tNO',
      DeferredTax: 'tNO',
      EqualizationTaxPercent: 0,
      TotalEqualizationTax: 0,
      TotalEqualizationTaxFC: 0,
      TotalEqualizationTaxSC: 0,
      NetTaxAmount: 0,
      NetTaxAmountFC: 0,
      NetTaxAmountSC: 0,
      MeasureUnit: 'PCS',
      UnitsOfMeasurment: 1,
      LineTotal: 564.83,
      TaxPercentagePerRow: 0,
      TaxTotal: 0,
      ConsumerSalesForecast: 'tYES',
      ExciseAmount: 0,
      TaxPerUnit: 0,
      TotalInclTax: 0,
      CountryOrg: 'CN',
      SWW: null,
      TransactionType: null,
      DistributeExpense: 'tYES',
      RowTotalFC: 819000,
      RowTotalSC: 819000,
      LastBuyInmPrice: 0,
      LastBuyDistributeSumFc: 0,
      LastBuyDistributeSumSc: 0,
      LastBuyDistributeSum: 0,
      StockDistributesumForeign: 0,
      StockDistributesumSystem: 0,
      StockDistributesum: 0,
      StockInmPrice: 0,
      PickStatusEx: 'dlps_NotPicked',
      TaxBeforeDPM: 0,
      TaxBeforeDPMFC: 0,
      TaxBeforeDPMSC: 0,
      CFOPCode: null,
      CSTCode: null,
      Usage: null,
      TaxOnly: 'tNO',
      VisualOrder: 2,
      BaseOpenQuantity: 0,
      UnitPrice: 21000,
      LineStatus: 'bost_Open',
      PackageQuantity: 39,
      Text: '',
      LineType: 'dlt_Regular',
      COGSCostingCode: null,
      COGSAccountCode: '511010001',
      ChangeAssemlyBoMWarehouse: 'N',
      GrossBuyPrice: 6.33,
      GrossBase: -5,
      GrossProfitTotalBasePrice: 246.89,
      CostingCode2: null,
      CostingCode3: null,
      CostingCode4: null,
      CostingCode5: null,
      ItemDetails: null,
      LocationCode: null,
      ActualDeliveryDate: null,
      RemainingOpenQuantity: 39,
      OpenAmount: 564.83,
      OpenAmountFC: 819000,
      OpenAmountSC: 819000,
      ExLineNo: null,
      RequiredDate: null,
      RequiredQuantity: 0,
      COGSCostingCode2: null,
      COGSCostingCode3: null,
      COGSCostingCode4: null,
      COGSCostingCode5: null,
      CSTforIPI: null,
      CSTforPIS: null,
      CSTforCOFINS: null,
      CreditOriginCode: null,
      WithoutInventoryMovement: 'tNO',
      AgreementNo: null,
      AgreementRowNumber: null,
      ActualBaseEntry: null,
      ActualBaseLine: null,
      DocEntry: 281993,
      Surpluses: 0,
      DefectAndBreakup: 0,
      Shortages: 0,
      ConsiderQuantity: 'tNO',
      PartialRetirement: 'tNO',
      RetirementQuantity: 0,
      RetirementAPC: 0,
      ThirdParty: 'tNO',
      PoNum: null,
      PoItmNum: null,
      ExpenseType: null,
      ReceiptNumber: null,
      ExpenseOperationType: null,
      FederalTaxID: null,
      GrossProfit: 317.94,
      GrossProfitFC: 461009.5,
      GrossProfitSC: 461009.5,
      PriceSource: 'dpsManual',
      StgSeqNum: null,
      StgEntry: null,
      StgDesc: null,
      UoMEntry: 1,
      UoMCode: 'PCS',
      InventoryQuantity: 39,
      RemainingOpenInventoryQuantity: 39,
      ParentLineNum: null,
      Incoterms: 0,
      TransportMode: 0,
      NatureOfTransaction: null,
      DestinationCountryForImport: null,
      DestinationRegionForImport: null,
      OriginCountryForExport: null,
      OriginRegionForExport: null,
      ItemType: 'dit_Item',
      ChangeInventoryQuantityIndependently: 'tNO',
      FreeOfChargeBP: 'tNO',
      SACEntry: null,
      HSNEntry: null,
      GrossPrice: 21000,
      GrossTotal: 564.83,
      GrossTotalFC: 819000,
      GrossTotalSC: 819000,
      NCMCode: -1,
      NVECode: null,
      IndEscala: 'tNO',
      CtrSealQty: 0,
      CNJPMan: null,
      CESTCode: null,
      UFFiscalBenefitCode: null,
      ReverseCharge: 'tNO',
      ShipToCode: null,
      ShipToDescription: '',
      OwnerCode: null,
      ExternalCalcTaxRate: 0,
      ExternalCalcTaxAmount: 0,
      ExternalCalcTaxAmountFC: 0,
      ExternalCalcTaxAmountSC: 0,
      StandardItemIdentification: null,
      CommodityClassification: null,
      UnencumberedReason: null,
      CUSplit: 'tNO',
      U_ST_DelDate: null,
      U_ST_ShipStatus: 'U',
      U_ST_SalePrice: 0,
      U_ST_Text: null,
      U_ST_TerritL: null,
      U_ST_WhsName: null,
      U_ST_WhsNameTo: null,
      U_Vol: 0,
      U_UOM: null,
      U_U_PARTNO: null,
      LineTaxJurisdictions: [],
      DocumentLineAdditionalExpenses: [],
      WithholdingTaxLines: [],
      SerialNumbers: [],
      BatchNumbers: [],
      DocumentLinesBinAllocations: []
    }
  ],
  ElectronicProtocols: [],
  DocumentAdditionalExpenses: [],
  WithholdingTaxDataWTXCollection: [],
  WithholdingTaxDataCollection: [],
  DocumentSpecialLines: [],
  TaxExtension: {
    TaxId0: null,
    TaxId1: null,
    TaxId2: null,
    TaxId3: null,
    TaxId4: null,
    TaxId5: null,
    TaxId6: null,
    TaxId7: null,
    TaxId8: null,
    TaxId9: null,
    State: null,
    County: null,
    Incoterms: null,
    Vehicle: null,
    VehicleState: null,
    NFRef: null,
    Carrier: null,
    PackQuantity: null,
    PackDescription: null,
    Brand: null,
    ShipUnitNo: null,
    NetWeight: 0,
    GrossWeight: 0,
    StreetS: null,
    BlockS: null,
    BuildingS: null,
    CityS: null,
    ZipCodeS: null,
    CountyS: null,
    StateS: null,
    CountryS: null,
    StreetB: null,
    BlockB: null,
    BuildingB: null,
    CityB: null,
    ZipCodeB: null,
    CountyB: null,
    StateB: null,
    CountryB: null,
    ImportOrExport: null,
    MainUsage: null,
    GlobalLocationNumberS: null,
    GlobalLocationNumberB: null,
    TaxId12: null,
    TaxId13: null,
    BillOfEntryNo: null,
    BillOfEntryDate: null,
    OriginalBillOfEntryNo: null,
    OriginalBillOfEntryDate: null,
    ImportOrExportType: 'et_IpmortsOrExports',
    PortCode: null,
    DocEntry: 281993,
    BoEValue: 0,
    ClaimRefund: null,
    DifferentialOfTaxRate: null,
    IsIGSTAccount: null
  },
  AddressExtension: {
    ShipToStreet: null,
    ShipToStreetNo: null,
    ShipToBlock: null,
    ShipToBuilding: null,
    ShipToCity: null,
    ShipToZipCode: null,
    ShipToCounty: null,
    ShipToState: null,
    ShipToCountry: null,
    ShipToAddressType: null,
    BillToStreet: null,
    BillToStreetNo: null,
    BillToBlock: null,
    BillToBuilding: null,
    BillToCity: null,
    BillToZipCode: null,
    BillToCounty: null,
    BillToState: null,
    BillToCountry: null,
    BillToAddressType: null,
    ShipToGlobalLocationNumber: null,
    BillToGlobalLocationNumber: null,
    ShipToAddress2: null,
    ShipToAddress3: null,
    BillToAddress2: null,
    BillToAddress3: null,
    PlaceOfSupply: null,
    PurchasePlaceOfSupply: null,
    DocEntry: 281993,
    GoodsIssuePlaceBP: null,
    GoodsIssuePlaceCNPJ: null,
    GoodsIssuePlaceCPF: null,
    GoodsIssuePlaceStreet: null,
    GoodsIssuePlaceStreetNo: null,
    GoodsIssuePlaceBuilding: null,
    GoodsIssuePlaceZip: null,
    GoodsIssuePlaceBlock: null,
    GoodsIssuePlaceCity: null,
    GoodsIssuePlaceCounty: null,
    GoodsIssuePlaceState: null,
    GoodsIssuePlaceCountry: null,
    GoodsIssuePlacePhone: null,
    GoodsIssuePlaceEMail: null,
    GoodsIssuePlaceDepartureDate: null,
    DeliveryPlaceBP: null,
    DeliveryPlaceCNPJ: null,
    DeliveryPlaceCPF: null,
    DeliveryPlaceStreet: null,
    DeliveryPlaceStreetNo: null,
    DeliveryPlaceBuilding: null,
    DeliveryPlaceZip: null,
    DeliveryPlaceBlock: null,
    DeliveryPlaceCity: null,
    DeliveryPlaceCounty: null,
    DeliveryPlaceState: null,
    DeliveryPlaceCountry: null,
    DeliveryPlacePhone: null,
    DeliveryPlaceEMail: null,
    DeliveryPlaceDepartureDate: null
  },
  DocumentReferences: []
}
🔐 محاولة تسجيل الدخول في SAP بواسطة: ManRetSale4
✅ تسجيل دخول ناجح إلى SAP بواسطة ManRetSale4
🧾 Final payload to SAP: {
  "RepID": "74        ",
  "CardCode": "CUS00030170",
  "DocDueDate": "2026-09-28",
  "DocCurrency": "IQD",
  "DocumentLines": [
    {
      "ItemCode": "RANI00245",
      "Quantity": 4,
      "UnitPrice": 5250,
      "WarehouseCode": "KRA001",
      "DiscountPercent": 10,
      "FreeText": ""
    },
    {
      "ItemCode": "RANI00242",
      "Quantity": 4,
      "UnitPrice": 1750,
      "WarehouseCode": "KRA001",
      "DiscountPercent": 10,
      "FreeText": ""
    },
    {
      "ItemCode": "RANI00243",
      "Quantity": 4,
      "UnitPrice": 1750,
      "WarehouseCode": "KRA001",
      "DiscountPercent": 10,
      "FreeText": ""
    },
    {
      "ItemCode": "RANI00249",
      "Quantity": 2,
      "UnitPrice": 48750,
      "WarehouseCode": "KRA001",
      "DiscountPercent": 10,
      "FreeText": ""
    },
    {
      "ItemCode": "RANI00228",
      "Quantity": 4,
      "UnitPrice": 21000,
      "WarehouseCode": "KRA001",
      "DiscountPercent": 10,
      "FreeText": ""
    }
  ],
  "U_CreatedBy": "Shams",
  "SalesPersonCode": 74
}
🧾 أمر البيع أنشئ بنجاح من قبل ManRetSale4: {
  'odata.metadata': 'https://hanab1:50000/b1s/v1/$metadata#Orders/@Element',
  'odata.etag': 'W/"356A192B7913B04C54574D18C28D46E6395428AB"',
  DocEntry: 281994,
  DocNum: 2611381,
  DocType: 'dDocument_Items',
  HandWritten: 'tNO',
  Printed: 'psNo',
  DocDate: '2026-09-28',
  DocDueDate: '2026-09-28',
  CardCode: 'CUS00030170',
  CardName: 'مهندس حازم محمد خلف',
  Address: null,
  NumAtCard: null,
  DocTotal: 134.37,
  AttachmentEntry: null,
  DocCurrency: 'IQD',
  DocRate: 1450,
  Reference1: '2611381',
  Reference2: null,
  Comments: '',
  JournalMemo: 'Sales Orders - CUS00030170',
  PaymentGroupCode: -1,
  DocTime: '10:08:00',
  SalesPersonCode: 74,
  TransportationCode: -1,
  Confirmed: 'tYES',
  ImportFileNum: null,
  SummeryType: 'dNoSummary',
  ContactPersonCode: null,
  ShowSCN: 'tNO',
  Series: 264,
  TaxDate: '2026-09-28',
  PartialSupply: 'tYES',
  DocObjectCode: 'oOrders',
  ShipToCode: null,
  Indicator: null,
  FederalTaxID: null,
  DiscountPercent: 0,
  PaymentReference: null,
  CreationDate: '2026-09-28',
  UpdateDate: '2026-09-28',
  FinancialPeriod: 62,
  UserSign: 136,
  TransNum: null,
  VatSum: 0,
  VatSumSys: 0,
  VatSumFc: 0,
  NetProcedure: 'tNO',
  DocTotalFc: 194850,
  DocTotalSys: 194850,
  Form1099: null,
  Box1099: null,
  RevisionPo: 'tNO',
  RequriedDate: '2026-09-28',
  CancelDate: '2026-10-28',
  BlockDunning: 'tNO',
  Submitted: 'tNO',
  Segment: 0,
  PickStatus: 'tNO',
  Pick: 'tNO',
  PaymentMethod: null,
  PaymentBlock: 'tNO',
  PaymentBlockEntry: null,
  CentralBankIndicator: null,
  MaximumCashDiscount: 'tNO',
  Reserve: 'tNO',
  Project: null,
  ExemptionValidityDateFrom: null,
  ExemptionValidityDateTo: null,
  WareHouseUpdateType: 'dwh_CustomerOrders',
  Rounding: 'tNO',
  ExternalCorrectedDocNum: null,
  InternalCorrectedDocNum: null,
  NextCorrectingDocument: null,
  DeferredTax: 'tNO',
  TaxExemptionLetterNum: null,
  WTApplied: 0,
  WTAppliedFC: 0,
  BillOfExchangeReserved: 'tNO',
  AgentCode: null,
  WTAppliedSC: 0,
  TotalEqualizationTax: 0,
  TotalEqualizationTaxFC: 0,
  TotalEqualizationTaxSC: 0,
  NumberOfInstallments: 1,
  ApplyTaxOnFirstInstallment: 'tNO',
  WTNonSubjectAmount: 0,
  WTNonSubjectAmountSC: 0,
  WTNonSubjectAmountFC: 0,
  WTExemptedAmount: 0,
  WTExemptedAmountSC: 0,
  WTExemptedAmountFC: 0,
  BaseAmount: 0,
  BaseAmountSC: 0,
  BaseAmountFC: 0,
  WTAmount: 0,
  WTAmountSC: 0,
  WTAmountFC: 0,
  VatDate: null,
  DocumentsOwner: null,
  FolioPrefixString: null,
  FolioNumber: null,
  DocumentSubType: 'bod_None',
  BPChannelCode: null,
  BPChannelContact: null,
  Address2: '',
  DocumentStatus: 'bost_Open',
  PeriodIndicator: 'Default',
  PayToCode: null,
  ManualNumber: null,
  UseShpdGoodsAct: 'tNO',
  IsPayToBank: 'tNO',
  PayToBankCountry: null,
  PayToBankCode: null,
  PayToBankAccountNo: null,
  PayToBankBranch: null,
  BPL_IDAssignedToInvoice: null,
  DownPayment: 0,
  ReserveInvoice: 'tNO',
  LanguageCode: 8,
  TrackingNumber: null,
  PickRemark: null,
  ClosingDate: null,
  SequenceCode: null,
  SequenceSerial: null,
  SeriesString: null,
  SubSeriesString: null,
  SequenceModel: '0',
  UseCorrectionVATGroup: 'tNO',
  TotalDiscount: 0,
  DownPaymentAmount: 0,
  DownPaymentPercentage: 0,
  DownPaymentType: 'dptInvoice',
  DownPaymentAmountSC: 0,
  DownPaymentAmountFC: 0,
  VatPercent: 0,
  ServiceGrossProfitPercent: 0,
  OpeningRemarks: null,
  ClosingRemarks: null,
  RoundingDiffAmount: 0,
  RoundingDiffAmountFC: 0,
  RoundingDiffAmountSC: 0,
  Cancelled: 'tNO',
  SignatureInputMessage: null,
  SignatureDigest: null,
  CertificationNumber: null,
  PrivateKeyVersion: null,
  ControlAccount: '112020001',
  InsuranceOperation347: 'tNO',
  ArchiveNonremovableSalesQuotation: 'tNO',
  GTSChecker: null,
  GTSPayee: null,
  ExtraMonth: 0,
  ExtraDays: 0,
  CashDiscountDateOffset: 0,
  StartFrom: 'pdt_None',
  NTSApproved: 'tNO',
  ETaxWebSite: null,
  ETaxNumber: null,
  NTSApprovedNumber: null,
  EDocGenerationType: 'edocNotRelevant',
  EDocSeries: null,
  EDocNum: null,
  EDocExportFormat: null,
  EDocStatus: 'edoc_Ok',
  EDocErrorCode: null,
  EDocErrorMessage: null,
  DownPaymentStatus: 'so_Open',
  GroupSeries: null,
  GroupNumber: null,
  GroupHandWritten: 'tNO',
  ReopenOriginalDocument: null,
  ReopenManuallyClosedOrCanceledDocument: null,
  CreateOnlineQuotation: 'tNO',
  POSEquipmentNumber: null,
  POSManufacturerSerialNumber: null,
  POSCashierNumber: null,
  ApplyCurrentVATRatesForDownPaymentsToDraw: 'tNO',
  ClosingOption: 'coByCurrentSystemDate',
  SpecifiedClosingDate: null,
  OpenForLandedCosts: 'tYES',
  AuthorizationStatus: 'dasWithout',
  TotalDiscountFC: 0,
  TotalDiscountSC: 0,
  RelevantToGTS: 'tNO',
  BPLName: null,
  VATRegNum: null,
  AnnualInvoiceDeclarationReference: null,
  Supplier: null,
  Releaser: null,
  Receiver: null,
  BlanketAgreementNumber: null,
  IsAlteration: 'tNO',
  CancelStatus: 'csNo',
  AssetValueDate: null,
  DocumentDelivery: 'ddtNoneSeleted',
  AuthorizationCode: null,
  StartDeliveryDate: null,
  StartDeliveryTime: null,
  EndDeliveryDate: null,
  EndDeliveryTime: null,
  VehiclePlate: null,
  ATDocumentType: null,
  ElecCommStatus: null,
  ElecCommMessage: null,
  ReuseDocumentNum: 'tNO',
  ReuseNotaFiscalNum: 'tNO',
  PrintSEPADirect: 'tNO',
  FiscalDocNum: null,
  POSDailySummaryNo: null,
  POSReceiptNo: null,
  PointOfIssueCode: null,
  Letter: null,
  FolioNumberFrom: null,
  FolioNumberTo: null,
  InterimType: 'boidt_None',
  RelatedType: -1,
  RelatedEntry: null,
  SAPPassport: null,
  DocumentTaxID: null,
  DateOfReportingControlStatementVAT: null,
  ReportingSectionControlStatementVAT: null,
  ExcludeFromTaxReportControlStatementVAT: 'tNO',
  POS_CashRegister: null,
  UpdateTime: '10:08:06',
  CreateQRCodeFrom: null,
  PriceMode: null,
  ShipFrom: null,
  CommissionTrade: 'ct_Empty',
  CommissionTradeReturn: 'tNO',
  UseBillToAddrToDetermineTax: 'tNO',
  Cig: null,
  Cup: null,
  FatherCard: null,
  FatherType: 'cPayments_sum',
  ShipState: null,
  ShipPlace: null,
  CustOffice: null,
  FCI: null,
  AddLegIn: null,
  LegTextF: null,
  DANFELgTxt: null,
  IndFinal: 'tNO',
  DataVersion: 1,
  LastPageFolioNumber: null,
  U_ST_Activity: null,
  U_ST_Driver: null,
  U_ST_ShipNo: null,
  U_ST_ShipStatus: 'U',
  U_ST_QStatus: 'P',
  U_ST_isSigned: null,
  U_ST_ReturnType: null,
  U_ST_CreationTime: null,
  U_Location: null,
  U_Department: null,
  U_Approval: 'N',
  U_MKT_time: null,
  U_Arch: null,
  U_suspend: 'N',
  Document_ApprovalRequests: [],
  DocumentLines: [
    {
      LineNum: 0,
      ItemCode: 'RANI00245',
      ItemDescription: 'Randa Magnetic Track electrical connection L=138mm Black G2',
      Quantity: 4,
      ShipDate: '2026-09-28',
      Price: 4725,
      PriceAfterVAT: 4725,
      Currency: 'IQD',
      Rate: 1450,
      DiscountPercent: 10,
      VendorNum: null,
      SerialNum: null,
      WarehouseCode: 'KRA001',
      SalesPersonCode: 74,
      CommisionPercent: 0,
      TreeType: 'iNotATree',
      AccountCode: '411010001',
      UseBaseUnits: 'tNO',
      SupplierCatNum: null,
      CostingCode: null,
      ProjectCode: null,
      BarCode: '',
      VatGroup: 'X0',
      Height1: 0,
      Hight1Unit: null,
      Height2: 0,
      Height2Unit: null,
      Lengh1: 0,
      Lengh1Unit: null,
      Lengh2: 0,
      Lengh2Unit: null,
      Weight1: 0,
      Weight1Unit: null,
      Weight2: 0,
      Weight2Unit: null,
      Factor1: 1,
      Factor2: 1,
      Factor3: 1,
      Factor4: 1,
      BaseType: -1,
      BaseEntry: null,
      BaseLine: null,
      Volume: 0.000812,
      VolumeUnit: 4,
      Width1: 0,
      Width1Unit: null,
      Width2: 0,
      Width2Unit: null,
      Address: '',
      TaxCode: null,
      TaxType: 'tt_Yes',
      TaxLiable: 'tYES',
      PickStatus: 'tNO',
      PickQuantity: 0,
      PickListIdNumber: null,
      OriginalItem: null,
      BackOrder: 'tYES',
      FreeText: '',
      ShippingMethod: 1,
      POTargetNum: null,
      POTargetEntry: null,
      POTargetRowNum: null,
      CorrectionInvoiceItem: 'ciis_ShouldBe',
      CorrInvAmountToStock: 0,
      CorrInvAmountToDiffAcct: 0,
      AppliedTax: 0,
      AppliedTaxFC: 0,
      AppliedTaxSC: 0,
      WTLiable: 'tNO',
      DeferredTax: 'tNO',
      EqualizationTaxPercent: 0,
      TotalEqualizationTax: 0,
      TotalEqualizationTaxFC: 0,
      TotalEqualizationTaxSC: 0,
      NetTaxAmount: 0,
      NetTaxAmountFC: 0,
      NetTaxAmountSC: 0,
      MeasureUnit: 'PCS',
      UnitsOfMeasurment: 1,
      LineTotal: 13.03,
      TaxPercentagePerRow: 0,
      TaxTotal: 0,
      ConsumerSalesForecast: 'tYES',
      ExciseAmount: 0,
      TaxPerUnit: 0,
      TotalInclTax: 0,
      CountryOrg: 'CN',
      SWW: null,
      TransactionType: null,
      DistributeExpense: 'tYES',
      RowTotalFC: 18900,
      RowTotalSC: 18900,
      LastBuyInmPrice: 0,
      LastBuyDistributeSumFc: 0,
      LastBuyDistributeSumSc: 0,
      LastBuyDistributeSum: 0,
      StockDistributesumForeign: 0,
      StockDistributesumSystem: 0,
      StockDistributesum: 0,
      StockInmPrice: 0,
      PickStatusEx: 'dlps_NotPicked',
      TaxBeforeDPM: 0,
      TaxBeforeDPMFC: 0,
      TaxBeforeDPMSC: 0,
      CFOPCode: null,
      CSTCode: null,
      Usage: null,
      TaxOnly: 'tNO',
      VisualOrder: 0,
      BaseOpenQuantity: 0,
      UnitPrice: 5250,
      LineStatus: 'bost_Open',
      PackageQuantity: 4,
      Text: '',
      LineType: 'dlt_Regular',
      COGSCostingCode: null,
      COGSAccountCode: '511010001',
      ChangeAssemlyBoMWarehouse: 'N',
      GrossBuyPrice: 0.86,
      GrossBase: -5,
      GrossProfitTotalBasePrice: 3.44,
      CostingCode2: null,
      CostingCode3: null,
      CostingCode4: null,
      CostingCode5: null,
      ItemDetails: null,
      LocationCode: null,
      ActualDeliveryDate: null,
      RemainingOpenQuantity: 4,
      OpenAmount: 13.03,
      OpenAmountFC: 18900,
      OpenAmountSC: 18900,
      ExLineNo: null,
      RequiredDate: null,
      RequiredQuantity: 0,
      COGSCostingCode2: null,
      COGSCostingCode3: null,
      COGSCostingCode4: null,
      COGSCostingCode5: null,
      CSTforIPI: null,
      CSTforPIS: null,
      CSTforCOFINS: null,
      CreditOriginCode: null,
      WithoutInventoryMovement: 'tNO',
      AgreementNo: null,
      AgreementRowNumber: null,
      ActualBaseEntry: null,
      ActualBaseLine: null,
      DocEntry: 281994,
      Surpluses: 0,
      DefectAndBreakup: 0,
      Shortages: 0,
      ConsiderQuantity: 'tNO',
      PartialRetirement: 'tNO',
      RetirementQuantity: 0,
      RetirementAPC: 0,
      ThirdParty: 'tNO',
      PoNum: null,
      PoItmNum: null,
      ExpenseType: null,
      ReceiptNumber: null,
      ExpenseOperationType: null,
      FederalTaxID: null,
      GrossProfit: 9.59,
      GrossProfitFC: 13912,
      GrossProfitSC: 13912,
      PriceSource: 'dpsManual',
      StgSeqNum: null,
      StgEntry: null,
      StgDesc: null,
      UoMEntry: 1,
      UoMCode: 'PCS',
      InventoryQuantity: 4,
      RemainingOpenInventoryQuantity: 4,
      ParentLineNum: null,
      Incoterms: 0,
      TransportMode: 0,
      NatureOfTransaction: null,
      DestinationCountryForImport: null,
      DestinationRegionForImport: null,
      OriginCountryForExport: null,
      OriginRegionForExport: null,
      ItemType: 'dit_Item',
      ChangeInventoryQuantityIndependently: 'tNO',
      FreeOfChargeBP: 'tNO',
      SACEntry: null,
      HSNEntry: null,
      GrossPrice: 5250,
      GrossTotal: 13.03,
      GrossTotalFC: 18900,
      GrossTotalSC: 18900,
      NCMCode: -1,
      NVECode: null,
      IndEscala: 'tNO',
      CtrSealQty: 0,
      CNJPMan: null,
      CESTCode: null,
      UFFiscalBenefitCode: null,
      ReverseCharge: 'tNO',
      ShipToCode: null,
      ShipToDescription: '',
      OwnerCode: null,
      ExternalCalcTaxRate: 0,
      ExternalCalcTaxAmount: 0,
      ExternalCalcTaxAmountFC: 0,
      ExternalCalcTaxAmountSC: 0,
      StandardItemIdentification: null,
      CommodityClassification: null,
      UnencumberedReason: null,
      CUSplit: 'tNO',
      U_ST_DelDate: null,
      U_ST_ShipStatus: 'U',
      U_ST_SalePrice: 0,
      U_ST_Text: null,
      U_ST_TerritL: null,
      U_ST_WhsName: null,
      U_ST_WhsNameTo: null,
      U_Vol: 0,
      U_UOM: null,
      U_U_PARTNO: null,
      LineTaxJurisdictions: [],
      DocumentLineAdditionalExpenses: [],
      WithholdingTaxLines: [],
      SerialNumbers: [],
      BatchNumbers: [],
      DocumentLinesBinAllocations: []
    },
    {
      LineNum: 1,
      ItemCode: 'RANI00242',
      ItemDescription: 'Randa Megnetic surface track connector Black G2',
      Quantity: 4,
      ShipDate: '2026-09-28',
      Price: 1575,
      PriceAfterVAT: 1575,
      Currency: 'IQD',
      Rate: 1450,
      DiscountPercent: 10,
      VendorNum: null,
      SerialNum: null,
      WarehouseCode: 'KRA001',
      SalesPersonCode: 74,
      CommisionPercent: 0,
      TreeType: 'iNotATree',
      AccountCode: '411010001',
      UseBaseUnits: 'tNO',
      SupplierCatNum: null,
      CostingCode: null,
      ProjectCode: null,
      BarCode: '',
      VatGroup: 'X0',
      Height1: 0,
      Hight1Unit: null,
      Height2: 0,
      Height2Unit: null,
      Lengh1: 0,
      Lengh1Unit: null,
      Lengh2: 0,
      Lengh2Unit: null,
      Weight1: 0,
      Weight1Unit: null,
      Weight2: 0,
      Weight2Unit: null,
      Factor1: 1,
      Factor2: 1,
      Factor3: 1,
      Factor4: 1,
      BaseType: -1,
      BaseEntry: null,
      BaseLine: null,
      Volume: 0.000608,
      VolumeUnit: 4,
      Width1: 0,
      Width1Unit: null,
      Width2: 0,
      Width2Unit: null,
      Address: '',
      TaxCode: null,
      TaxType: 'tt_Yes',
      TaxLiable: 'tYES',
      PickStatus: 'tNO',
      PickQuantity: 0,
      PickListIdNumber: null,
      OriginalItem: null,
      BackOrder: 'tYES',
      FreeText: '',
      ShippingMethod: 1,
      POTargetNum: null,
      POTargetEntry: null,
      POTargetRowNum: null,
      CorrectionInvoiceItem: 'ciis_ShouldBe',
      CorrInvAmountToStock: 0,
      CorrInvAmountToDiffAcct: 0,
      AppliedTax: 0,
      AppliedTaxFC: 0,
      AppliedTaxSC: 0,
      WTLiable: 'tNO',
      DeferredTax: 'tNO',
      EqualizationTaxPercent: 0,
      TotalEqualizationTax: 0,
      TotalEqualizationTaxFC: 0,
      TotalEqualizationTaxSC: 0,
      NetTaxAmount: 0,
      NetTaxAmountFC: 0,
      NetTaxAmountSC: 0,
      MeasureUnit: 'PCS',
      UnitsOfMeasurment: 1,
      LineTotal: 4.34,
      TaxPercentagePerRow: 0,
      TaxTotal: 0,
      ConsumerSalesForecast: 'tYES',
      ExciseAmount: 0,
      TaxPerUnit: 0,
      TotalInclTax: 0,
      CountryOrg: 'CN',
      SWW: null,
      TransactionType: null,
      DistributeExpense: 'tYES',
      RowTotalFC: 6300,
      RowTotalSC: 6300,
      LastBuyInmPrice: 0,
      LastBuyDistributeSumFc: 0,
      LastBuyDistributeSumSc: 0,
      LastBuyDistributeSum: 0,
      StockDistributesumForeign: 0,
      StockDistributesumSystem: 0,
      StockDistributesum: 0,
      StockInmPrice: 0,
      PickStatusEx: 'dlps_NotPicked',
      TaxBeforeDPM: 0,
      TaxBeforeDPMFC: 0,
      TaxBeforeDPMSC: 0,
      CFOPCode: null,
      CSTCode: null,
      Usage: null,
      TaxOnly: 'tNO',
      VisualOrder: 1,
      BaseOpenQuantity: 0,
      UnitPrice: 1750,
      LineStatus: 'bost_Open',
      PackageQuantity: 4,
      Text: '',
      LineType: 'dlt_Regular',
      COGSCostingCode: null,
      COGSAccountCode: '511010001',
      ChangeAssemlyBoMWarehouse: 'N',
      GrossBuyPrice: 0.3,
      GrossBase: -5,
      GrossProfitTotalBasePrice: 1.21,
      CostingCode2: null,
      CostingCode3: null,
      CostingCode4: null,
      CostingCode5: null,
      ItemDetails: null,
      LocationCode: null,
      ActualDeliveryDate: null,
      RemainingOpenQuantity: 4,
      OpenAmount: 4.34,
      OpenAmountFC: 6300,
      OpenAmountSC: 6300,
      ExLineNo: null,
      RequiredDate: null,
      RequiredQuantity: 0,
      COGSCostingCode2: null,
      COGSCostingCode3: null,
      COGSCostingCode4: null,
      COGSCostingCode5: null,
      CSTforIPI: null,
      CSTforPIS: null,
      CSTforCOFINS: null,
      CreditOriginCode: null,
      WithoutInventoryMovement: 'tNO',
      AgreementNo: null,
      AgreementRowNumber: null,
      ActualBaseEntry: null,
      ActualBaseLine: null,
      DocEntry: 281994,
      Surpluses: 0,
      DefectAndBreakup: 0,
      Shortages: 0,
      ConsiderQuantity: 'tNO',
      PartialRetirement: 'tNO',
      RetirementQuantity: 0,
      RetirementAPC: 0,
      ThirdParty: 'tNO',
      PoNum: null,
      PoItmNum: null,
      ExpenseType: null,
      ReceiptNumber: null,
      ExpenseOperationType: null,
      FederalTaxID: null,
      GrossProfit: 3.13,
      GrossProfitFC: 4545.5,
      GrossProfitSC: 4545.5,
      PriceSource: 'dpsManual',
      StgSeqNum: null,
      StgEntry: null,
      StgDesc: null,
      UoMEntry: 1,
      UoMCode: 'PCS',
      InventoryQuantity: 4,
      RemainingOpenInventoryQuantity: 4,
      ParentLineNum: null,
      Incoterms: 0,
      TransportMode: 0,
      NatureOfTransaction: null,
      DestinationCountryForImport: null,
      DestinationRegionForImport: null,
      OriginCountryForExport: null,
      OriginRegionForExport: null,
      ItemType: 'dit_Item',
      ChangeInventoryQuantityIndependently: 'tNO',
      FreeOfChargeBP: 'tNO',
      SACEntry: null,
      HSNEntry: null,
      GrossPrice: 1750,
      GrossTotal: 4.34,
      GrossTotalFC: 6300,
      GrossTotalSC: 6300,
      NCMCode: -1,
      NVECode: null,
      IndEscala: 'tNO',
      CtrSealQty: 0,
      CNJPMan: null,
      CESTCode: null,
      UFFiscalBenefitCode: null,
      ReverseCharge: 'tNO',
      ShipToCode: null,
      ShipToDescription: '',
      OwnerCode: null,
      ExternalCalcTaxRate: 0,
      ExternalCalcTaxAmount: 0,
      ExternalCalcTaxAmountFC: 0,
      ExternalCalcTaxAmountSC: 0,
      StandardItemIdentification: null,
      CommodityClassification: null,
      UnencumberedReason: null,
      CUSplit: 'tNO',
      U_ST_DelDate: null,
      U_ST_ShipStatus: 'U',
      U_ST_SalePrice: 0,
      U_ST_Text: null,
      U_ST_TerritL: null,
      U_ST_WhsName: null,
      U_ST_WhsNameTo: null,
      U_Vol: 0,
      U_UOM: null,
      U_U_PARTNO: null,
      LineTaxJurisdictions: [],
      DocumentLineAdditionalExpenses: [],
      WithholdingTaxLines: [],
      SerialNumbers: [],
      BatchNumbers: [],
      DocumentLinesBinAllocations: []
    },
    {
      LineNum: 2,
      ItemCode: 'RANI00243',
      ItemDescription: 'Randa Megnetic recessed track connector Black G2',
      Quantity: 4,
      ShipDate: '2026-09-28',
      Price: 1575,
      PriceAfterVAT: 1575,
      Currency: 'IQD',
      Rate: 1450,
      DiscountPercent: 10,
      VendorNum: null,
      SerialNum: null,
      WarehouseCode: 'KRA001',
      SalesPersonCode: 74,
      CommisionPercent: 0,
      TreeType: 'iNotATree',
      AccountCode: '411010001',
      UseBaseUnits: 'tNO',
      SupplierCatNum: null,
      CostingCode: null,
      ProjectCode: null,
      BarCode: '',
      VatGroup: 'X0',
      Height1: 0,
      Hight1Unit: null,
      Height2: 0,
      Height2Unit: null,
      Lengh1: 0,
      Lengh1Unit: null,
      Lengh2: 0,
      Lengh2Unit: null,
      Weight1: 0,
      Weight1Unit: null,
      Weight2: 0,
      Weight2Unit: null,
      Factor1: 1,
      Factor2: 1,
      Factor3: 1,
      Factor4: 1,
      BaseType: -1,
      BaseEntry: null,
      BaseLine: null,
      Volume: 0.000064,
      VolumeUnit: 4,
      Width1: 0,
      Width1Unit: null,
      Width2: 0,
      Width2Unit: null,
      Address: '',
      TaxCode: null,
      TaxType: 'tt_Yes',
      TaxLiable: 'tYES',
      PickStatus: 'tNO',
      PickQuantity: 0,
      PickListIdNumber: null,
      OriginalItem: null,
      BackOrder: 'tYES',
      FreeText: '',
      ShippingMethod: 1,
      POTargetNum: null,
      POTargetEntry: null,
      POTargetRowNum: null,
      CorrectionInvoiceItem: 'ciis_ShouldBe',
      CorrInvAmountToStock: 0,
      CorrInvAmountToDiffAcct: 0,
      AppliedTax: 0,
      AppliedTaxFC: 0,
      AppliedTaxSC: 0,
      WTLiable: 'tNO',
      DeferredTax: 'tNO',
      EqualizationTaxPercent: 0,
      TotalEqualizationTax: 0,
      TotalEqualizationTaxFC: 0,
      TotalEqualizationTaxSC: 0,
      NetTaxAmount: 0,
      NetTaxAmountFC: 0,
      NetTaxAmountSC: 0,
      MeasureUnit: 'PCS',
      UnitsOfMeasurment: 1,
      LineTotal: 4.34,
      TaxPercentagePerRow: 0,
      TaxTotal: 0,
      ConsumerSalesForecast: 'tYES',
      ExciseAmount: 0,
      TaxPerUnit: 0,
      TotalInclTax: 0,
      CountryOrg: 'CN',
      SWW: null,
      TransactionType: null,
      DistributeExpense: 'tYES',
      RowTotalFC: 6300,
      RowTotalSC: 6300,
      LastBuyInmPrice: 0,
      LastBuyDistributeSumFc: 0,
      LastBuyDistributeSumSc: 0,
      LastBuyDistributeSum: 0,
      StockDistributesumForeign: 0,
      StockDistributesumSystem: 0,
      StockDistributesum: 0,
      StockInmPrice: 0,
      PickStatusEx: 'dlps_NotPicked',
      TaxBeforeDPM: 0,
      TaxBeforeDPMFC: 0,
      TaxBeforeDPMSC: 0,
      CFOPCode: null,
      CSTCode: null,
      Usage: null,
      TaxOnly: 'tNO',
      VisualOrder: 2,
      BaseOpenQuantity: 0,
      UnitPrice: 1750,
      LineStatus: 'bost_Open',
      PackageQuantity: 4,
      Text: '',
      LineType: 'dlt_Regular',
      COGSCostingCode: null,
      COGSAccountCode: '511010001',
      ChangeAssemlyBoMWarehouse: 'N',
      GrossBuyPrice: 0.15,
      GrossBase: -5,
      GrossProfitTotalBasePrice: 0.61,
      CostingCode2: null,
      CostingCode3: null,
      CostingCode4: null,
      CostingCode5: null,
      ItemDetails: null,
      LocationCode: null,
      ActualDeliveryDate: null,
      RemainingOpenQuantity: 4,
      OpenAmount: 4.34,
      OpenAmountFC: 6300,
      OpenAmountSC: 6300,
      ExLineNo: null,
      RequiredDate: null,
      RequiredQuantity: 0,
      COGSCostingCode2: null,
      COGSCostingCode3: null,
      COGSCostingCode4: null,
      COGSCostingCode5: null,
      CSTforIPI: null,
      CSTforPIS: null,
      CSTforCOFINS: null,
      CreditOriginCode: null,
      WithoutInventoryMovement: 'tNO',
      AgreementNo: null,
      AgreementRowNumber: null,
      ActualBaseEntry: null,
      ActualBaseLine: null,
      DocEntry: 281994,
      Surpluses: 0,
      DefectAndBreakup: 0,
      Shortages: 0,
      ConsiderQuantity: 'tNO',
      PartialRetirement: 'tNO',
      RetirementQuantity: 0,
      RetirementAPC: 0,
      ThirdParty: 'tNO',
      PoNum: null,
      PoItmNum: null,
      ExpenseType: null,
      ReceiptNumber: null,
      ExpenseOperationType: null,
      FederalTaxID: null,
      GrossProfit: 3.73,
      GrossProfitFC: 5415.5,
      GrossProfitSC: 5415.5,
      PriceSource: 'dpsManual',
      StgSeqNum: null,
      StgEntry: null,
      StgDesc: null,
      UoMEntry: 1,
      UoMCode: 'PCS',
      InventoryQuantity: 4,
      RemainingOpenInventoryQuantity: 4,
      ParentLineNum: null,
      Incoterms: 0,
      TransportMode: 0,
      NatureOfTransaction: null,
      DestinationCountryForImport: null,
      DestinationRegionForImport: null,
      OriginCountryForExport: null,
      OriginRegionForExport: null,
      ItemType: 'dit_Item',
      ChangeInventoryQuantityIndependently: 'tNO',
      FreeOfChargeBP: 'tNO',
      SACEntry: null,
      HSNEntry: null,
      GrossPrice: 1750,
      GrossTotal: 4.34,
      GrossTotalFC: 6300,
      GrossTotalSC: 6300,
      NCMCode: -1,
      NVECode: null,
      IndEscala: 'tNO',
      CtrSealQty: 0,
      CNJPMan: null,
      CESTCode: null,
      UFFiscalBenefitCode: null,
      ReverseCharge: 'tNO',
      ShipToCode: null,
      ShipToDescription: '',
      OwnerCode: null,
      ExternalCalcTaxRate: 0,
      ExternalCalcTaxAmount: 0,
      ExternalCalcTaxAmountFC: 0,
      ExternalCalcTaxAmountSC: 0,
      StandardItemIdentification: null,
      CommodityClassification: null,
      UnencumberedReason: null,
      CUSplit: 'tNO',
      U_ST_DelDate: null,
      U_ST_ShipStatus: 'U',
      U_ST_SalePrice: 0,
      U_ST_Text: null,
      U_ST_TerritL: null,
      U_ST_WhsName: null,
      U_ST_WhsNameTo: null,
      U_Vol: 0,
      U_UOM: null,
      U_U_PARTNO: null,
      LineTaxJurisdictions: [],
      DocumentLineAdditionalExpenses: [],
      WithholdingTaxLines: [],
      SerialNumbers: [],
      BatchNumbers: [],
      DocumentLinesBinAllocations: []
    },
    {
      LineNum: 3,
      ItemCode: 'RANI00249',
      ItemDescription: 'Randa Magnetic driver 200W 48V Black G2',
      Quantity: 2,
      ShipDate: '2026-09-28',
      Price: 43875,
      PriceAfterVAT: 43875,
      Currency: 'IQD',
      Rate: 1450,
      DiscountPercent: 10,
      VendorNum: null,
      SerialNum: null,
      WarehouseCode: 'KRA001',
      SalesPersonCode: 74,
      CommisionPercent: 0,
      TreeType: 'iNotATree',
      AccountCode: '411010001',
      UseBaseUnits: 'tNO',
      SupplierCatNum: null,
      CostingCode: null,
      ProjectCode: null,
      BarCode: '',
      VatGroup: 'X0',
      Height1: 0,
      Hight1Unit: null,
      Height2: 0,
      Height2Unit: null,
      Lengh1: 0,
      Lengh1Unit: null,
      Lengh2: 0,
      Lengh2Unit: null,
      Weight1: 0,
      Weight1Unit: null,
      Weight2: 0,
      Weight2Unit: null,
      Factor1: 1,
      Factor2: 1,
      Factor3: 1,
      Factor4: 1,
      BaseType: -1,
      BaseEntry: null,
      BaseLine: null,
      Volume: 0.002296,
      VolumeUnit: 4,
      Width1: 0,
      Width1Unit: null,
      Width2: 0,
      Width2Unit: null,
      Address: '',
      TaxCode: null,
      TaxType: 'tt_Yes',
      TaxLiable: 'tYES',
      PickStatus: 'tNO',
      PickQuantity: 0,
      PickListIdNumber: null,
      OriginalItem: null,
      BackOrder: 'tYES',
      FreeText: '',
      ShippingMethod: 1,
      POTargetNum: null,
      POTargetEntry: null,
      POTargetRowNum: null,
      CorrectionInvoiceItem: 'ciis_ShouldBe',
      CorrInvAmountToStock: 0,
      CorrInvAmountToDiffAcct: 0,
      AppliedTax: 0,
      AppliedTaxFC: 0,
      AppliedTaxSC: 0,
      WTLiable: 'tNO',
      DeferredTax: 'tNO',
      EqualizationTaxPercent: 0,
      TotalEqualizationTax: 0,
      TotalEqualizationTaxFC: 0,
      TotalEqualizationTaxSC: 0,
      NetTaxAmount: 0,
      NetTaxAmountFC: 0,
      NetTaxAmountSC: 0,
      MeasureUnit: 'PCS',
      UnitsOfMeasurment: 1,
      LineTotal: 60.52,
      TaxPercentagePerRow: 0,
      TaxTotal: 0,
      ConsumerSalesForecast: 'tYES',
      ExciseAmount: 0,
      TaxPerUnit: 0,
      TotalInclTax: 0,
      CountryOrg: 'CN',
      SWW: null,
      TransactionType: null,
      DistributeExpense: 'tYES',
      RowTotalFC: 87750,
      RowTotalSC: 87750,
      LastBuyInmPrice: 0,
      LastBuyDistributeSumFc: 0,
      LastBuyDistributeSumSc: 0,
      LastBuyDistributeSum: 0,
      StockDistributesumForeign: 0,
      StockDistributesumSystem: 0,
      StockDistributesum: 0,
      StockInmPrice: 0,
      PickStatusEx: 'dlps_NotPicked',
      TaxBeforeDPM: 0,
      TaxBeforeDPMFC: 0,
      TaxBeforeDPMSC: 0,
      CFOPCode: null,
      CSTCode: null,
      Usage: null,
      TaxOnly: 'tNO',
      VisualOrder: 3,
      BaseOpenQuantity: 0,
      UnitPrice: 48750,
      LineStatus: 'bost_Open',
      PackageQuantity: 2,
      Text: '',
      LineType: 'dlt_Regular',
      COGSCostingCode: null,
      COGSAccountCode: '511010001',
      ChangeAssemlyBoMWarehouse: 'N',
      GrossBuyPrice: 10.73,
      GrossBase: -5,
      GrossProfitTotalBasePrice: 21.46,
      CostingCode2: null,
      CostingCode3: null,
      CostingCode4: null,
      CostingCode5: null,
      ItemDetails: null,
      LocationCode: null,
      ActualDeliveryDate: null,
      RemainingOpenQuantity: 2,
      OpenAmount: 60.52,
      OpenAmountFC: 87750,
      OpenAmountSC: 87750,
      ExLineNo: null,
      RequiredDate: null,
      RequiredQuantity: 0,
      COGSCostingCode2: null,
      COGSCostingCode3: null,
      COGSCostingCode4: null,
      COGSCostingCode5: null,
      CSTforIPI: null,
      CSTforPIS: null,
      CSTforCOFINS: null,
      CreditOriginCode: null,
      WithoutInventoryMovement: 'tNO',
      AgreementNo: null,
      AgreementRowNumber: null,
      ActualBaseEntry: null,
      ActualBaseLine: null,
      DocEntry: 281994,
      Surpluses: 0,
      DefectAndBreakup: 0,
      Shortages: 0,
      ConsiderQuantity: 'tNO',
      PartialRetirement: 'tNO',
      RetirementQuantity: 0,
      RetirementAPC: 0,
      ThirdParty: 'tNO',
      PoNum: null,
      PoItmNum: null,
      ExpenseType: null,
      ReceiptNumber: null,
      ExpenseOperationType: null,
      FederalTaxID: null,
      GrossProfit: 39.06,
      GrossProfitFC: 56633,
      GrossProfitSC: 56633,
      PriceSource: 'dpsManual',
      StgSeqNum: null,
      StgEntry: null,
      StgDesc: null,
      UoMEntry: 1,
      UoMCode: 'PCS',
      InventoryQuantity: 2,
      RemainingOpenInventoryQuantity: 2,
      ParentLineNum: null,
      Incoterms: 0,
      TransportMode: 0,
      NatureOfTransaction: null,
      DestinationCountryForImport: null,
      DestinationRegionForImport: null,
      OriginCountryForExport: null,
      OriginRegionForExport: null,
      ItemType: 'dit_Item',
      ChangeInventoryQuantityIndependently: 'tNO',
      FreeOfChargeBP: 'tNO',
      SACEntry: null,
      HSNEntry: null,
      GrossPrice: 48750,
      GrossTotal: 60.52,
      GrossTotalFC: 87750,
      GrossTotalSC: 87750,
      NCMCode: -1,
      NVECode: null,
      IndEscala: 'tNO',
      CtrSealQty: 0,
      CNJPMan: null,
      CESTCode: null,
      UFFiscalBenefitCode: null,
      ReverseCharge: 'tNO',
      ShipToCode: null,
      ShipToDescription: '',
      OwnerCode: null,
      ExternalCalcTaxRate: 0,
      ExternalCalcTaxAmount: 0,
      ExternalCalcTaxAmountFC: 0,
      ExternalCalcTaxAmountSC: 0,
      StandardItemIdentification: null,
      CommodityClassification: null,
      UnencumberedReason: null,
      CUSplit: 'tNO',
      U_ST_DelDate: null,
      U_ST_ShipStatus: 'U',
      U_ST_SalePrice: 0,
      U_ST_Text: null,
      U_ST_TerritL: null,
      U_ST_WhsName: null,
      U_ST_WhsNameTo: null,
      U_Vol: 0,
      U_UOM: null,
      U_U_PARTNO: null,
      LineTaxJurisdictions: [],
      DocumentLineAdditionalExpenses: [],
      WithholdingTaxLines: [],
      SerialNumbers: [],
      BatchNumbers: [],
      DocumentLinesBinAllocations: []
    },
    {
      LineNum: 4,
      ItemCode: 'RANI00228',
      ItemDescription: 'Randa Magnetic Track Recessed 1-Meter DC48V Black G2',
      Quantity: 4,
      ShipDate: '2026-09-28',
      Price: 18900,
      PriceAfterVAT: 18900,
      Currency: 'IQD',
      Rate: 1450,
      DiscountPercent: 10,
      VendorNum: null,
      SerialNum: null,
      WarehouseCode: 'KRA001',
      SalesPersonCode: 74,
      CommisionPercent: 0,
      TreeType: 'iNotATree',
      AccountCode: '411010001',
      UseBaseUnits: 'tNO',
      SupplierCatNum: null,
      CostingCode: null,
      ProjectCode: null,
      BarCode: '',
      VatGroup: 'X0',
      Height1: 0,
      Hight1Unit: null,
      Height2: 0,
      Height2Unit: null,
      Lengh1: 0,
      Lengh1Unit: null,
      Lengh2: 0,
      Lengh2Unit: null,
      Weight1: 0,
      Weight1Unit: null,
      Weight2: 0,
      Weight2Unit: null,
      Factor1: 1,
      Factor2: 1,
      Factor3: 1,
      Factor4: 1,
      BaseType: -1,
      BaseEntry: null,
      BaseLine: null,
      Volume: 0.017304,
      VolumeUnit: 4,
      Width1: 0,
      Width1Unit: null,
      Width2: 0,
      Width2Unit: null,
      Address: '',
      TaxCode: null,
      TaxType: 'tt_Yes',
      TaxLiable: 'tYES',
      PickStatus: 'tNO',
      PickQuantity: 0,
      PickListIdNumber: null,
      OriginalItem: null,
      BackOrder: 'tYES',
      FreeText: '',
      ShippingMethod: 1,
      POTargetNum: null,
      POTargetEntry: null,
      POTargetRowNum: null,
      CorrectionInvoiceItem: 'ciis_ShouldBe',
      CorrInvAmountToStock: 0,
      CorrInvAmountToDiffAcct: 0,
      AppliedTax: 0,
      AppliedTaxFC: 0,
      AppliedTaxSC: 0,
      WTLiable: 'tNO',
      DeferredTax: 'tNO',
      EqualizationTaxPercent: 0,
      TotalEqualizationTax: 0,
      TotalEqualizationTaxFC: 0,
      TotalEqualizationTaxSC: 0,
      NetTaxAmount: 0,
      NetTaxAmountFC: 0,
      NetTaxAmountSC: 0,
      MeasureUnit: 'PCS',
      UnitsOfMeasurment: 1,
      LineTotal: 52.14,
      TaxPercentagePerRow: 0,
      TaxTotal: 0,
      ConsumerSalesForecast: 'tYES',
      ExciseAmount: 0,
      TaxPerUnit: 0,
      TotalInclTax: 0,
      CountryOrg: 'CN',
      SWW: null,
      TransactionType: null,
      DistributeExpense: 'tYES',
      RowTotalFC: 75600,
      RowTotalSC: 75600,
      LastBuyInmPrice: 0,
      LastBuyDistributeSumFc: 0,
      LastBuyDistributeSumSc: 0,
      LastBuyDistributeSum: 0,
      StockDistributesumForeign: 0,
      StockDistributesumSystem: 0,
      StockDistributesum: 0,
      StockInmPrice: 0,
      PickStatusEx: 'dlps_NotPicked',
      TaxBeforeDPM: 0,
      TaxBeforeDPMFC: 0,
      TaxBeforeDPMSC: 0,
      CFOPCode: null,
      CSTCode: null,
      Usage: null,
      TaxOnly: 'tNO',
      VisualOrder: 4,
      BaseOpenQuantity: 0,
      UnitPrice: 21000,
      LineStatus: 'bost_Open',
      PackageQuantity: 4,
      Text: '',
      LineType: 'dlt_Regular',
      COGSCostingCode: null,
      COGSAccountCode: '511010001',
      ChangeAssemlyBoMWarehouse: 'N',
      GrossBuyPrice: 4.62,
      GrossBase: -5,
      GrossProfitTotalBasePrice: 18.47,
      CostingCode2: null,
      CostingCode3: null,
      CostingCode4: null,
      CostingCode5: null,
      ItemDetails: null,
      LocationCode: null,
      ActualDeliveryDate: null,
      RemainingOpenQuantity: 4,
      OpenAmount: 52.14,
      OpenAmountFC: 75600,
      OpenAmountSC: 75600,
      ExLineNo: null,
      RequiredDate: null,
      RequiredQuantity: 0,
      COGSCostingCode2: null,
      COGSCostingCode3: null,
      COGSCostingCode4: null,
      COGSCostingCode5: null,
      CSTforIPI: null,
      CSTforPIS: null,
      CSTforCOFINS: null,
      CreditOriginCode: null,
      WithoutInventoryMovement: 'tNO',
      AgreementNo: null,
      AgreementRowNumber: null,
      ActualBaseEntry: null,
      ActualBaseLine: null,
      DocEntry: 281994,
      Surpluses: 0,
      DefectAndBreakup: 0,
      Shortages: 0,
      ConsiderQuantity: 'tNO',
      PartialRetirement: 'tNO',
      RetirementQuantity: 0,
      RetirementAPC: 0,
      ThirdParty: 'tNO',
      PoNum: null,
      PoItmNum: null,
      ExpenseType: null,
      ReceiptNumber: null,
      ExpenseOperationType: null,
      FederalTaxID: null,
      GrossProfit: 33.67,
      GrossProfitFC: 48818.5,
      GrossProfitSC: 48818.5,
      PriceSource: 'dpsManual',
      StgSeqNum: null,
      StgEntry: null,
      StgDesc: null,
      UoMEntry: 1,
      UoMCode: 'PCS',
      InventoryQuantity: 4,
      RemainingOpenInventoryQuantity: 4,
      ParentLineNum: null,
      Incoterms: 0,
      TransportMode: 0,
      NatureOfTransaction: null,
      DestinationCountryForImport: null,
      DestinationRegionForImport: null,
      OriginCountryForExport: null,
      OriginRegionForExport: null,
      ItemType: 'dit_Item',
      ChangeInventoryQuantityIndependently: 'tNO',
      FreeOfChargeBP: 'tNO',
      SACEntry: null,
      HSNEntry: null,
      GrossPrice: 21000,
      GrossTotal: 52.14,
      GrossTotalFC: 75600,
      GrossTotalSC: 75600,
      NCMCode: -1,
      NVECode: null,
      IndEscala: 'tNO',
      CtrSealQty: 0,
      CNJPMan: null,
      CESTCode: null,
      UFFiscalBenefitCode: null,
      ReverseCharge: 'tNO',
      ShipToCode: null,
      ShipToDescription: '',
      OwnerCode: null,
      ExternalCalcTaxRate: 0,
      ExternalCalcTaxAmount: 0,
      ExternalCalcTaxAmountFC: 0,
      ExternalCalcTaxAmountSC: 0,
      StandardItemIdentification: null,
      CommodityClassification: null,
      UnencumberedReason: null,
      CUSplit: 'tNO',
      U_ST_DelDate: null,
      U_ST_ShipStatus: 'U',
      U_ST_SalePrice: 0,
      U_ST_Text: null,
      U_ST_TerritL: null,
      U_ST_WhsName: null,
      U_ST_WhsNameTo: null,
      U_Vol: 0,
      U_UOM: null,
      U_U_PARTNO: null,
      LineTaxJurisdictions: [],
      DocumentLineAdditionalExpenses: [],
      WithholdingTaxLines: [],
      SerialNumbers: [],
      BatchNumbers: [],
      DocumentLinesBinAllocations: []
    }
  ],
  ElectronicProtocols: [],
  DocumentAdditionalExpenses: [],
  WithholdingTaxDataWTXCollection: [],
  WithholdingTaxDataCollection: [],
  DocumentSpecialLines: [],
  TaxExtension: {
    TaxId0: null,
    TaxId1: null,
    TaxId2: null,
    TaxId3: null,
    TaxId4: null,
    TaxId5: null,
    TaxId6: null,
    TaxId7: null,
    TaxId8: null,
    TaxId9: null,
    State: null,
    County: null,
    Incoterms: null,
    Vehicle: null,
    VehicleState: null,
    NFRef: null,
    Carrier: null,
    PackQuantity: null,
    PackDescription: null,
    Brand: null,
    ShipUnitNo: null,
    NetWeight: 0,
    GrossWeight: 0,
    StreetS: null,
    BlockS: null,
    BuildingS: null,
    CityS: null,
    ZipCodeS: null,
    CountyS: null,
    StateS: null,
    CountryS: null,
    StreetB: null,
    BlockB: null,
    BuildingB: null,
    CityB: null,
    ZipCodeB: null,
    CountyB: null,
    StateB: null,
    CountryB: null,
    ImportOrExport: null,
    MainUsage: null,
    GlobalLocationNumberS: null,
    GlobalLocationNumberB: null,
    TaxId12: null,
    TaxId13: null,
    BillOfEntryNo: null,
    BillOfEntryDate: null,
    OriginalBillOfEntryNo: null,
    OriginalBillOfEntryDate: null,
    ImportOrExportType: 'et_IpmortsOrExports',
    PortCode: null,
    DocEntry: 281994,
    BoEValue: 0,
    ClaimRefund: null,
    DifferentialOfTaxRate: null,
    IsIGSTAccount: null
  },
  AddressExtension: {
    ShipToStreet: null,
    ShipToStreetNo: null,
    ShipToBlock: null,
    ShipToBuilding: null,
    ShipToCity: null,
    ShipToZipCode: null,
    ShipToCounty: null,
    ShipToState: null,
    ShipToCountry: null,
    ShipToAddressType: null,
    BillToStreet: null,
    BillToStreetNo: null,
    BillToBlock: null,
    BillToBuilding: null,
    BillToCity: null,
    BillToZipCode: null,
    BillToCounty: null,
    BillToState: null,
    BillToCountry: null,
    BillToAddressType: null,
    ShipToGlobalLocationNumber: null,
    BillToGlobalLocationNumber: null,
    ShipToAddress2: null,
    ShipToAddress3: null,
    BillToAddress2: null,
    BillToAddress3: null,
    PlaceOfSupply: null,
    PurchasePlaceOfSupply: null,
    DocEntry: 281994,
    GoodsIssuePlaceBP: null,
    GoodsIssuePlaceCNPJ: null,
    GoodsIssuePlaceCPF: null,
    GoodsIssuePlaceStreet: null,
    GoodsIssuePlaceStreetNo: null,
    GoodsIssuePlaceBuilding: null,
    GoodsIssuePlaceZip: null,
    GoodsIssuePlaceBlock: null,
    GoodsIssuePlaceCity: null,
    GoodsIssuePlaceCounty: null,
    GoodsIssuePlaceState: null,
    GoodsIssuePlaceCountry: null,
    GoodsIssuePlacePhone: null,
    GoodsIssuePlaceEMail: null,
    GoodsIssuePlaceDepartureDate: null,
    DeliveryPlaceBP: null,
    DeliveryPlaceCNPJ: null,
    DeliveryPlaceCPF: null,
    DeliveryPlaceStreet: null,
    DeliveryPlaceStreetNo: null,
    DeliveryPlaceBuilding: null,
    DeliveryPlaceZip: null,
    DeliveryPlaceBlock: null,
    DeliveryPlaceCity: null,
    DeliveryPlaceCounty: null,
    DeliveryPlaceState: null,
    DeliveryPlaceCountry: null,
    DeliveryPlacePhone: null,
    DeliveryPlaceEMail: null,
    DeliveryPlaceDepartureDate: null
  },
  DocumentReferences: []
}
🔐 تسجيل الدخول في SAP بواسطة: ManRetSale4
✅ تسجيل دخول ناجح في SAP
📋 فلترة حسب المندوب: SalesPersonCode = 74        
🔐 محاولة تسجيل الدخول في SAP بواسطة: KaOutSale
✅ تسجيل دخول ناجح إلى SAP بواسطة KaOutSale
🧾 Final payload to SAP: {
  "RepID": "259       ",
  "CardCode": "CUS00001455",
  "DocDueDate": "2026-09-28",
  "DocCurrency": "USD",
  "DocumentLines": [
    {
      "ItemCode": "OPP00387",
      "Quantity": 25,
      "UnitPrice": 36,
      "WarehouseCode": "EWJ001",
      "DiscountPercent": 0,
      "FreeText": ""
    }
  ],
  "U_CreatedBy": "mohammed.fouad",
  "SalesPersonCode": 259
}
🧾 أمر البيع أنشئ بنجاح من قبل KaOutSale: {
  'odata.metadata': 'https://hanab1:50000/b1s/v1/$metadata#Orders/@Element',
  'odata.etag': 'W/"356A192B7913B04C54574D18C28D46E6395428AB"',
  DocEntry: 281999,
  DocNum: 2611383,
  DocType: 'dDocument_Items',
  HandWritten: 'tNO',
  Printed: 'psNo',
  DocDate: '2026-09-28',
  DocDueDate: '2026-09-28',
  CardCode: 'CUS00001455',
  CardName: 'محسن موسى فرج / ابو سجاد',
  Address: null,
  NumAtCard: null,
  DocTotal: 900,
  AttachmentEntry: null,
  DocCurrency: 'USD',
  DocRate: 1,
  Reference1: '2611383',
  Reference2: null,
  Comments: '',
  JournalMemo: 'Sales Orders - CUS00001455',
  PaymentGroupCode: 1,
  DocTime: '10:14:00',
  SalesPersonCode: 259,
  TransportationCode: -1,
  Confirmed: 'tYES',
  ImportFileNum: null,
  SummeryType: 'dNoSummary',
  ContactPersonCode: 858,
  ShowSCN: 'tNO',
  Series: 264,
  TaxDate: '2026-09-28',
  PartialSupply: 'tYES',
  DocObjectCode: 'oOrders',
  ShipToCode: null,
  Indicator: null,
  FederalTaxID: null,
  DiscountPercent: 0,
  PaymentReference: null,
  CreationDate: '2026-09-28',
  UpdateDate: '2026-09-28',
  FinancialPeriod: 62,
  UserSign: 90,
  TransNum: null,
  VatSum: 0,
  VatSumSys: 0,
  VatSumFc: 0,
  NetProcedure: 'tNO',
  DocTotalFc: 0,
  DocTotalSys: 1305000,
  Form1099: null,
  Box1099: null,
  RevisionPo: 'tNO',
  RequriedDate: '2026-09-28',
  CancelDate: '2026-10-28',
  BlockDunning: 'tNO',
  Submitted: 'tNO',
  Segment: 0,
  PickStatus: 'tNO',
  Pick: 'tNO',
  PaymentMethod: null,
  PaymentBlock: 'tNO',
  PaymentBlockEntry: null,
  CentralBankIndicator: null,
  MaximumCashDiscount: 'tNO',
  Reserve: 'tNO',
  Project: null,
  ExemptionValidityDateFrom: null,
  ExemptionValidityDateTo: null,
  WareHouseUpdateType: 'dwh_CustomerOrders',
  Rounding: 'tNO',
  ExternalCorrectedDocNum: null,
  InternalCorrectedDocNum: null,
  NextCorrectingDocument: null,
  DeferredTax: 'tNO',
  TaxExemptionLetterNum: null,
  WTApplied: 0,
  WTAppliedFC: 0,
  BillOfExchangeReserved: 'tNO',
  AgentCode: null,
  WTAppliedSC: 0,
  TotalEqualizationTax: 0,
  TotalEqualizationTaxFC: 0,
  TotalEqualizationTaxSC: 0,
  NumberOfInstallments: 1,
  ApplyTaxOnFirstInstallment: 'tNO',
  WTNonSubjectAmount: 0,
  WTNonSubjectAmountSC: 0,
  WTNonSubjectAmountFC: 0,
  WTExemptedAmount: 0,
  WTExemptedAmountSC: 0,
  WTExemptedAmountFC: 0,
  BaseAmount: 0,
  BaseAmountSC: 0,
  BaseAmountFC: 0,
  WTAmount: 0,
  WTAmountSC: 0,
  WTAmountFC: 0,
  VatDate: null,
  DocumentsOwner: null,
  FolioPrefixString: null,
  FolioNumber: null,
  DocumentSubType: 'bod_None',
  BPChannelCode: null,
  BPChannelContact: null,
  Address2: '',
  DocumentStatus: 'bost_Open',
  PeriodIndicator: 'Default',
  PayToCode: null,
  ManualNumber: null,
  UseShpdGoodsAct: 'tNO',
  IsPayToBank: 'tNO',
  PayToBankCountry: null,
  PayToBankCode: null,
  PayToBankAccountNo: null,
  PayToBankBranch: null,
  BPL_IDAssignedToInvoice: null,
  DownPayment: 0,
  ReserveInvoice: 'tNO',
  LanguageCode: 8,
  TrackingNumber: null,
  PickRemark: null,
  ClosingDate: null,
  SequenceCode: null,
  SequenceSerial: null,
  SeriesString: null,
  SubSeriesString: null,
  SequenceModel: '0',
  UseCorrectionVATGroup: 'tNO',
  TotalDiscount: 0,
  DownPaymentAmount: 0,
  DownPaymentPercentage: 0,
  DownPaymentType: 'dptInvoice',
  DownPaymentAmountSC: 0,
  DownPaymentAmountFC: 0,
  VatPercent: 0,
  ServiceGrossProfitPercent: 0,
  OpeningRemarks: null,
  ClosingRemarks: null,
  RoundingDiffAmount: 0,
  RoundingDiffAmountFC: 0,
  RoundingDiffAmountSC: 0,
  Cancelled: 'tNO',
  SignatureInputMessage: null,
  SignatureDigest: null,
  CertificationNumber: null,
  PrivateKeyVersion: null,
  ControlAccount: '112020001',
  InsuranceOperation347: 'tNO',
  ArchiveNonremovableSalesQuotation: 'tNO',
  GTSChecker: null,
  GTSPayee: null,
  ExtraMonth: 0,
  ExtraDays: 30,
  CashDiscountDateOffset: 0,
  StartFrom: 'pdt_None',
  NTSApproved: 'tNO',
  ETaxWebSite: null,
  ETaxNumber: null,
  NTSApprovedNumber: null,
  EDocGenerationType: 'edocNotRelevant',
  EDocSeries: null,
  EDocNum: null,
  EDocExportFormat: null,
  EDocStatus: 'edoc_Ok',
  EDocErrorCode: null,
  EDocErrorMessage: null,
  DownPaymentStatus: 'so_Open',
  GroupSeries: null,
  GroupNumber: null,
  GroupHandWritten: 'tNO',
  ReopenOriginalDocument: null,
  ReopenManuallyClosedOrCanceledDocument: null,
  CreateOnlineQuotation: 'tNO',
  POSEquipmentNumber: null,
  POSManufacturerSerialNumber: null,
  POSCashierNumber: null,
  ApplyCurrentVATRatesForDownPaymentsToDraw: 'tNO',
  ClosingOption: 'coByCurrentSystemDate',
  SpecifiedClosingDate: null,
  OpenForLandedCosts: 'tYES',
  AuthorizationStatus: 'dasWithout',
  TotalDiscountFC: 0,
  TotalDiscountSC: 0,
  RelevantToGTS: 'tNO',
  BPLName: null,
  VATRegNum: null,
  AnnualInvoiceDeclarationReference: null,
  Supplier: null,
  Releaser: null,
  Receiver: null,
  BlanketAgreementNumber: null,
  IsAlteration: 'tNO',
  CancelStatus: 'csNo',
  AssetValueDate: null,
  DocumentDelivery: 'ddtNoneSeleted',
  AuthorizationCode: null,
  StartDeliveryDate: null,
  StartDeliveryTime: null,
  EndDeliveryDate: null,
  EndDeliveryTime: null,
  VehiclePlate: null,
  ATDocumentType: null,
  ElecCommStatus: null,
  ElecCommMessage: null,
  ReuseDocumentNum: 'tNO',
  ReuseNotaFiscalNum: 'tNO',
  PrintSEPADirect: 'tNO',
  FiscalDocNum: null,
  POSDailySummaryNo: null,
  POSReceiptNo: null,
  PointOfIssueCode: null,
  Letter: null,
  FolioNumberFrom: null,
  FolioNumberTo: null,
  InterimType: 'boidt_None',
  RelatedType: -1,
  RelatedEntry: null,
  SAPPassport: null,
  DocumentTaxID: null,
  DateOfReportingControlStatementVAT: null,
  ReportingSectionControlStatementVAT: null,
  ExcludeFromTaxReportControlStatementVAT: 'tNO',
  POS_CashRegister: null,
  UpdateTime: '10:14:55',
  CreateQRCodeFrom: null,
  PriceMode: null,
  ShipFrom: null,
  CommissionTrade: 'ct_Empty',
  CommissionTradeReturn: 'tNO',
  UseBillToAddrToDetermineTax: 'tNO',
  Cig: null,
  Cup: null,
  FatherCard: null,
  FatherType: 'cPayments_sum',
  ShipState: null,
  ShipPlace: null,
  CustOffice: null,
  FCI: null,
  AddLegIn: null,
  LegTextF: null,
  DANFELgTxt: null,
  IndFinal: 'tNO',
  DataVersion: 1,
  LastPageFolioNumber: null,
  U_ST_Activity: null,
  U_ST_Driver: null,
  U_ST_ShipNo: null,
  U_ST_ShipStatus: 'U',
  U_ST_QStatus: 'P',
  U_ST_isSigned: null,
  U_ST_ReturnType: null,
  U_ST_CreationTime: null,
  U_Location: null,
  U_Department: null,
  U_Approval: 'N',
  U_MKT_time: null,
  U_Arch: null,
  U_suspend: 'N',
  Document_ApprovalRequests: [],
  DocumentLines: [
    {
      LineNum: 0,
      ItemCode: 'OPP00387',
      ItemDescription: 'OPPLE Slim Panel LED Rc-SL Sq595-40W-6500-WH Ⅳ',
      Quantity: 25,
      ShipDate: '2026-09-28',
      Price: 36,
      PriceAfterVAT: 36,
      Currency: 'USD',
      Rate: 0,
      DiscountPercent: 0,
      VendorNum: null,
      SerialNum: null,
      WarehouseCode: 'EWJ001',
      SalesPersonCode: 259,
      CommisionPercent: 0,
      TreeType: 'iNotATree',
      AccountCode: '411010001',
      UseBaseUnits: 'tNO',
      SupplierCatNum: null,
      CostingCode: null,
      ProjectCode: null,
      BarCode: '',
      VatGroup: 'X0',
      Height1: 0,
      Hight1Unit: null,
      Height2: 0,
      Height2Unit: null,
      Lengh1: 0,
      Lengh1Unit: null,
      Lengh2: 0,
      Lengh2Unit: null,
      Weight1: 0,
      Weight1Unit: null,
      Weight2: 0,
      Weight2Unit: null,
      Factor1: 1,
      Factor2: 1,
      Factor3: 1,
      Factor4: 1,
      BaseType: -1,
      BaseEntry: null,
      BaseLine: null,
      Volume: 0.621,
      VolumeUnit: 4,
      Width1: 0,
      Width1Unit: null,
      Width2: 0,
      Width2Unit: null,
      Address: '',
      TaxCode: null,
      TaxType: 'tt_Yes',
      TaxLiable: 'tYES',
      PickStatus: 'tNO',
      PickQuantity: 0,
      PickListIdNumber: null,
      OriginalItem: null,
      BackOrder: 'tYES',
      FreeText: '',
      ShippingMethod: 1,
      POTargetNum: null,
      POTargetEntry: null,
      POTargetRowNum: null,
      CorrectionInvoiceItem: 'ciis_ShouldBe',
      CorrInvAmountToStock: 0,
      CorrInvAmountToDiffAcct: 0,
      AppliedTax: 0,
      AppliedTaxFC: 0,
      AppliedTaxSC: 0,
      WTLiable: 'tNO',
      DeferredTax: 'tNO',
      EqualizationTaxPercent: 0,
      TotalEqualizationTax: 0,
      TotalEqualizationTaxFC: 0,
      TotalEqualizationTaxSC: 0,
      NetTaxAmount: 0,
      NetTaxAmountFC: 0,
      NetTaxAmountSC: 0,
      MeasureUnit: 'PCS',
      UnitsOfMeasurment: 1,
      LineTotal: 900,
      TaxPercentagePerRow: 0,
      TaxTotal: 0,
      ConsumerSalesForecast: 'tYES',
      ExciseAmount: 0,
      TaxPerUnit: 0,
      TotalInclTax: 0,
      CountryOrg: null,
      SWW: '12008577',
      TransactionType: null,
      DistributeExpense: 'tYES',
      RowTotalFC: 0,
      RowTotalSC: 1305000,
      LastBuyInmPrice: 0,
      LastBuyDistributeSumFc: 0,
      LastBuyDistributeSumSc: 0,
      LastBuyDistributeSum: 0,
      StockDistributesumForeign: 0,
      StockDistributesumSystem: 0,
      StockDistributesum: 0,
      StockInmPrice: 0,
      PickStatusEx: 'dlps_NotPicked',
      TaxBeforeDPM: 0,
      TaxBeforeDPMFC: 0,
      TaxBeforeDPMSC: 0,
      CFOPCode: null,
      CSTCode: null,
      Usage: null,
      TaxOnly: 'tNO',
      VisualOrder: 0,
      BaseOpenQuantity: 0,
      UnitPrice: 36,
      LineStatus: 'bost_Open',
      PackageQuantity: 25,
      Text: '',
      LineType: 'dlt_Regular',
      COGSCostingCode: null,
      COGSAccountCode: '511010001',
      ChangeAssemlyBoMWarehouse: 'N',
      GrossBuyPrice: 13.19,
      GrossBase: -5,
      GrossProfitTotalBasePrice: 329.68,
      CostingCode2: null,
      CostingCode3: null,
      CostingCode4: null,
      CostingCode5: null,
      ItemDetails: null,
      LocationCode: null,
      ActualDeliveryDate: null,
      RemainingOpenQuantity: 25,
      OpenAmount: 900,
      OpenAmountFC: 0,
      OpenAmountSC: 1305000,
      ExLineNo: null,
      RequiredDate: null,
      RequiredQuantity: 0,
      COGSCostingCode2: null,
      COGSCostingCode3: null,
      COGSCostingCode4: null,
      COGSCostingCode5: null,
      CSTforIPI: null,
      CSTforPIS: null,
      CSTforCOFINS: null,
      CreditOriginCode: null,
      WithoutInventoryMovement: 'tNO',
      AgreementNo: null,
      AgreementRowNumber: null,
      ActualBaseEntry: null,
      ActualBaseLine: null,
      DocEntry: 281999,
      Surpluses: 0,
      DefectAndBreakup: 0,
      Shortages: 0,
      ConsiderQuantity: 'tNO',
      PartialRetirement: 'tNO',
      RetirementQuantity: 0,
      RetirementAPC: 0,
      ThirdParty: 'tNO',
      PoNum: null,
      PoItmNum: null,
      ExpenseType: null,
      ReceiptNumber: null,
      ExpenseOperationType: null,
      FederalTaxID: null,
      GrossProfit: 570.32,
      GrossProfitFC: 0,
      GrossProfitSC: 826964,
      PriceSource: 'dpsManual',
      StgSeqNum: null,
      StgEntry: null,
      StgDesc: null,
      UoMEntry: 1,
      UoMCode: 'PCS',
      InventoryQuantity: 25,
      RemainingOpenInventoryQuantity: 25,
      ParentLineNum: null,
      Incoterms: 0,
      TransportMode: 0,
      NatureOfTransaction: null,
      DestinationCountryForImport: null,
      DestinationRegionForImport: null,
      OriginCountryForExport: null,
      OriginRegionForExport: null,
      ItemType: 'dit_Item',
      ChangeInventoryQuantityIndependently: 'tNO',
      FreeOfChargeBP: 'tNO',
      SACEntry: null,
      HSNEntry: null,
      GrossPrice: 36,
      GrossTotal: 900,
      GrossTotalFC: 0,
      GrossTotalSC: 1305000,
      NCMCode: -1,
      NVECode: null,
      IndEscala: 'tNO',
      CtrSealQty: 0,
      CNJPMan: null,
      CESTCode: null,
      UFFiscalBenefitCode: null,
      ReverseCharge: 'tNO',
      ShipToCode: null,
      ShipToDescription: '',
      OwnerCode: null,
      ExternalCalcTaxRate: 0,
      ExternalCalcTaxAmount: 0,
      ExternalCalcTaxAmountFC: 0,
      ExternalCalcTaxAmountSC: 0,
      StandardItemIdentification: null,
      CommodityClassification: null,
      UnencumberedReason: null,
      CUSplit: 'tNO',
      U_ST_DelDate: null,
      U_ST_ShipStatus: 'U',
      U_ST_SalePrice: 0,
      U_ST_Text: null,
      U_ST_TerritL: null,
      U_ST_WhsName: null,
      U_ST_WhsNameTo: null,
      U_Vol: 0,
      U_UOM: null,
      U_U_PARTNO: null,
      LineTaxJurisdictions: [],
      DocumentLineAdditionalExpenses: [],
      WithholdingTaxLines: [],
      SerialNumbers: [],
      BatchNumbers: [],
      DocumentLinesBinAllocations: []
    }
  ],
  ElectronicProtocols: [],
  DocumentAdditionalExpenses: [],
  WithholdingTaxDataWTXCollection: [],
  WithholdingTaxDataCollection: [],
  DocumentSpecialLines: [],
  TaxExtension: {
    TaxId0: null,
    TaxId1: null,
    TaxId2: null,
    TaxId3: null,
    TaxId4: null,
    TaxId5: null,
    TaxId6: null,
    TaxId7: null,
    TaxId8: null,
    TaxId9: null,
    State: null,
    County: null,
    Incoterms: null,
    Vehicle: null,
    VehicleState: null,
    NFRef: null,
    Carrier: null,
    PackQuantity: null,
    PackDescription: null,
    Brand: null,
    ShipUnitNo: null,
    NetWeight: 0,
    GrossWeight: 0,
    StreetS: null,
    BlockS: null,
    BuildingS: null,
    CityS: null,
    ZipCodeS: null,
    CountyS: null,
    StateS: null,
    CountryS: null,
    StreetB: null,
    BlockB: null,
    BuildingB: null,
    CityB: null,
    ZipCodeB: null,
    CountyB: null,
    StateB: null,
    CountryB: null,
    ImportOrExport: null,
    MainUsage: null,
    GlobalLocationNumberS: null,
    GlobalLocationNumberB: null,
    TaxId12: null,
    TaxId13: null,
    BillOfEntryNo: null,
    BillOfEntryDate: null,
    OriginalBillOfEntryNo: null,
    OriginalBillOfEntryDate: null,
    ImportOrExportType: 'et_IpmortsOrExports',
    PortCode: null,
    DocEntry: 281999,
    BoEValue: 0,
    ClaimRefund: null,
    DifferentialOfTaxRate: null,
    IsIGSTAccount: null
  },
  AddressExtension: {
    ShipToStreet: null,
    ShipToStreetNo: null,
    ShipToBlock: null,
    ShipToBuilding: null,
    ShipToCity: null,
    ShipToZipCode: null,
    ShipToCounty: null,
    ShipToState: null,
    ShipToCountry: null,
    ShipToAddressType: null,
    BillToStreet: null,
    BillToStreetNo: null,
    BillToBlock: null,
    BillToBuilding: null,
    BillToCity: null,
    BillToZipCode: null,
    BillToCounty: null,
    BillToState: null,
    BillToCountry: null,
    BillToAddressType: null,
    ShipToGlobalLocationNumber: null,
    BillToGlobalLocationNumber: null,
    ShipToAddress2: null,
    ShipToAddress3: null,
    BillToAddress2: null,
    BillToAddress3: null,
    PlaceOfSupply: null,
    PurchasePlaceOfSupply: null,
    DocEntry: 281999,
    GoodsIssuePlaceBP: null,
    GoodsIssuePlaceCNPJ: null,
    GoodsIssuePlaceCPF: null,
    GoodsIssuePlaceStreet: null,
    GoodsIssuePlaceStreetNo: null,
    GoodsIssuePlaceBuilding: null,
    GoodsIssuePlaceZip: null,
    GoodsIssuePlaceBlock: null,
    GoodsIssuePlaceCity: null,
    GoodsIssuePlaceCounty: null,
    GoodsIssuePlaceState: null,
    GoodsIssuePlaceCountry: null,
    GoodsIssuePlacePhone: null,
    GoodsIssuePlaceEMail: null,
    GoodsIssuePlaceDepartureDate: null,
    DeliveryPlaceBP: null,
    DeliveryPlaceCNPJ: null,
    DeliveryPlaceCPF: null,
    DeliveryPlaceStreet: null,
    DeliveryPlaceStreetNo: null,
    DeliveryPlaceBuilding: null,
    DeliveryPlaceZip: null,
    DeliveryPlaceBlock: null,
    DeliveryPlaceCity: null,
    DeliveryPlaceCounty: null,
    DeliveryPlaceState: null,
    DeliveryPlaceCountry: null,
    DeliveryPlacePhone: null,
    DeliveryPlaceEMail: null,
    DeliveryPlaceDepartureDate: null
  },
  DocumentReferences: []
}
🔐 محاولة تسجيل الدخول في SAP بواسطة: ManRetSale4
✅ تسجيل دخول ناجح إلى SAP بواسطة ManRetSale4
🧾 Final payload to SAP: {
  "RepID": "74        ",
  "CardCode": "CUS00005395",
  "DocDueDate": "2026-09-28",
  "DocCurrency": "IQD",
  "DocumentLines": [
    {
      "ItemCode": "PHI00319",
      "Quantity": 150,
      "UnitPrice": 3750,
      "WarehouseCode": "MNS001",
      "DiscountPercent": 0,
      "FreeText": ""
    },
    {
      "ItemCode": "OPP01188",
      "Quantity": 100,
      "UnitPrice": 15750,
      "WarehouseCode": "MNS001",
      "DiscountPercent": 0,
      "FreeText": ""
    }
  ],
  "U_CreatedBy": "Shams",
  "SalesPersonCode": 74
}
🧾 أمر البيع أنشئ بنجاح من قبل ManRetSale4: {
  'odata.metadata': 'https://hanab1:50000/b1s/v1/$metadata#Orders/@Element',
  'odata.etag': 'W/"356A192B7913B04C54574D18C28D46E6395428AB"',
  DocEntry: 282023,
  DocNum: 2611391,
  DocType: 'dDocument_Items',
  HandWritten: 'tNO',
  Printed: 'psNo',
  DocDate: '2026-09-28',
  DocDueDate: '2026-09-28',
  CardCode: 'CUS00005395',
  CardName: 'م. عمر داود',
  Address: null,
  NumAtCard: null,
  DocTotal: 1474.14,
  AttachmentEntry: null,
  DocCurrency: 'IQD',
  DocRate: 1450,
  Reference1: '2611391',
  Reference2: null,
  Comments: '',
  JournalMemo: 'Sales Orders - CUS00005395',
  PaymentGroupCode: -1,
  DocTime: '11:15:00',
  SalesPersonCode: 74,
  TransportationCode: -1,
  Confirmed: 'tYES',
  ImportFileNum: null,
  SummeryType: 'dNoSummary',
  ContactPersonCode: null,
  ShowSCN: 'tNO',
  Series: 264,
  TaxDate: '2026-09-28',
  PartialSupply: 'tYES',
  DocObjectCode: 'oOrders',
  ShipToCode: null,
  Indicator: null,
  FederalTaxID: null,
  DiscountPercent: 0,
  PaymentReference: null,
  CreationDate: '2026-09-28',
  UpdateDate: '2026-09-28',
  FinancialPeriod: 62,
  UserSign: 136,
  TransNum: null,
  VatSum: 0,
  VatSumSys: 0,
  VatSumFc: 0,
  NetProcedure: 'tNO',
  DocTotalFc: 2137500,
  DocTotalSys: 2137500,
  Form1099: null,
  Box1099: null,
  RevisionPo: 'tNO',
  RequriedDate: '2026-09-28',
  CancelDate: '2026-10-28',
  BlockDunning: 'tNO',
  Submitted: 'tNO',
  Segment: 0,
  PickStatus: 'tNO',
  Pick: 'tNO',
  PaymentMethod: null,
  PaymentBlock: 'tNO',
  PaymentBlockEntry: null,
  CentralBankIndicator: null,
  MaximumCashDiscount: 'tNO',
  Reserve: 'tNO',
  Project: null,
  ExemptionValidityDateFrom: null,
  ExemptionValidityDateTo: null,
  WareHouseUpdateType: 'dwh_CustomerOrders',
  Rounding: 'tNO',
  ExternalCorrectedDocNum: null,
  InternalCorrectedDocNum: null,
  NextCorrectingDocument: null,
  DeferredTax: 'tNO',
  TaxExemptionLetterNum: null,
  WTApplied: 0,
  WTAppliedFC: 0,
  BillOfExchangeReserved: 'tNO',
  AgentCode: null,
  WTAppliedSC: 0,
  TotalEqualizationTax: 0,
  TotalEqualizationTaxFC: 0,
  TotalEqualizationTaxSC: 0,
  NumberOfInstallments: 1,
  ApplyTaxOnFirstInstallment: 'tNO',
  WTNonSubjectAmount: 0,
  WTNonSubjectAmountSC: 0,
  WTNonSubjectAmountFC: 0,
  WTExemptedAmount: 0,
  WTExemptedAmountSC: 0,
  WTExemptedAmountFC: 0,
  BaseAmount: 0,
  BaseAmountSC: 0,
  BaseAmountFC: 0,
  WTAmount: 0,
  WTAmountSC: 0,
  WTAmountFC: 0,
  VatDate: null,
  DocumentsOwner: null,
  FolioPrefixString: null,
  FolioNumber: null,
  DocumentSubType: 'bod_None',
  BPChannelCode: null,
  BPChannelContact: null,
  Address2: '',
  DocumentStatus: 'bost_Open',
  PeriodIndicator: 'Default',
  PayToCode: null,
  ManualNumber: null,
  UseShpdGoodsAct: 'tNO',
  IsPayToBank: 'tNO',
  PayToBankCountry: null,
  PayToBankCode: null,
  PayToBankAccountNo: null,
  PayToBankBranch: null,
  BPL_IDAssignedToInvoice: null,
  DownPayment: 0,
  ReserveInvoice: 'tNO',
  LanguageCode: 8,
  TrackingNumber: null,
  PickRemark: null,
  ClosingDate: null,
  SequenceCode: null,
  SequenceSerial: null,
  SeriesString: null,
  SubSeriesString: null,
  SequenceModel: '0',
  UseCorrectionVATGroup: 'tNO',
  TotalDiscount: 0,
  DownPaymentAmount: 0,
  DownPaymentPercentage: 0,
  DownPaymentType: 'dptInvoice',
  DownPaymentAmountSC: 0,
  DownPaymentAmountFC: 0,
  VatPercent: 0,
  ServiceGrossProfitPercent: 0,
  OpeningRemarks: null,
  ClosingRemarks: null,
  RoundingDiffAmount: 0,
  RoundingDiffAmountFC: 0,
  RoundingDiffAmountSC: 0,
  Cancelled: 'tNO',
  SignatureInputMessage: null,
  SignatureDigest: null,
  CertificationNumber: null,
  PrivateKeyVersion: null,
  ControlAccount: '112020001',
  InsuranceOperation347: 'tNO',
  ArchiveNonremovableSalesQuotation: 'tNO',
  GTSChecker: null,
  GTSPayee: null,
  ExtraMonth: 0,
  ExtraDays: 0,
  CashDiscountDateOffset: 0,
  StartFrom: 'pdt_None',
  NTSApproved: 'tNO',
  ETaxWebSite: null,
  ETaxNumber: null,
  NTSApprovedNumber: null,
  EDocGenerationType: 'edocNotRelevant',
  EDocSeries: null,
  EDocNum: null,
  EDocExportFormat: null,
  EDocStatus: 'edoc_Ok',
  EDocErrorCode: null,
  EDocErrorMessage: null,
  DownPaymentStatus: 'so_Open',
  GroupSeries: null,
  GroupNumber: null,
  GroupHandWritten: 'tNO',
  ReopenOriginalDocument: null,
  ReopenManuallyClosedOrCanceledDocument: null,
  CreateOnlineQuotation: 'tNO',
  POSEquipmentNumber: null,
  POSManufacturerSerialNumber: null,
  POSCashierNumber: null,
  ApplyCurrentVATRatesForDownPaymentsToDraw: 'tNO',
  ClosingOption: 'coByCurrentSystemDate',
  SpecifiedClosingDate: null,
  OpenForLandedCosts: 'tYES',
  AuthorizationStatus: 'dasWithout',
  TotalDiscountFC: 0,
  TotalDiscountSC: 0,
  RelevantToGTS: 'tNO',
  BPLName: null,
  VATRegNum: null,
  AnnualInvoiceDeclarationReference: null,
  Supplier: null,
  Releaser: null,
  Receiver: null,
  BlanketAgreementNumber: null,
  IsAlteration: 'tNO',
  CancelStatus: 'csNo',
  AssetValueDate: null,
  DocumentDelivery: 'ddtNoneSeleted',
  AuthorizationCode: null,
  StartDeliveryDate: null,
  StartDeliveryTime: null,
  EndDeliveryDate: null,
  EndDeliveryTime: null,
  VehiclePlate: null,
  ATDocumentType: null,
  ElecCommStatus: null,
  ElecCommMessage: null,
  ReuseDocumentNum: 'tNO',
  ReuseNotaFiscalNum: 'tNO',
  PrintSEPADirect: 'tNO',
  FiscalDocNum: null,
  POSDailySummaryNo: null,
  POSReceiptNo: null,
  PointOfIssueCode: null,
  Letter: null,
  FolioNumberFrom: null,
  FolioNumberTo: null,
  InterimType: 'boidt_None',
  RelatedType: -1,
  RelatedEntry: null,
  SAPPassport: null,
  DocumentTaxID: null,
  DateOfReportingControlStatementVAT: null,
  ReportingSectionControlStatementVAT: null,
  ExcludeFromTaxReportControlStatementVAT: 'tNO',
  POS_CashRegister: null,
  UpdateTime: '11:15:49',
  CreateQRCodeFrom: null,
  PriceMode: null,
  ShipFrom: null,
  CommissionTrade: 'ct_Empty',
  CommissionTradeReturn: 'tNO',
  UseBillToAddrToDetermineTax: 'tNO',
  Cig: null,
  Cup: null,
  FatherCard: null,
  FatherType: 'cPayments_sum',
  ShipState: null,
  ShipPlace: null,
  CustOffice: null,
  FCI: null,
  AddLegIn: null,
  LegTextF: null,
  DANFELgTxt: null,
  IndFinal: 'tNO',
  DataVersion: 1,
  LastPageFolioNumber: null,
  U_ST_Activity: null,
  U_ST_Driver: null,
  U_ST_ShipNo: null,
  U_ST_ShipStatus: 'U',
  U_ST_QStatus: 'P',
  U_ST_isSigned: null,
  U_ST_ReturnType: null,
  U_ST_CreationTime: null,
  U_Location: null,
  U_Department: null,
  U_Approval: 'N',
  U_MKT_time: null,
  U_Arch: null,
  U_suspend: 'N',
  Document_ApprovalRequests: [],
  DocumentLines: [
    {
      LineNum: 0,
      ItemCode: 'PHI00319',
      ItemDescription: 'PHILIPS HVLED Strip Light HLS268 8W per Meter 120D CRI 80 3000K 25,000hrs IP65',
      Quantity: 150,
      ShipDate: '2026-09-28',
      Price: 3750,
      PriceAfterVAT: 3750,
      Currency: 'IQD',
      Rate: 1450,
      DiscountPercent: 0,
      VendorNum: null,
      SerialNum: null,
      WarehouseCode: 'MNS001',
      SalesPersonCode: 74,
      CommisionPercent: 0,
      TreeType: 'iNotATree',
      AccountCode: '411010001',
      UseBaseUnits: 'tNO',
      SupplierCatNum: null,
      CostingCode: null,
      ProjectCode: null,
      BarCode: '',
      VatGroup: 'X0',
      Height1: 0,
      Hight1Unit: null,
      Height2: 0,
      Height2Unit: null,
      Lengh1: 0,
      Lengh1Unit: null,
      Lengh2: 0,
      Lengh2Unit: null,
      Weight1: 0,
      Weight1Unit: null,
      Weight2: 0,
      Weight2Unit: null,
      Factor1: 1,
      Factor2: 1,
      Factor3: 1,
      Factor4: 1,
      BaseType: -1,
      BaseEntry: null,
      BaseLine: null,
      Volume: 0.00705,
      VolumeUnit: 4,
      Width1: 0,
      Width1Unit: null,
      Width2: 0,
      Width2Unit: null,
      Address: '',
      TaxCode: null,
      TaxType: 'tt_Yes',
      TaxLiable: 'tYES',
      PickStatus: 'tNO',
      PickQuantity: 0,
      PickListIdNumber: null,
      OriginalItem: null,
      BackOrder: 'tYES',
      FreeText: '',
      ShippingMethod: 2,
      POTargetNum: null,
      POTargetEntry: null,
      POTargetRowNum: null,
      CorrectionInvoiceItem: 'ciis_ShouldBe',
      CorrInvAmountToStock: 0,
      CorrInvAmountToDiffAcct: 0,
      AppliedTax: 0,
      AppliedTaxFC: 0,
      AppliedTaxSC: 0,
      WTLiable: 'tNO',
      DeferredTax: 'tNO',
      EqualizationTaxPercent: 0,
      TotalEqualizationTax: 0,
      TotalEqualizationTaxFC: 0,
      TotalEqualizationTaxSC: 0,
      NetTaxAmount: 0,
      NetTaxAmountFC: 0,
      NetTaxAmountSC: 0,
      MeasureUnit: 'Meter',
      UnitsOfMeasurment: 1,
      LineTotal: 387.93,
      TaxPercentagePerRow: 0,
      TaxTotal: 0,
      ConsumerSalesForecast: 'tYES',
      ExciseAmount: 0,
      TaxPerUnit: 0,
      TotalInclTax: 0,
      CountryOrg: 'CN',
      SWW: null,
      TransactionType: null,
      DistributeExpense: 'tYES',
      RowTotalFC: 562500,
      RowTotalSC: 562500,
      LastBuyInmPrice: 0,
      LastBuyDistributeSumFc: 0,
      LastBuyDistributeSumSc: 0,
      LastBuyDistributeSum: 0,
      StockDistributesumForeign: 0,
      StockDistributesumSystem: 0,
      StockDistributesum: 0,
      StockInmPrice: 0,
      PickStatusEx: 'dlps_NotPicked',
      TaxBeforeDPM: 0,
      TaxBeforeDPMFC: 0,
      TaxBeforeDPMSC: 0,
      CFOPCode: null,
      CSTCode: null,
      Usage: null,
      TaxOnly: 'tNO',
      VisualOrder: 0,
      BaseOpenQuantity: 0,
      UnitPrice: 3750,
      LineStatus: 'bost_Open',
      PackageQuantity: 150,
      Text: '',
      LineType: 'dlt_Regular',
      COGSCostingCode: null,
      COGSAccountCode: '511010001',
      ChangeAssemlyBoMWarehouse: 'N',
      GrossBuyPrice: 1.04,
      GrossBase: -5,
      GrossProfitTotalBasePrice: 155.44,
      CostingCode2: null,
      CostingCode3: null,
      CostingCode4: null,
      CostingCode5: null,
      ItemDetails: null,
      LocationCode: null,
      ActualDeliveryDate: null,
      RemainingOpenQuantity: 150,
      OpenAmount: 387.93,
      OpenAmountFC: 562500,
      OpenAmountSC: 562500,
      ExLineNo: null,
      RequiredDate: null,
      RequiredQuantity: 0,
      COGSCostingCode2: null,
      COGSCostingCode3: null,
      COGSCostingCode4: null,
      COGSCostingCode5: null,
      CSTforIPI: null,
      CSTforPIS: null,
      CSTforCOFINS: null,
      CreditOriginCode: null,
      WithoutInventoryMovement: 'tNO',
      AgreementNo: null,
      AgreementRowNumber: null,
      ActualBaseEntry: null,
      ActualBaseLine: null,
      DocEntry: 282023,
      Surpluses: 0,
      DefectAndBreakup: 0,
      Shortages: 0,
      ConsiderQuantity: 'tNO',
      PartialRetirement: 'tNO',
      RetirementQuantity: 0,
      RetirementAPC: 0,
      ThirdParty: 'tNO',
      PoNum: null,
      PoItmNum: null,
      ExpenseType: null,
      ReceiptNumber: null,
      ExpenseOperationType: null,
      FederalTaxID: null,
      GrossProfit: 232.49,
      GrossProfitFC: 337112,
      GrossProfitSC: 337112,
      PriceSource: 'dpsManual',
      StgSeqNum: null,
      StgEntry: null,
      StgDesc: null,
      UoMEntry: 2,
      UoMCode: 'Meter',
      InventoryQuantity: 150,
      RemainingOpenInventoryQuantity: 150,
      ParentLineNum: null,
      Incoterms: 0,
      TransportMode: 0,
      NatureOfTransaction: null,
      DestinationCountryForImport: null,
      DestinationRegionForImport: null,
      OriginCountryForExport: null,
      OriginRegionForExport: null,
      ItemType: 'dit_Item',
      ChangeInventoryQuantityIndependently: 'tNO',
      FreeOfChargeBP: 'tNO',
      SACEntry: null,
      HSNEntry: null,
      GrossPrice: 3750,
      GrossTotal: 387.93,
      GrossTotalFC: 562500,
      GrossTotalSC: 562500,
      NCMCode: -1,
      NVECode: null,
      IndEscala: 'tNO',
      CtrSealQty: 0,
      CNJPMan: null,
      CESTCode: null,
      UFFiscalBenefitCode: null,
      ReverseCharge: 'tNO',
      ShipToCode: null,
      ShipToDescription: '',
      OwnerCode: null,
      ExternalCalcTaxRate: 0,
      ExternalCalcTaxAmount: 0,
      ExternalCalcTaxAmountFC: 0,
      ExternalCalcTaxAmountSC: 0,
      StandardItemIdentification: null,
      CommodityClassification: null,
      UnencumberedReason: null,
      CUSplit: 'tNO',
      U_ST_DelDate: null,
      U_ST_ShipStatus: 'U',
      U_ST_SalePrice: 0,
      U_ST_Text: null,
      U_ST_TerritL: null,
      U_ST_WhsName: null,
      U_ST_WhsNameTo: null,
      U_Vol: 0,
      U_UOM: null,
      U_U_PARTNO: null,
      LineTaxJurisdictions: [],
      DocumentLineAdditionalExpenses: [],
      WithholdingTaxLines: [],
      SerialNumbers: [],
      BatchNumbers: [],
      DocumentLinesBinAllocations: []
    },
    {
      LineNum: 1,
      ItemCode: 'OPP01188',
      ItemDescription: 'OPPLE LED Spot RA-E HQ2 R55-9W-24°-4000K Adjustable Glossy Mirror Reflector WH-GP IP20',
      Quantity: 100,
      ShipDate: '2026-09-28',
      Price: 15750,
      PriceAfterVAT: 15750,
      Currency: 'IQD',
      Rate: 1450,
      DiscountPercent: 0,
      VendorNum: null,
      SerialNum: null,
      WarehouseCode: 'MNS001',
      SalesPersonCode: 74,
      CommisionPercent: 0,
      TreeType: 'iNotATree',
      AccountCode: '411010001',
      UseBaseUnits: 'tNO',
      SupplierCatNum: null,
      CostingCode: null,
      ProjectCode: null,
      BarCode: '',
      VatGroup: 'X0',
      Height1: 0,
      Hight1Unit: null,
      Height2: 0,
      Height2Unit: null,
      Lengh1: 0,
      Lengh1Unit: null,
      Lengh2: 0,
      Lengh2Unit: null,
      Weight1: 0,
      Weight1Unit: null,
      Weight2: 0,
      Weight2Unit: null,
      Factor1: 1,
      Factor2: 1,
      Factor3: 1,
      Factor4: 1,
      BaseType: -1,
      BaseEntry: null,
      BaseLine: null,
      Volume: 0.1394,
      VolumeUnit: 4,
      Width1: 0,
      Width1Unit: null,
      Width2: 0,
      Width2Unit: null,
      Address: '',
      TaxCode: null,
      TaxType: 'tt_Yes',
      TaxLiable: 'tYES',
      PickStatus: 'tNO',
      PickQuantity: 0,
      PickListIdNumber: null,
      OriginalItem: null,
      BackOrder: 'tYES',
      FreeText: '',
      ShippingMethod: 2,
      POTargetNum: null,
      POTargetEntry: null,
      POTargetRowNum: null,
      CorrectionInvoiceItem: 'ciis_ShouldBe',
      CorrInvAmountToStock: 0,
      CorrInvAmountToDiffAcct: 0,
      AppliedTax: 0,
      AppliedTaxFC: 0,
      AppliedTaxSC: 0,
      WTLiable: 'tNO',
      DeferredTax: 'tNO',
      EqualizationTaxPercent: 0,
      TotalEqualizationTax: 0,
      TotalEqualizationTaxFC: 0,
      TotalEqualizationTaxSC: 0,
      NetTaxAmount: 0,
      NetTaxAmountFC: 0,
      NetTaxAmountSC: 0,
      MeasureUnit: 'PCS',
      UnitsOfMeasurment: 1,
      LineTotal: 1086.21,
      TaxPercentagePerRow: 0,
      TaxTotal: 0,
      ConsumerSalesForecast: 'tYES',
      ExciseAmount: 0,
      TaxPerUnit: 0,
      TotalInclTax: 0,
      CountryOrg: 'CN',
      SWW: null,
      TransactionType: null,
      DistributeExpense: 'tYES',
      RowTotalFC: 1575000,
      RowTotalSC: 1575000,
      LastBuyInmPrice: 0,
      LastBuyDistributeSumFc: 0,
      LastBuyDistributeSumSc: 0,
      LastBuyDistributeSum: 0,
      StockDistributesumForeign: 0,
      StockDistributesumSystem: 0,
      StockDistributesum: 0,
      StockInmPrice: 0,
      PickStatusEx: 'dlps_NotPicked',
      TaxBeforeDPM: 0,
      TaxBeforeDPMFC: 0,
      TaxBeforeDPMSC: 0,
      CFOPCode: null,
      CSTCode: null,
      Usage: null,
      TaxOnly: 'tNO',
      VisualOrder: 1,
      BaseOpenQuantity: 0,
      UnitPrice: 15750,
      LineStatus: 'bost_Open',
      PackageQuantity: 100,
      Text: '',
      LineType: 'dlt_Regular',
      COGSCostingCode: null,
      COGSAccountCode: '511010001',
      ChangeAssemlyBoMWarehouse: 'N',
      GrossBuyPrice: 2.97,
      GrossBase: -5,
      GrossProfitTotalBasePrice: 296.6,
      CostingCode2: null,
      CostingCode3: null,
      CostingCode4: null,
      CostingCode5: null,
      ItemDetails: null,
      LocationCode: null,
      ActualDeliveryDate: null,
      RemainingOpenQuantity: 100,
      OpenAmount: 1086.21,
      OpenAmountFC: 1575000,
      OpenAmountSC: 1575000,
      ExLineNo: null,
      RequiredDate: null,
      RequiredQuantity: 0,
      COGSCostingCode2: null,
      COGSCostingCode3: null,
      COGSCostingCode4: null,
      COGSCostingCode5: null,
      CSTforIPI: null,
      CSTforPIS: null,
      CSTforCOFINS: null,
      CreditOriginCode: null,
      WithoutInventoryMovement: 'tNO',
      AgreementNo: null,
      AgreementRowNumber: null,
      ActualBaseEntry: null,
      ActualBaseLine: null,
      DocEntry: 282023,
      Surpluses: 0,
      DefectAndBreakup: 0,
      Shortages: 0,
      ConsiderQuantity: 'tNO',
      PartialRetirement: 'tNO',
      RetirementQuantity: 0,
      RetirementAPC: 0,
      ThirdParty: 'tNO',
      PoNum: null,
      PoItmNum: null,
      ExpenseType: null,
      ReceiptNumber: null,
      ExpenseOperationType: null,
      FederalTaxID: null,
      GrossProfit: 789.61,
      GrossProfitFC: 1144930,
      GrossProfitSC: 1144930,
      PriceSource: 'dpsManual',
      StgSeqNum: null,
      StgEntry: null,
      StgDesc: null,
      UoMEntry: 1,
      UoMCode: 'PCS',
      InventoryQuantity: 100,
      RemainingOpenInventoryQuantity: 100,
      ParentLineNum: null,
      Incoterms: 0,
      TransportMode: 0,
      NatureOfTransaction: null,
      DestinationCountryForImport: null,
      DestinationRegionForImport: null,
      OriginCountryForExport: null,
      OriginRegionForExport: null,
      ItemType: 'dit_Item',
      ChangeInventoryQuantityIndependently: 'tNO',
      FreeOfChargeBP: 'tNO',
      SACEntry: null,
      HSNEntry: null,
      GrossPrice: 15750,
      GrossTotal: 1086.21,
      GrossTotalFC: 1575000,
      GrossTotalSC: 1575000,
      NCMCode: -1,
      NVECode: null,
      IndEscala: 'tNO',
      CtrSealQty: 0,
      CNJPMan: null,
      CESTCode: null,
      UFFiscalBenefitCode: null,
      ReverseCharge: 'tNO',
      ShipToCode: null,
      ShipToDescription: '',
      OwnerCode: null,
      ExternalCalcTaxRate: 0,
      ExternalCalcTaxAmount: 0,
      ExternalCalcTaxAmountFC: 0,
      ExternalCalcTaxAmountSC: 0,
      StandardItemIdentification: null,
      CommodityClassification: null,
      UnencumberedReason: null,
      CUSplit: 'tNO',
      U_ST_DelDate: null,
      U_ST_ShipStatus: 'U',
      U_ST_SalePrice: 0,
      U_ST_Text: null,
      U_ST_TerritL: null,
      U_ST_WhsName: null,
      U_ST_WhsNameTo: null,
      U_Vol: 0,
      U_UOM: null,
      U_U_PARTNO: null,
      LineTaxJurisdictions: [],
      DocumentLineAdditionalExpenses: [],
      WithholdingTaxLines: [],
      SerialNumbers: [],
      BatchNumbers: [],
      DocumentLinesBinAllocations: []
    }
  ],
  ElectronicProtocols: [],
  DocumentAdditionalExpenses: [],
  WithholdingTaxDataWTXCollection: [],
  WithholdingTaxDataCollection: [],
  DocumentSpecialLines: [],
  TaxExtension: {
    TaxId0: null,
    TaxId1: null,
    TaxId2: null,
    TaxId3: null,
    TaxId4: null,
    TaxId5: null,
    TaxId6: null,
    TaxId7: null,
    TaxId8: null,
    TaxId9: null,
    State: null,
    County: null,
    Incoterms: null,
    Vehicle: null,
    VehicleState: null,
    NFRef: null,
    Carrier: null,
    PackQuantity: null,
    PackDescription: null,
    Brand: null,
    ShipUnitNo: null,
    NetWeight: 0,
    GrossWeight: 0,
    StreetS: null,
    BlockS: null,
    BuildingS: null,
    CityS: null,
    ZipCodeS: null,
    CountyS: null,
    StateS: null,
    CountryS: null,
    StreetB: null,
    BlockB: null,
    BuildingB: null,
    CityB: null,
    ZipCodeB: null,
    CountyB: null,
    StateB: null,
    CountryB: null,
    ImportOrExport: null,
    MainUsage: null,
    GlobalLocationNumberS: null,
    GlobalLocationNumberB: null,
    TaxId12: null,
    TaxId13: null,
    BillOfEntryNo: null,
    BillOfEntryDate: null,
    OriginalBillOfEntryNo: null,
    OriginalBillOfEntryDate: null,
    ImportOrExportType: 'et_IpmortsOrExports',
    PortCode: null,
    DocEntry: 282023,
    BoEValue: 0,
    ClaimRefund: null,
    DifferentialOfTaxRate: null,
    IsIGSTAccount: null
  },
  AddressExtension: {
    ShipToStreet: null,
    ShipToStreetNo: null,
    ShipToBlock: null,
    ShipToBuilding: null,
    ShipToCity: null,
    ShipToZipCode: null,
    ShipToCounty: null,
    ShipToState: null,
    ShipToCountry: null,
    ShipToAddressType: null,
    BillToStreet: null,
    BillToStreetNo: null,
    BillToBlock: null,
    BillToBuilding: null,
    BillToCity: null,
    BillToZipCode: null,
    BillToCounty: null,
    BillToState: null,
    BillToCountry: null,
    BillToAddressType: null,
    ShipToGlobalLocationNumber: null,
    BillToGlobalLocationNumber: null,
    ShipToAddress2: null,
    ShipToAddress3: null,
    BillToAddress2: null,
    BillToAddress3: null,
    PlaceOfSupply: null,
    PurchasePlaceOfSupply: null,
    DocEntry: 282023,
    GoodsIssuePlaceBP: null,
    GoodsIssuePlaceCNPJ: null,
    GoodsIssuePlaceCPF: null,
    GoodsIssuePlaceStreet: null,
    GoodsIssuePlaceStreetNo: null,
    GoodsIssuePlaceBuilding: null,
    GoodsIssuePlaceZip: null,
    GoodsIssuePlaceBlock: null,
    GoodsIssuePlaceCity: null,
    GoodsIssuePlaceCounty: null,
    GoodsIssuePlaceState: null,
    GoodsIssuePlaceCountry: null,
    GoodsIssuePlacePhone: null,
    GoodsIssuePlaceEMail: null,
    GoodsIssuePlaceDepartureDate: null,
    DeliveryPlaceBP: null,
    DeliveryPlaceCNPJ: null,
    DeliveryPlaceCPF: null,
    DeliveryPlaceStreet: null,
    DeliveryPlaceStreetNo: null,
    DeliveryPlaceBuilding: null,
    DeliveryPlaceZip: null,
    DeliveryPlaceBlock: null,
    DeliveryPlaceCity: null,
    DeliveryPlaceCounty: null,
    DeliveryPlaceState: null,
    DeliveryPlaceCountry: null,
    DeliveryPlacePhone: null,
    DeliveryPlaceEMail: null,
    DeliveryPlaceDepartureDate: null
  },
  DocumentReferences: []
}
📡 Fetching Territories from SAP HANA...
✅ تم جلب 280 منطقة بنجاح
🔐 محاولة تسجيل الدخول في SAP بواسطة: KaOutSale
✅ تسجيل دخول ناجح إلى SAP بواسطة KaOutSale
🧾 Final payload to SAP: {
  "RepID": "259       ",
  "CardCode": "CUS00001704",
  "DocDueDate": "2026-09-28",
  "DocCurrency": "USD",
  "DocumentLines": [
    {
      "ItemCode": "HEMG01526",
      "Quantity": 4,
      "UnitPrice": 587,
      "WarehouseCode": "EWJ001",
      "DiscountPercent": 0,
      "FreeText": ""
    },
    {
      "ItemCode": "HEMG01525",
      "Quantity": 4,
      "UnitPrice": 863,
      "WarehouseCode": "EWJ001",
      "DiscountPercent": 0,
      "FreeText": ""
    },
    {
      "ItemCode": "HEMG01524",
      "Quantity": 4,
      "UnitPrice": 552,
      "WarehouseCode": "EWJ001",
      "DiscountPercent": 0,
      "FreeText": ""
    }
  ],
  "U_CreatedBy": "mohammed.fouad",
  "SalesPersonCode": 259
}
🧾 أمر البيع أنشئ بنجاح من قبل KaOutSale: {
  'odata.metadata': 'https://hanab1:50000/b1s/v1/$metadata#Orders/@Element',
  'odata.etag': 'W/"356A192B7913B04C54574D18C28D46E6395428AB"',
  DocEntry: 282027,
  DocNum: 2611392,
  DocType: 'dDocument_Items',
  HandWritten: 'tNO',
  Printed: 'psNo',
  DocDate: '2026-09-28',
  DocDueDate: '2026-09-28',
  CardCode: 'CUS00001704',
  CardName: 'شركة عيون البحرين - رعد المرهون',
  Address: null,
  NumAtCard: null,
  DocTotal: 8008,
  AttachmentEntry: null,
  DocCurrency: 'USD',
  DocRate: 1,
  Reference1: '2611392',
  Reference2: null,
  Comments: '',
  JournalMemo: 'Sales Orders - CUS00001704',
  PaymentGroupCode: 1,
  DocTime: '11:48:00',
  SalesPersonCode: 259,
  TransportationCode: -1,
  Confirmed: 'tYES',
  ImportFileNum: null,
  SummeryType: 'dNoSummary',
  ContactPersonCode: null,
  ShowSCN: 'tNO',
  Series: 264,
  TaxDate: '2026-09-28',
  PartialSupply: 'tYES',
  DocObjectCode: 'oOrders',
  ShipToCode: null,
  Indicator: null,
  FederalTaxID: null,
  DiscountPercent: 0,
  PaymentReference: null,
  CreationDate: '2026-09-28',
  UpdateDate: '2026-09-28',
  FinancialPeriod: 62,
  UserSign: 90,
  TransNum: null,
  VatSum: 0,
  VatSumSys: 0,
  VatSumFc: 0,
  NetProcedure: 'tNO',
  DocTotalFc: 0,
  DocTotalSys: 11611600,
  Form1099: null,
  Box1099: null,
  RevisionPo: 'tNO',
  RequriedDate: '2026-09-28',
  CancelDate: '2026-10-28',
  BlockDunning: 'tNO',
  Submitted: 'tNO',
  Segment: 0,
  PickStatus: 'tNO',
  Pick: 'tNO',
  PaymentMethod: null,
  PaymentBlock: 'tNO',
  PaymentBlockEntry: null,
  CentralBankIndicator: null,
  MaximumCashDiscount: 'tNO',
  Reserve: 'tNO',
  Project: null,
  ExemptionValidityDateFrom: null,
  ExemptionValidityDateTo: null,
  WareHouseUpdateType: 'dwh_CustomerOrders',
  Rounding: 'tNO',
  ExternalCorrectedDocNum: null,
  InternalCorrectedDocNum: null,
  NextCorrectingDocument: null,
  DeferredTax: 'tNO',
  TaxExemptionLetterNum: null,
  WTApplied: 0,
  WTAppliedFC: 0,
  BillOfExchangeReserved: 'tNO',
  AgentCode: null,
  WTAppliedSC: 0,
  TotalEqualizationTax: 0,
  TotalEqualizationTaxFC: 0,
  TotalEqualizationTaxSC: 0,
  NumberOfInstallments: 1,
  ApplyTaxOnFirstInstallment: 'tNO',
  WTNonSubjectAmount: 0,
  WTNonSubjectAmountSC: 0,
  WTNonSubjectAmountFC: 0,
  WTExemptedAmount: 0,
  WTExemptedAmountSC: 0,
  WTExemptedAmountFC: 0,
  BaseAmount: 0,
  BaseAmountSC: 0,
  BaseAmountFC: 0,
  WTAmount: 0,
  WTAmountSC: 0,
  WTAmountFC: 0,
  VatDate: null,
  DocumentsOwner: null,
  FolioPrefixString: null,
  FolioNumber: null,
  DocumentSubType: 'bod_None',
  BPChannelCode: null,
  BPChannelContact: null,
  Address2: '',
  DocumentStatus: 'bost_Open',
  PeriodIndicator: 'Default',
  PayToCode: null,
  ManualNumber: null,
  UseShpdGoodsAct: 'tNO',
  IsPayToBank: 'tNO',
  PayToBankCountry: null,
  PayToBankCode: null,
  PayToBankAccountNo: null,
  PayToBankBranch: null,
  BPL_IDAssignedToInvoice: null,
  DownPayment: 0,
  ReserveInvoice: 'tNO',
  LanguageCode: 8,
  TrackingNumber: null,
  PickRemark: null,
  ClosingDate: null,
  SequenceCode: null,
  SequenceSerial: null,
  SeriesString: null,
  SubSeriesString: null,
  SequenceModel: '0',
  UseCorrectionVATGroup: 'tNO',
  TotalDiscount: 0,
  DownPaymentAmount: 0,
  DownPaymentPercentage: 0,
  DownPaymentType: 'dptInvoice',
  DownPaymentAmountSC: 0,
  DownPaymentAmountFC: 0,
  VatPercent: 0,
  ServiceGrossProfitPercent: 0,
  OpeningRemarks: null,
  ClosingRemarks: null,
  RoundingDiffAmount: 0,
  RoundingDiffAmountFC: 0,
  RoundingDiffAmountSC: 0,
  Cancelled: 'tNO',
  SignatureInputMessage: null,
  SignatureDigest: null,
  CertificationNumber: null,
  PrivateKeyVersion: null,
  ControlAccount: '112020001',
  InsuranceOperation347: 'tNO',
  ArchiveNonremovableSalesQuotation: 'tNO',
  GTSChecker: null,
  GTSPayee: null,
  ExtraMonth: 0,
  ExtraDays: 30,
  CashDiscountDateOffset: 0,
  StartFrom: 'pdt_None',
  NTSApproved: 'tNO',
  ETaxWebSite: null,
  ETaxNumber: null,
  NTSApprovedNumber: null,
  EDocGenerationType: 'edocNotRelevant',
  EDocSeries: null,
  EDocNum: null,
  EDocExportFormat: null,
  EDocStatus: 'edoc_Ok',
  EDocErrorCode: null,
  EDocErrorMessage: null,
  DownPaymentStatus: 'so_Open',
  GroupSeries: null,
  GroupNumber: null,
  GroupHandWritten: 'tNO',
  ReopenOriginalDocument: null,
  ReopenManuallyClosedOrCanceledDocument: null,
  CreateOnlineQuotation: 'tNO',
  POSEquipmentNumber: null,
  POSManufacturerSerialNumber: null,
  POSCashierNumber: null,
  ApplyCurrentVATRatesForDownPaymentsToDraw: 'tNO',
  ClosingOption: 'coByCurrentSystemDate',
  SpecifiedClosingDate: null,
  OpenForLandedCosts: 'tYES',
  AuthorizationStatus: 'dasWithout',
  TotalDiscountFC: 0,
  TotalDiscountSC: 0,
  RelevantToGTS: 'tNO',
  BPLName: null,
  VATRegNum: null,
  AnnualInvoiceDeclarationReference: null,
  Supplier: null,
  Releaser: null,
  Receiver: null,
  BlanketAgreementNumber: null,
  IsAlteration: 'tNO',
  CancelStatus: 'csNo',
  AssetValueDate: null,
  DocumentDelivery: 'ddtNoneSeleted',
  AuthorizationCode: null,
  StartDeliveryDate: null,
  StartDeliveryTime: null,
  EndDeliveryDate: null,
  EndDeliveryTime: null,
  VehiclePlate: null,
  ATDocumentType: null,
  ElecCommStatus: null,
  ElecCommMessage: null,
  ReuseDocumentNum: 'tNO',
  ReuseNotaFiscalNum: 'tNO',
  PrintSEPADirect: 'tNO',
  FiscalDocNum: null,
  POSDailySummaryNo: null,
  POSReceiptNo: null,
  PointOfIssueCode: null,
  Letter: null,
  FolioNumberFrom: null,
  FolioNumberTo: null,
  InterimType: 'boidt_None',
  RelatedType: -1,
  RelatedEntry: null,
  SAPPassport: null,
  DocumentTaxID: null,
  DateOfReportingControlStatementVAT: null,
  ReportingSectionControlStatementVAT: null,
  ExcludeFromTaxReportControlStatementVAT: 'tNO',
  POS_CashRegister: null,
  UpdateTime: '11:48:11',
  CreateQRCodeFrom: null,
  PriceMode: null,
  ShipFrom: null,
  CommissionTrade: 'ct_Empty',
  CommissionTradeReturn: 'tNO',
  UseBillToAddrToDetermineTax: 'tNO',
  Cig: null,
  Cup: null,
  FatherCard: null,
  FatherType: 'cPayments_sum',
  ShipState: null,
  ShipPlace: null,
  CustOffice: null,
  FCI: null,
  AddLegIn: null,
  LegTextF: null,
  DANFELgTxt: null,
  IndFinal: 'tNO',
  DataVersion: 1,
  LastPageFolioNumber: null,
  U_ST_Activity: null,
  U_ST_Driver: null,
  U_ST_ShipNo: null,
  U_ST_ShipStatus: 'U',
  U_ST_QStatus: 'P',
  U_ST_isSigned: null,
  U_ST_ReturnType: null,
  U_ST_CreationTime: null,
  U_Location: null,
  U_Department: null,
  U_Approval: 'N',
  U_MKT_time: null,
  U_Arch: null,
  U_suspend: 'N',
  Document_ApprovalRequests: [],
  DocumentLines: [
    {
      LineNum: 0,
      ItemCode: 'HEMG01526',
      ItemDescription: 'HEMRA GLOW DINING LAMP LED 110WL1250*W240*H700 mm 3000KDimmingChampagne gold Carbon steel  + GlassElectroplate',
      Quantity: 4,
      ShipDate: '2026-09-28',
      Price: 587,
      PriceAfterVAT: 587,
      Currency: 'USD',
      Rate: 0,
      DiscountPercent: 0,
      VendorNum: null,
      SerialNum: null,
      WarehouseCode: 'EWJ001',
      SalesPersonCode: 259,
      CommisionPercent: 0,
      TreeType: 'iNotATree',
      AccountCode: '411010001',
      UseBaseUnits: 'tNO',
      SupplierCatNum: null,
      CostingCode: null,
      ProjectCode: null,
      BarCode: '',
      VatGroup: 'X0',
      Height1: 0,
      Hight1Unit: null,
      Height2: 0,
      Height2Unit: null,
      Lengh1: 0,
      Lengh1Unit: null,
      Lengh2: 0,
      Lengh2Unit: null,
      Weight1: 0,
      Weight1Unit: null,
      Weight2: 0,
      Weight2Unit: null,
      Factor1: 1,
      Factor2: 1,
      Factor3: 1,
      Factor4: 1,
      BaseType: -1,
      BaseEntry: null,
      BaseLine: null,
      Volume: 0.04,
      VolumeUnit: 4,
      Width1: 0,
      Width1Unit: null,
      Width2: 0,
      Width2Unit: null,
      Address: '',
      TaxCode: null,
      TaxType: 'tt_Yes',
      TaxLiable: 'tYES',
      PickStatus: 'tNO',
      PickQuantity: 0,
      PickListIdNumber: null,
      OriginalItem: null,
      BackOrder: 'tYES',
      FreeText: '',
      ShippingMethod: 2,
      POTargetNum: null,
      POTargetEntry: null,
      POTargetRowNum: null,
      CorrectionInvoiceItem: 'ciis_ShouldBe',
      CorrInvAmountToStock: 0,
      CorrInvAmountToDiffAcct: 0,
      AppliedTax: 0,
      AppliedTaxFC: 0,
      AppliedTaxSC: 0,
      WTLiable: 'tNO',
      DeferredTax: 'tNO',
      EqualizationTaxPercent: 0,
      TotalEqualizationTax: 0,
      TotalEqualizationTaxFC: 0,
      TotalEqualizationTaxSC: 0,
      NetTaxAmount: 0,
      NetTaxAmountFC: 0,
      NetTaxAmountSC: 0,
      MeasureUnit: 'PCS',
      UnitsOfMeasurment: 1,
      LineTotal: 2348,
      TaxPercentagePerRow: 0,
      TaxTotal: 0,
      ConsumerSalesForecast: 'tYES',
      ExciseAmount: 0,
      TaxPerUnit: 0,
      TotalInclTax: 0,
      CountryOrg: null,
      SWW: null,
      TransactionType: null,
      DistributeExpense: 'tYES',
      RowTotalFC: 0,
      RowTotalSC: 3404600,
      LastBuyInmPrice: 0,
      LastBuyDistributeSumFc: 0,
      LastBuyDistributeSumSc: 0,
      LastBuyDistributeSum: 0,
      StockDistributesumForeign: 0,
      StockDistributesumSystem: 0,
      StockDistributesum: 0,
      StockInmPrice: 0,
      PickStatusEx: 'dlps_NotPicked',
      TaxBeforeDPM: 0,
      TaxBeforeDPMFC: 0,
      TaxBeforeDPMSC: 0,
      CFOPCode: null,
      CSTCode: null,
      Usage: null,
      TaxOnly: 'tNO',
      VisualOrder: 0,
      BaseOpenQuantity: 0,
      UnitPrice: 587,
      LineStatus: 'bost_Open',
      PackageQuantity: 4,
      Text: '',
      LineType: 'dlt_Regular',
      COGSCostingCode: null,
      COGSAccountCode: '511010001',
      ChangeAssemlyBoMWarehouse: 'N',
      GrossBuyPrice: 278.52,
      GrossBase: -5,
      GrossProfitTotalBasePrice: 1114.07,
      CostingCode2: null,
      CostingCode3: null,
      CostingCode4: null,
      CostingCode5: null,
      ItemDetails: null,
      LocationCode: null,
      ActualDeliveryDate: null,
      RemainingOpenQuantity: 4,
      OpenAmount: 2348,
      OpenAmountFC: 0,
      OpenAmountSC: 3404600,
      ExLineNo: null,
      RequiredDate: null,
      RequiredQuantity: 0,
      COGSCostingCode2: null,
      COGSCostingCode3: null,
      COGSCostingCode4: null,
      COGSCostingCode5: null,
      CSTforIPI: null,
      CSTforPIS: null,
      CSTforCOFINS: null,
      CreditOriginCode: null,
      WithoutInventoryMovement: 'tNO',
      AgreementNo: null,
      AgreementRowNumber: null,
      ActualBaseEntry: null,
      ActualBaseLine: null,
      DocEntry: 282027,
      Surpluses: 0,
      DefectAndBreakup: 0,
      Shortages: 0,
      ConsiderQuantity: 'tNO',
      PartialRetirement: 'tNO',
      RetirementQuantity: 0,
      RetirementAPC: 0,
      ThirdParty: 'tNO',
      PoNum: null,
      PoItmNum: null,
      ExpenseType: null,
      ReceiptNumber: null,
      ExpenseOperationType: null,
      FederalTaxID: null,
      GrossProfit: 1233.93,
      GrossProfitFC: 0,
      GrossProfitSC: 1789198.5,
      PriceSource: 'dpsManual',
      StgSeqNum: null,
      StgEntry: null,
      StgDesc: null,
      UoMEntry: 1,
      UoMCode: 'PCS',
      InventoryQuantity: 4,
      RemainingOpenInventoryQuantity: 4,
      ParentLineNum: null,
      Incoterms: 0,
      TransportMode: 0,
      NatureOfTransaction: null,
      DestinationCountryForImport: null,
      DestinationRegionForImport: null,
      OriginCountryForExport: null,
      OriginRegionForExport: null,
      ItemType: 'dit_Item',
      ChangeInventoryQuantityIndependently: 'tNO',
      FreeOfChargeBP: 'tNO',
      SACEntry: null,
      HSNEntry: null,
      GrossPrice: 587,
      GrossTotal: 2348,
      GrossTotalFC: 0,
      GrossTotalSC: 3404600,
      NCMCode: -1,
      NVECode: null,
      IndEscala: 'tNO',
      CtrSealQty: 0,
      CNJPMan: null,
      CESTCode: null,
      UFFiscalBenefitCode: null,
      ReverseCharge: 'tNO',
      ShipToCode: null,
      ShipToDescription: '',
      OwnerCode: null,
      ExternalCalcTaxRate: 0,
      ExternalCalcTaxAmount: 0,
      ExternalCalcTaxAmountFC: 0,
      ExternalCalcTaxAmountSC: 0,
      StandardItemIdentification: null,
      CommodityClassification: null,
      UnencumberedReason: null,
      CUSplit: 'tNO',
      U_ST_DelDate: null,
      U_ST_ShipStatus: 'U',
      U_ST_SalePrice: 0,
      U_ST_Text: null,
      U_ST_TerritL: null,
      U_ST_WhsName: null,
      U_ST_WhsNameTo: null,
      U_Vol: 0,
      U_UOM: null,
      U_U_PARTNO: null,
      LineTaxJurisdictions: [],
      DocumentLineAdditionalExpenses: [],
      WithholdingTaxLines: [],
      SerialNumbers: [],
      BatchNumbers: [],
      DocumentLinesBinAllocations: []
    },
    {
      LineNum: 1,
      ItemCode: 'HEMG01525',
      ItemDescription: 'HEMRA GLOW CHANDELIER LED 178WD800+D600*H800 mm 3000KDimmingChampagne gold Carbon steel  + GlassElectroplate',
      Quantity: 4,
      ShipDate: '2026-09-28',
      Price: 863,
      PriceAfterVAT: 863,
      Currency: 'USD',
      Rate: 0,
      DiscountPercent: 0,
      VendorNum: null,
      SerialNum: null,
      WarehouseCode: 'EWJ001',
      SalesPersonCode: 259,
      CommisionPercent: 0,
      TreeType: 'iNotATree',
      AccountCode: '411010001',
      UseBaseUnits: 'tNO',
      SupplierCatNum: null,
      CostingCode: null,
      ProjectCode: null,
      BarCode: '',
      VatGroup: 'X0',
      Height1: 0,
      Hight1Unit: null,
      Height2: 0,
      Height2Unit: null,
      Lengh1: 0,
      Lengh1Unit: null,
      Lengh2: 0,
      Lengh2Unit: null,
      Weight1: 0,
      Weight1Unit: null,
      Weight2: 0,
      Weight2Unit: null,
      Factor1: 1,
      Factor2: 1,
      Factor3: 1,
      Factor4: 1,
      BaseType: -1,
      BaseEntry: null,
      BaseLine: null,
      Volume: 0.04,
      VolumeUnit: 4,
      Width1: 0,
      Width1Unit: null,
      Width2: 0,
      Width2Unit: null,
      Address: '',
      TaxCode: null,
      TaxType: 'tt_Yes',
      TaxLiable: 'tYES',
      PickStatus: 'tNO',
      PickQuantity: 0,
      PickListIdNumber: null,
      OriginalItem: null,
      BackOrder: 'tYES',
      FreeText: '',
      ShippingMethod: 2,
      POTargetNum: null,
      POTargetEntry: null,
      POTargetRowNum: null,
      CorrectionInvoiceItem: 'ciis_ShouldBe',
      CorrInvAmountToStock: 0,
      CorrInvAmountToDiffAcct: 0,
      AppliedTax: 0,
      AppliedTaxFC: 0,
      AppliedTaxSC: 0,
      WTLiable: 'tNO',
      DeferredTax: 'tNO',
      EqualizationTaxPercent: 0,
      TotalEqualizationTax: 0,
      TotalEqualizationTaxFC: 0,
      TotalEqualizationTaxSC: 0,
      NetTaxAmount: 0,
      NetTaxAmountFC: 0,
      NetTaxAmountSC: 0,
      MeasureUnit: 'PCS',
      UnitsOfMeasurment: 1,
      LineTotal: 3452,
      TaxPercentagePerRow: 0,
      TaxTotal: 0,
      ConsumerSalesForecast: 'tYES',
      ExciseAmount: 0,
      TaxPerUnit: 0,
      TotalInclTax: 0,
      CountryOrg: null,
      SWW: null,
      TransactionType: null,
      DistributeExpense: 'tYES',
      RowTotalFC: 0,
      RowTotalSC: 5005400,
      LastBuyInmPrice: 0,
      LastBuyDistributeSumFc: 0,
      LastBuyDistributeSumSc: 0,
      LastBuyDistributeSum: 0,
      StockDistributesumForeign: 0,
      StockDistributesumSystem: 0,
      StockDistributesum: 0,
      StockInmPrice: 0,
      PickStatusEx: 'dlps_NotPicked',
      TaxBeforeDPM: 0,
      TaxBeforeDPMFC: 0,
      TaxBeforeDPMSC: 0,
      CFOPCode: null,
      CSTCode: null,
      Usage: null,
      TaxOnly: 'tNO',
      VisualOrder: 1,
      BaseOpenQuantity: 0,
      UnitPrice: 863,
      LineStatus: 'bost_Open',
      PackageQuantity: 4,
      Text: '',
      LineType: 'dlt_Regular',
      COGSCostingCode: null,
      COGSAccountCode: '511010001',
      ChangeAssemlyBoMWarehouse: 'N',
      GrossBuyPrice: 410.25,
      GrossBase: -5,
      GrossProfitTotalBasePrice: 1641.01,
      CostingCode2: null,
      CostingCode3: null,
      CostingCode4: null,
      CostingCode5: null,
      ItemDetails: null,
      LocationCode: null,
      ActualDeliveryDate: null,
      RemainingOpenQuantity: 4,
      OpenAmount: 3452,
      OpenAmountFC: 0,
      OpenAmountSC: 5005400,
      ExLineNo: null,
      RequiredDate: null,
      RequiredQuantity: 0,
      COGSCostingCode2: null,
      COGSCostingCode3: null,
      COGSCostingCode4: null,
      COGSCostingCode5: null,
      CSTforIPI: null,
      CSTforPIS: null,
      CSTforCOFINS: null,
      CreditOriginCode: null,
      WithoutInventoryMovement: 'tNO',
      AgreementNo: null,
      AgreementRowNumber: null,
      ActualBaseEntry: null,
      ActualBaseLine: null,
      DocEntry: 282027,
      Surpluses: 0,
      DefectAndBreakup: 0,
      Shortages: 0,
      ConsiderQuantity: 'tNO',
      PartialRetirement: 'tNO',
      RetirementQuantity: 0,
      RetirementAPC: 0,
      ThirdParty: 'tNO',
      PoNum: null,
      PoItmNum: null,
      ExpenseType: null,
      ReceiptNumber: null,
      ExpenseOperationType: null,
      FederalTaxID: null,
      GrossProfit: 1810.99,
      GrossProfitFC: 0,
      GrossProfitSC: 2625935.5,
      PriceSource: 'dpsManual',
      StgSeqNum: null,
      StgEntry: null,
      StgDesc: null,
      UoMEntry: 1,
      UoMCode: 'PCS',
      InventoryQuantity: 4,
      RemainingOpenInventoryQuantity: 4,
      ParentLineNum: null,
      Incoterms: 0,
      TransportMode: 0,
      NatureOfTransaction: null,
      DestinationCountryForImport: null,
      DestinationRegionForImport: null,
      OriginCountryForExport: null,
      OriginRegionForExport: null,
      ItemType: 'dit_Item',
      ChangeInventoryQuantityIndependently: 'tNO',
      FreeOfChargeBP: 'tNO',
      SACEntry: null,
      HSNEntry: null,
      GrossPrice: 863,
      GrossTotal: 3452,
      GrossTotalFC: 0,
      GrossTotalSC: 5005400,
      NCMCode: -1,
      NVECode: null,
      IndEscala: 'tNO',
      CtrSealQty: 0,
      CNJPMan: null,
      CESTCode: null,
      UFFiscalBenefitCode: null,
      ReverseCharge: 'tNO',
      ShipToCode: null,
      ShipToDescription: '',
      OwnerCode: null,
      ExternalCalcTaxRate: 0,
      ExternalCalcTaxAmount: 0,
      ExternalCalcTaxAmountFC: 0,
      ExternalCalcTaxAmountSC: 0,
      StandardItemIdentification: null,
      CommodityClassification: null,
      UnencumberedReason: null,
      CUSplit: 'tNO',
      U_ST_DelDate: null,
      U_ST_ShipStatus: 'U',
      U_ST_SalePrice: 0,
      U_ST_Text: null,
      U_ST_TerritL: null,
      U_ST_WhsName: null,
      U_ST_WhsNameTo: null,
      U_Vol: 0,
      U_UOM: null,
      U_U_PARTNO: null,
      LineTaxJurisdictions: [],
      DocumentLineAdditionalExpenses: [],
      WithholdingTaxLines: [],
      SerialNumbers: [],
      BatchNumbers: [],
      DocumentLinesBinAllocations: []
    },
    {
      LineNum: 2,
      ItemCode: 'HEMG01524',
      ItemDescription: 'HEMRA GLOW CHANDELIER LED 120W D800*H600mm 3000KDimmingChampagne gold Carbon steel  + GlassElectroplate',
      Quantity: 4,
      ShipDate: '2026-09-28',
      Price: 552,
      PriceAfterVAT: 552,
      Currency: 'USD',
      Rate: 0,
      DiscountPercent: 0,
      VendorNum: null,
      SerialNum: null,
      WarehouseCode: 'EWJ001',
      SalesPersonCode: 259,
      CommisionPercent: 0,
      TreeType: 'iNotATree',
      AccountCode: '411010001',
      UseBaseUnits: 'tNO',
      SupplierCatNum: null,
      CostingCode: null,
      ProjectCode: null,
      BarCode: '',
      VatGroup: 'X0',
      Height1: 0,
      Hight1Unit: null,
      Height2: 0,
      Height2Unit: null,
      Lengh1: 0,
      Lengh1Unit: null,
      Lengh2: 0,
      Lengh2Unit: null,
      Weight1: 0,
      Weight1Unit: null,
      Weight2: 0,
      Weight2Unit: null,
      Factor1: 1,
      Factor2: 1,
      Factor3: 1,
      Factor4: 1,
      BaseType: -1,
      BaseEntry: null,
      BaseLine: null,
      Volume: 0.04,
      VolumeUnit: 4,
      Width1: 0,
      Width1Unit: null,
      Width2: 0,
      Width2Unit: null,
      Address: '',
      TaxCode: null,
      TaxType: 'tt_Yes',
      TaxLiable: 'tYES',
      PickStatus: 'tNO',
      PickQuantity: 0,
      PickListIdNumber: null,
      OriginalItem: null,
      BackOrder: 'tYES',
      FreeText: '',
      ShippingMethod: 2,
      POTargetNum: null,
      POTargetEntry: null,
      POTargetRowNum: null,
      CorrectionInvoiceItem: 'ciis_ShouldBe',
      CorrInvAmountToStock: 0,
      CorrInvAmountToDiffAcct: 0,
      AppliedTax: 0,
      AppliedTaxFC: 0,
      AppliedTaxSC: 0,
      WTLiable: 'tNO',
      DeferredTax: 'tNO',
      EqualizationTaxPercent: 0,
      TotalEqualizationTax: 0,
      TotalEqualizationTaxFC: 0,
      TotalEqualizationTaxSC: 0,
      NetTaxAmount: 0,
      NetTaxAmountFC: 0,
      NetTaxAmountSC: 0,
      MeasureUnit: 'PCS',
      UnitsOfMeasurment: 1,
      LineTotal: 2208,
      TaxPercentagePerRow: 0,
      TaxTotal: 0,
      ConsumerSalesForecast: 'tYES',
      ExciseAmount: 0,
      TaxPerUnit: 0,
      TotalInclTax: 0,
      CountryOrg: null,
      SWW: null,
      TransactionType: null,
      DistributeExpense: 'tYES',
      RowTotalFC: 0,
      RowTotalSC: 3201600,
      LastBuyInmPrice: 0,
      LastBuyDistributeSumFc: 0,
      LastBuyDistributeSumSc: 0,
      LastBuyDistributeSum: 0,
      StockDistributesumForeign: 0,
      StockDistributesumSystem: 0,
      StockDistributesum: 0,
      StockInmPrice: 0,
      PickStatusEx: 'dlps_NotPicked',
      TaxBeforeDPM: 0,
      TaxBeforeDPMFC: 0,
      TaxBeforeDPMSC: 0,
      CFOPCode: null,
      CSTCode: null,
      Usage: null,
      TaxOnly: 'tNO',
      VisualOrder: 2,
      BaseOpenQuantity: 0,
      UnitPrice: 552,
      LineStatus: 'bost_Open',
      PackageQuantity: 4,
      Text: '',
      LineType: 'dlt_Regular',
      COGSCostingCode: null,
      COGSAccountCode: '511010001',
      ChangeAssemlyBoMWarehouse: 'N',
      GrossBuyPrice: 259.7,
      GrossBase: -5,
      GrossProfitTotalBasePrice: 1038.8,
      CostingCode2: null,
      CostingCode3: null,
      CostingCode4: null,
      CostingCode5: null,
      ItemDetails: null,
      LocationCode: null,
      ActualDeliveryDate: null,
      RemainingOpenQuantity: 4,
      OpenAmount: 2208,
      OpenAmountFC: 0,
      OpenAmountSC: 3201600,
      ExLineNo: null,
      RequiredDate: null,
      RequiredQuantity: 0,
      COGSCostingCode2: null,
      COGSCostingCode3: null,
      COGSCostingCode4: null,
      COGSCostingCode5: null,
      CSTforIPI: null,
      CSTforPIS: null,
      CSTforCOFINS: null,
      CreditOriginCode: null,
      WithoutInventoryMovement: 'tNO',
      AgreementNo: null,
      AgreementRowNumber: null,
      ActualBaseEntry: null,
      ActualBaseLine: null,
      DocEntry: 282027,
      Surpluses: 0,
      DefectAndBreakup: 0,
      Shortages: 0,
      ConsiderQuantity: 'tNO',
      PartialRetirement: 'tNO',
      RetirementQuantity: 0,
      RetirementAPC: 0,
      ThirdParty: 'tNO',
      PoNum: null,
      PoItmNum: null,
      ExpenseType: null,
      ReceiptNumber: null,
      ExpenseOperationType: null,
      FederalTaxID: null,
      GrossProfit: 1169.2,
      GrossProfitFC: 0,
      GrossProfitSC: 1695340,
      PriceSource: 'dpsManual',
      StgSeqNum: null,
      StgEntry: null,
      StgDesc: null,
      UoMEntry: 1,
      UoMCode: 'PCS',
      InventoryQuantity: 4,
      RemainingOpenInventoryQuantity: 4,
      ParentLineNum: null,
      Incoterms: 0,
      TransportMode: 0,
      NatureOfTransaction: null,
      DestinationCountryForImport: null,
      DestinationRegionForImport: null,
      OriginCountryForExport: null,
      OriginRegionForExport: null,
      ItemType: 'dit_Item',
      ChangeInventoryQuantityIndependently: 'tNO',
      FreeOfChargeBP: 'tNO',
      SACEntry: null,
      HSNEntry: null,
      GrossPrice: 552,
      GrossTotal: 2208,
      GrossTotalFC: 0,
      GrossTotalSC: 3201600,
      NCMCode: -1,
      NVECode: null,
      IndEscala: 'tNO',
      CtrSealQty: 0,
      CNJPMan: null,
      CESTCode: null,
      UFFiscalBenefitCode: null,
      ReverseCharge: 'tNO',
      ShipToCode: null,
      ShipToDescription: '',
      OwnerCode: null,
      ExternalCalcTaxRate: 0,
      ExternalCalcTaxAmount: 0,
      ExternalCalcTaxAmountFC: 0,
      ExternalCalcTaxAmountSC: 0,
      StandardItemIdentification: null,
      CommodityClassification: null,
      UnencumberedReason: null,
      CUSplit: 'tNO',
      U_ST_DelDate: null,
      U_ST_ShipStatus: 'U',
      U_ST_SalePrice: 0,
      U_ST_Text: null,
      U_ST_TerritL: null,
      U_ST_WhsName: null,
      U_ST_WhsNameTo: null,
      U_Vol: 0,
      U_UOM: null,
      U_U_PARTNO: null,
      LineTaxJurisdictions: [],
      DocumentLineAdditionalExpenses: [],
      WithholdingTaxLines: [],
      SerialNumbers: [],
      BatchNumbers: [],
      DocumentLinesBinAllocations: []
    }
  ],
  ElectronicProtocols: [],
  DocumentAdditionalExpenses: [],
  WithholdingTaxDataWTXCollection: [],
  WithholdingTaxDataCollection: [],
  DocumentSpecialLines: [],
  TaxExtension: {
    TaxId0: null,
    TaxId1: null,
    TaxId2: null,
    TaxId3: null,
    TaxId4: null,
    TaxId5: null,
    TaxId6: null,
    TaxId7: null,
    TaxId8: null,
    TaxId9: null,
    State: null,
    County: null,
    Incoterms: null,
    Vehicle: null,
    VehicleState: null,
    NFRef: null,
    Carrier: null,
    PackQuantity: null,
    PackDescription: null,
    Brand: null,
    ShipUnitNo: null,
    NetWeight: 0,
    GrossWeight: 0,
    StreetS: null,
    BlockS: null,
    BuildingS: null,
    CityS: null,
    ZipCodeS: null,
    CountyS: null,
    StateS: null,
    CountryS: null,
    StreetB: null,
    BlockB: null,
    BuildingB: null,
    CityB: null,
    ZipCodeB: null,
    CountyB: null,
    StateB: null,
    CountryB: null,
    ImportOrExport: null,
    MainUsage: null,
    GlobalLocationNumberS: null,
    GlobalLocationNumberB: null,
    TaxId12: null,
    TaxId13: null,
    BillOfEntryNo: null,
    BillOfEntryDate: null,
    OriginalBillOfEntryNo: null,
    OriginalBillOfEntryDate: null,
    ImportOrExportType: 'et_IpmortsOrExports',
    PortCode: null,
    DocEntry: 282027,
    BoEValue: 0,
    ClaimRefund: null,
    DifferentialOfTaxRate: null,
    IsIGSTAccount: null
  },
  AddressExtension: {
    ShipToStreet: null,
    ShipToStreetNo: null,
    ShipToBlock: null,
    ShipToBuilding: null,
    ShipToCity: null,
    ShipToZipCode: null,
    ShipToCounty: null,
    ShipToState: null,
    ShipToCountry: null,
    ShipToAddressType: null,
    BillToStreet: null,
    BillToStreetNo: null,
    BillToBlock: null,
    BillToBuilding: null,
    BillToCity: null,
    BillToZipCode: null,
    BillToCounty: null,
    BillToState: null,
    BillToCountry: null,
    BillToAddressType: null,
    ShipToGlobalLocationNumber: null,
    BillToGlobalLocationNumber: null,
    ShipToAddress2: null,
    ShipToAddress3: null,
    BillToAddress2: null,
    BillToAddress3: null,
    PlaceOfSupply: null,
    PurchasePlaceOfSupply: null,
    DocEntry: 282027,
    GoodsIssuePlaceBP: null,
    GoodsIssuePlaceCNPJ: null,
    GoodsIssuePlaceCPF: null,
    GoodsIssuePlaceStreet: null,
    GoodsIssuePlaceStreetNo: null,
    GoodsIssuePlaceBuilding: null,
    GoodsIssuePlaceZip: null,
    GoodsIssuePlaceBlock: null,
    GoodsIssuePlaceCity: null,
    GoodsIssuePlaceCounty: null,
    GoodsIssuePlaceState: null,
    GoodsIssuePlaceCountry: null,
    GoodsIssuePlacePhone: null,
    GoodsIssuePlaceEMail: null,
    GoodsIssuePlaceDepartureDate: null,
    DeliveryPlaceBP: null,
    DeliveryPlaceCNPJ: null,
    DeliveryPlaceCPF: null,
    DeliveryPlaceStreet: null,
    DeliveryPlaceStreetNo: null,
    DeliveryPlaceBuilding: null,
    DeliveryPlaceZip: null,
    DeliveryPlaceBlock: null,
    DeliveryPlaceCity: null,
    DeliveryPlaceCounty: null,
    DeliveryPlaceState: null,
    DeliveryPlaceCountry: null,
    DeliveryPlacePhone: null,
    DeliveryPlaceEMail: null,
    DeliveryPlaceDepartureDate: null
  },
  DocumentReferences: []
}
🔐 محاولة تسجيل الدخول في SAP بواسطة: KarRetSale4
✅ تسجيل دخول ناجح إلى SAP بواسطة KarRetSale4
🧾 Final payload to SAP: {
  "RepID": "265       ",
  "CardCode": "CUS00033140",
  "DocDueDate": "2026-09-28",
  "DocCurrency": "IQD",
  "DocumentLines": [
    {
      "ItemCode": "PHI00321",
      "Quantity": 3,
      "UnitPrice": 4000,
      "WarehouseCode": "MNS001",
      "DiscountPercent": 0,
      "FreeText": ""
    },
    {
      "ItemCode": "PHI00319",
      "Quantity": 100,
      "UnitPrice": 3750,
      "WarehouseCode": "KRA001",
      "DiscountPercent": 0,
      "FreeText": ""
    }
  ],
  "U_CreatedBy": "basheer.abbas",
  "SalesPersonCode": 265
}
🧾 أمر البيع أنشئ بنجاح من قبل KarRetSale4: {
  'odata.metadata': 'https://hanab1:50000/b1s/v1/$metadata#Orders/@Element',
  'odata.etag': 'W/"356A192B7913B04C54574D18C28D46E6395428AB"',
  DocEntry: 282028,
  DocNum: 2611393,
  DocType: 'dDocument_Items',
  HandWritten: 'tNO',
  Printed: 'psNo',
  DocDate: '2026-09-28',
  DocDueDate: '2026-09-28',
  CardCode: 'CUS00033140',
  CardName: 'عطاء عبد الرحيم',
  Address: null,
  NumAtCard: null,
  DocTotal: 266.9,
  AttachmentEntry: null,
  DocCurrency: 'IQD',
  DocRate: 1450,
  Reference1: '2611393',
  Reference2: null,
  Comments: '',
  JournalMemo: 'Sales Orders - CUS00033140',
  PaymentGroupCode: -1,
  DocTime: '11:48:00',
  SalesPersonCode: 265,
  TransportationCode: -1,
  Confirmed: 'tYES',
  ImportFileNum: null,
  SummeryType: 'dNoSummary',
  ContactPersonCode: null,
  ShowSCN: 'tNO',
  Series: 264,
  TaxDate: '2026-09-28',
  PartialSupply: 'tYES',
  DocObjectCode: 'oOrders',
  ShipToCode: null,
  Indicator: null,
  FederalTaxID: null,
  DiscountPercent: 0,
  PaymentReference: null,
  CreationDate: '2026-09-28',
  UpdateDate: '2026-09-28',
  FinancialPeriod: 62,
  UserSign: 134,
  TransNum: null,
  VatSum: 0,
  VatSumSys: 0,
  VatSumFc: 0,
  NetProcedure: 'tNO',
  DocTotalFc: 387000,
  DocTotalSys: 387000,
  Form1099: null,
  Box1099: null,
  RevisionPo: 'tNO',
  RequriedDate: '2026-09-28',
  CancelDate: '2026-10-28',
  BlockDunning: 'tNO',
  Submitted: 'tNO',
  Segment: 0,
  PickStatus: 'tNO',
  Pick: 'tNO',
  PaymentMethod: null,
  PaymentBlock: 'tNO',
  PaymentBlockEntry: null,
  CentralBankIndicator: null,
  MaximumCashDiscount: 'tNO',
  Reserve: 'tNO',
  Project: null,
  ExemptionValidityDateFrom: null,
  ExemptionValidityDateTo: null,
  WareHouseUpdateType: 'dwh_CustomerOrders',
  Rounding: 'tNO',
  ExternalCorrectedDocNum: null,
  InternalCorrectedDocNum: null,
  NextCorrectingDocument: null,
  DeferredTax: 'tNO',
  TaxExemptionLetterNum: null,
  WTApplied: 0,
  WTAppliedFC: 0,
  BillOfExchangeReserved: 'tNO',
  AgentCode: null,
  WTAppliedSC: 0,
  TotalEqualizationTax: 0,
  TotalEqualizationTaxFC: 0,
  TotalEqualizationTaxSC: 0,
  NumberOfInstallments: 1,
  ApplyTaxOnFirstInstallment: 'tNO',
  WTNonSubjectAmount: 0,
  WTNonSubjectAmountSC: 0,
  WTNonSubjectAmountFC: 0,
  WTExemptedAmount: 0,
  WTExemptedAmountSC: 0,
  WTExemptedAmountFC: 0,
  BaseAmount: 0,
  BaseAmountSC: 0,
  BaseAmountFC: 0,
  WTAmount: 0,
  WTAmountSC: 0,
  WTAmountFC: 0,
  VatDate: null,
  DocumentsOwner: null,
  FolioPrefixString: null,
  FolioNumber: null,
  DocumentSubType: 'bod_None',
  BPChannelCode: null,
  BPChannelContact: null,
  Address2: '',
  DocumentStatus: 'bost_Open',
  PeriodIndicator: 'Default',
  PayToCode: null,
  ManualNumber: null,
  UseShpdGoodsAct: 'tNO',
  IsPayToBank: 'tNO',
  PayToBankCountry: null,
  PayToBankCode: null,
  PayToBankAccountNo: null,
  PayToBankBranch: null,
  BPL_IDAssignedToInvoice: null,
  DownPayment: 0,
  ReserveInvoice: 'tNO',
  LanguageCode: 8,
  TrackingNumber: null,
  PickRemark: null,
  ClosingDate: null,
  SequenceCode: null,
  SequenceSerial: null,
  SeriesString: null,
  SubSeriesString: null,
  SequenceModel: '0',
  UseCorrectionVATGroup: 'tNO',
  TotalDiscount: 0,
  DownPaymentAmount: 0,
  DownPaymentPercentage: 0,
  DownPaymentType: 'dptInvoice',
  DownPaymentAmountSC: 0,
  DownPaymentAmountFC: 0,
  VatPercent: 0,
  ServiceGrossProfitPercent: 0,
  OpeningRemarks: null,
  ClosingRemarks: null,
  RoundingDiffAmount: 0,
  RoundingDiffAmountFC: 0,
  RoundingDiffAmountSC: 0,
  Cancelled: 'tNO',
  SignatureInputMessage: null,
  SignatureDigest: null,
  CertificationNumber: null,
  PrivateKeyVersion: null,
  ControlAccount: '112020001',
  InsuranceOperation347: 'tNO',
  ArchiveNonremovableSalesQuotation: 'tNO',
  GTSChecker: null,
  GTSPayee: null,
  ExtraMonth: 0,
  ExtraDays: 0,
  CashDiscountDateOffset: 0,
  StartFrom: 'pdt_None',
  NTSApproved: 'tNO',
  ETaxWebSite: null,
  ETaxNumber: null,
  NTSApprovedNumber: null,
  EDocGenerationType: 'edocNotRelevant',
  EDocSeries: null,
  EDocNum: null,
  EDocExportFormat: null,
  EDocStatus: 'edoc_Ok',
  EDocErrorCode: null,
  EDocErrorMessage: null,
  DownPaymentStatus: 'so_Open',
  GroupSeries: null,
  GroupNumber: null,
  GroupHandWritten: 'tNO',
  ReopenOriginalDocument: null,
  ReopenManuallyClosedOrCanceledDocument: null,
  CreateOnlineQuotation: 'tNO',
  POSEquipmentNumber: null,
  POSManufacturerSerialNumber: null,
  POSCashierNumber: null,
  ApplyCurrentVATRatesForDownPaymentsToDraw: 'tNO',
  ClosingOption: 'coByCurrentSystemDate',
  SpecifiedClosingDate: null,
  OpenForLandedCosts: 'tYES',
  AuthorizationStatus: 'dasWithout',
  TotalDiscountFC: 0,
  TotalDiscountSC: 0,
  RelevantToGTS: 'tNO',
  BPLName: null,
  VATRegNum: null,
  AnnualInvoiceDeclarationReference: null,
  Supplier: null,
  Releaser: null,
  Receiver: null,
  BlanketAgreementNumber: null,
  IsAlteration: 'tNO',
  CancelStatus: 'csNo',
  AssetValueDate: null,
  DocumentDelivery: 'ddtNoneSeleted',
  AuthorizationCode: null,
  StartDeliveryDate: null,
  StartDeliveryTime: null,
  EndDeliveryDate: null,
  EndDeliveryTime: null,
  VehiclePlate: null,
  ATDocumentType: null,
  ElecCommStatus: null,
  ElecCommMessage: null,
  ReuseDocumentNum: 'tNO',
  ReuseNotaFiscalNum: 'tNO',
  PrintSEPADirect: 'tNO',
  FiscalDocNum: null,
  POSDailySummaryNo: null,
  POSReceiptNo: null,
  PointOfIssueCode: null,
  Letter: null,
  FolioNumberFrom: null,
  FolioNumberTo: null,
  InterimType: 'boidt_None',
  RelatedType: -1,
  RelatedEntry: null,
  SAPPassport: null,
  DocumentTaxID: null,
  DateOfReportingControlStatementVAT: null,
  ReportingSectionControlStatementVAT: null,
  ExcludeFromTaxReportControlStatementVAT: 'tNO',
  POS_CashRegister: null,
  UpdateTime: '11:48:36',
  CreateQRCodeFrom: null,
  PriceMode: null,
  ShipFrom: null,
  CommissionTrade: 'ct_Empty',
  CommissionTradeReturn: 'tNO',
  UseBillToAddrToDetermineTax: 'tNO',
  Cig: null,
  Cup: null,
  FatherCard: null,
  FatherType: 'cPayments_sum',
  ShipState: null,
  ShipPlace: null,
  CustOffice: null,
  FCI: null,
  AddLegIn: null,
  LegTextF: null,
  DANFELgTxt: null,
  IndFinal: 'tNO',
  DataVersion: 1,
  LastPageFolioNumber: null,
  U_ST_Activity: null,
  U_ST_Driver: null,
  U_ST_ShipNo: null,
  U_ST_ShipStatus: 'U',
  U_ST_QStatus: 'P',
  U_ST_isSigned: null,
  U_ST_ReturnType: null,
  U_ST_CreationTime: null,
  U_Location: null,
  U_Department: null,
  U_Approval: 'N',
  U_MKT_time: null,
  U_Arch: null,
  U_suspend: 'N',
  Document_ApprovalRequests: [],
  DocumentLines: [
    {
      LineNum: 0,
      ItemCode: 'PHI00321',
      ItemDescription: 'PHILIPS POWER ADAPTER FOR THE STRIP LIGHT',
      Quantity: 3,
      ShipDate: '2026-09-28',
      Price: 4000,
      PriceAfterVAT: 4000,
      Currency: 'IQD',
      Rate: 1450,
      DiscountPercent: 0,
      VendorNum: null,
      SerialNum: null,
      WarehouseCode: 'MNS001',
      SalesPersonCode: 265,
      CommisionPercent: 0,
      TreeType: 'iNotATree',
      AccountCode: '411010001',
      UseBaseUnits: 'tNO',
      SupplierCatNum: null,
      CostingCode: null,
      ProjectCode: null,
      BarCode: '',
      VatGroup: 'X0',
      Height1: 0,
      Hight1Unit: null,
      Height2: 0,
      Height2Unit: null,
      Lengh1: 0,
      Lengh1Unit: null,
      Lengh2: 0,
      Lengh2Unit: null,
      Weight1: 0,
      Weight1Unit: null,
      Weight2: 0,
      Weight2Unit: null,
      Factor1: 1,
      Factor2: 1,
      Factor3: 1,
      Factor4: 1,
      BaseType: -1,
      BaseEntry: null,
      BaseLine: null,
      Volume: 0.003,
      VolumeUnit: 4,
      Width1: 0,
      Width1Unit: null,
      Width2: 0,
      Width2Unit: null,
      Address: '',
      TaxCode: null,
      TaxType: 'tt_Yes',
      TaxLiable: 'tYES',
      PickStatus: 'tNO',
      PickQuantity: 0,
      PickListIdNumber: null,
      OriginalItem: null,
      BackOrder: 'tYES',
      FreeText: '',
      ShippingMethod: 2,
      POTargetNum: null,
      POTargetEntry: null,
      POTargetRowNum: null,
      CorrectionInvoiceItem: 'ciis_ShouldBe',
      CorrInvAmountToStock: 0,
      CorrInvAmountToDiffAcct: 0,
      AppliedTax: 0,
      AppliedTaxFC: 0,
      AppliedTaxSC: 0,
      WTLiable: 'tNO',
      DeferredTax: 'tNO',
      EqualizationTaxPercent: 0,
      TotalEqualizationTax: 0,
      TotalEqualizationTaxFC: 0,
      TotalEqualizationTaxSC: 0,
      NetTaxAmount: 0,
      NetTaxAmountFC: 0,
      NetTaxAmountSC: 0,
      MeasureUnit: 'PCS',
      UnitsOfMeasurment: 1,
      LineTotal: 8.28,
      TaxPercentagePerRow: 0,
      TaxTotal: 0,
      ConsumerSalesForecast: 'tYES',
      ExciseAmount: 0,
      TaxPerUnit: 0,
      TotalInclTax: 0,
      CountryOrg: null,
      SWW: null,
      TransactionType: null,
      DistributeExpense: 'tYES',
      RowTotalFC: 12000,
      RowTotalSC: 12000,
      LastBuyInmPrice: 0,
      LastBuyDistributeSumFc: 0,
      LastBuyDistributeSumSc: 0,
      LastBuyDistributeSum: 0,
      StockDistributesumForeign: 0,
      StockDistributesumSystem: 0,
      StockDistributesum: 0,
      StockInmPrice: 0,
      PickStatusEx: 'dlps_NotPicked',
      TaxBeforeDPM: 0,
      TaxBeforeDPMFC: 0,
      TaxBeforeDPMSC: 0,
      CFOPCode: null,
      CSTCode: null,
      Usage: null,
      TaxOnly: 'tNO',
      VisualOrder: 0,
      BaseOpenQuantity: 0,
      UnitPrice: 4000,
      LineStatus: 'bost_Open',
      PackageQuantity: 3,
      Text: '',
      LineType: 'dlt_Regular',
      COGSCostingCode: null,
      COGSAccountCode: '511010001',
      ChangeAssemlyBoMWarehouse: 'N',
      GrossBuyPrice: 1.48,
      GrossBase: -5,
      GrossProfitTotalBasePrice: 4.43,
      CostingCode2: null,
      CostingCode3: null,
      CostingCode4: null,
      CostingCode5: null,
      ItemDetails: null,
      LocationCode: null,
      ActualDeliveryDate: null,
      RemainingOpenQuantity: 3,
      OpenAmount: 8.28,
      OpenAmountFC: 12000,
      OpenAmountSC: 12000,
      ExLineNo: null,
      RequiredDate: null,
      RequiredQuantity: 0,
      COGSCostingCode2: null,
      COGSCostingCode3: null,
      COGSCostingCode4: null,
      COGSCostingCode5: null,
      CSTforIPI: null,
      CSTforPIS: null,
      CSTforCOFINS: null,
      CreditOriginCode: null,
      WithoutInventoryMovement: 'tNO',
      AgreementNo: null,
      AgreementRowNumber: null,
      ActualBaseEntry: null,
      ActualBaseLine: null,
      DocEntry: 282028,
      Surpluses: 0,
      DefectAndBreakup: 0,
      Shortages: 0,
      ConsiderQuantity: 'tNO',
      PartialRetirement: 'tNO',
      RetirementQuantity: 0,
      RetirementAPC: 0,
      ThirdParty: 'tNO',
      PoNum: null,
      PoItmNum: null,
      ExpenseType: null,
      ReceiptNumber: null,
      ExpenseOperationType: null,
      FederalTaxID: null,
      GrossProfit: 3.85,
      GrossProfitFC: 5576.5,
      GrossProfitSC: 5576.5,
      PriceSource: 'dpsManual',
      StgSeqNum: null,
      StgEntry: null,
      StgDesc: null,
      UoMEntry: 1,
      UoMCode: 'PCS',
      InventoryQuantity: 3,
      RemainingOpenInventoryQuantity: 3,
      ParentLineNum: null,
      Incoterms: 0,
      TransportMode: 0,
      NatureOfTransaction: null,
      DestinationCountryForImport: null,
      DestinationRegionForImport: null,
      OriginCountryForExport: null,
      OriginRegionForExport: null,
      ItemType: 'dit_Item',
      ChangeInventoryQuantityIndependently: 'tNO',
      FreeOfChargeBP: 'tNO',
      SACEntry: null,
      HSNEntry: null,
      GrossPrice: 4000,
      GrossTotal: 8.28,
      GrossTotalFC: 12000,
      GrossTotalSC: 12000,
      NCMCode: -1,
      NVECode: null,
      IndEscala: 'tNO',
      CtrSealQty: 0,
      CNJPMan: null,
      CESTCode: null,
      UFFiscalBenefitCode: null,
      ReverseCharge: 'tNO',
      ShipToCode: null,
      ShipToDescription: '',
      OwnerCode: null,
      ExternalCalcTaxRate: 0,
      ExternalCalcTaxAmount: 0,
      ExternalCalcTaxAmountFC: 0,
      ExternalCalcTaxAmountSC: 0,
      StandardItemIdentification: null,
      CommodityClassification: null,
      UnencumberedReason: null,
      CUSplit: 'tNO',
      U_ST_DelDate: null,
      U_ST_ShipStatus: 'U',
      U_ST_SalePrice: 0,
      U_ST_Text: null,
      U_ST_TerritL: null,
      U_ST_WhsName: null,
      U_ST_WhsNameTo: null,
      U_Vol: 0,
      U_UOM: null,
      U_U_PARTNO: null,
      LineTaxJurisdictions: [],
      DocumentLineAdditionalExpenses: [],
      WithholdingTaxLines: [],
      SerialNumbers: [],
      BatchNumbers: [],
      DocumentLinesBinAllocations: []
    },
    {
      LineNum: 1,
      ItemCode: 'PHI00319',
      ItemDescription: 'PHILIPS HVLED Strip Light HLS268 8W per Meter 120D CRI 80 3000K 25,000hrs IP65',
      Quantity: 100,
      ShipDate: '2026-09-28',
      Price: 3750,
      PriceAfterVAT: 3750,
      Currency: 'IQD',
      Rate: 1450,
      DiscountPercent: 0,
      VendorNum: null,
      SerialNum: null,
      WarehouseCode: 'KRA001',
      SalesPersonCode: 265,
      CommisionPercent: 0,
      TreeType: 'iNotATree',
      AccountCode: '411010001',
      UseBaseUnits: 'tNO',
      SupplierCatNum: null,
      CostingCode: null,
      ProjectCode: null,
      BarCode: '',
      VatGroup: 'X0',
      Height1: 0,
      Hight1Unit: null,
      Height2: 0,
      Height2Unit: null,
      Lengh1: 0,
      Lengh1Unit: null,
      Lengh2: 0,
      Lengh2Unit: null,
      Weight1: 0,
      Weight1Unit: null,
      Weight2: 0,
      Weight2Unit: null,
      Factor1: 1,
      Factor2: 1,
      Factor3: 1,
      Factor4: 1,
      BaseType: -1,
      BaseEntry: null,
      BaseLine: null,
      Volume: 0.0047,
      VolumeUnit: 4,
      Width1: 0,
      Width1Unit: null,
      Width2: 0,
      Width2Unit: null,
      Address: '',
      TaxCode: null,
      TaxType: 'tt_Yes',
      TaxLiable: 'tYES',
      PickStatus: 'tNO',
      PickQuantity: 0,
      PickListIdNumber: null,
      OriginalItem: null,
      BackOrder: 'tYES',
      FreeText: '',
      ShippingMethod: 2,
      POTargetNum: null,
      POTargetEntry: null,
      POTargetRowNum: null,
      CorrectionInvoiceItem: 'ciis_ShouldBe',
      CorrInvAmountToStock: 0,
      CorrInvAmountToDiffAcct: 0,
      AppliedTax: 0,
      AppliedTaxFC: 0,
      AppliedTaxSC: 0,
      WTLiable: 'tNO',
      DeferredTax: 'tNO',
      EqualizationTaxPercent: 0,
      TotalEqualizationTax: 0,
      TotalEqualizationTaxFC: 0,
      TotalEqualizationTaxSC: 0,
      NetTaxAmount: 0,
      NetTaxAmountFC: 0,
      NetTaxAmountSC: 0,
      MeasureUnit: 'Meter',
      UnitsOfMeasurment: 1,
      LineTotal: 258.62,
      TaxPercentagePerRow: 0,
      TaxTotal: 0,
      ConsumerSalesForecast: 'tYES',
      ExciseAmount: 0,
      TaxPerUnit: 0,
      TotalInclTax: 0,
      CountryOrg: 'CN',
      SWW: null,
      TransactionType: null,
      DistributeExpense: 'tYES',
      RowTotalFC: 375000,
      RowTotalSC: 375000,
      LastBuyInmPrice: 0,
      LastBuyDistributeSumFc: 0,
      LastBuyDistributeSumSc: 0,
      LastBuyDistributeSum: 0,
      StockDistributesumForeign: 0,
      StockDistributesumSystem: 0,
      StockDistributesum: 0,
      StockInmPrice: 0,
      PickStatusEx: 'dlps_NotPicked',
      TaxBeforeDPM: 0,
      TaxBeforeDPMFC: 0,
      TaxBeforeDPMSC: 0,
      CFOPCode: null,
      CSTCode: null,
      Usage: null,
      TaxOnly: 'tNO',
      VisualOrder: 1,
      BaseOpenQuantity: 0,
      UnitPrice: 3750,
      LineStatus: 'bost_Open',
      PackageQuantity: 100,
      Text: '',
      LineType: 'dlt_Regular',
      COGSCostingCode: null,
      COGSAccountCode: '511010001',
      ChangeAssemlyBoMWarehouse: 'N',
      GrossBuyPrice: 1.04,
      GrossBase: -5,
      GrossProfitTotalBasePrice: 103.62,
      CostingCode2: null,
      CostingCode3: null,
      CostingCode4: null,
      CostingCode5: null,
      ItemDetails: null,
      LocationCode: null,
      ActualDeliveryDate: null,
      RemainingOpenQuantity: 100,
      OpenAmount: 258.62,
      OpenAmountFC: 375000,
      OpenAmountSC: 375000,
      ExLineNo: null,
      RequiredDate: null,
      RequiredQuantity: 0,
      COGSCostingCode2: null,
      COGSCostingCode3: null,
      COGSCostingCode4: null,
      COGSCostingCode5: null,
      CSTforIPI: null,
      CSTforPIS: null,
      CSTforCOFINS: null,
      CreditOriginCode: null,
      WithoutInventoryMovement: 'tNO',
      AgreementNo: null,
      AgreementRowNumber: null,
      ActualBaseEntry: null,
      ActualBaseLine: null,
      DocEntry: 282028,
      Surpluses: 0,
      DefectAndBreakup: 0,
      Shortages: 0,
      ConsiderQuantity: 'tNO',
      PartialRetirement: 'tNO',
      RetirementQuantity: 0,
      RetirementAPC: 0,
      ThirdParty: 'tNO',
      PoNum: null,
      PoItmNum: null,
      ExpenseType: null,
      ReceiptNumber: null,
      ExpenseOperationType: null,
      FederalTaxID: null,
      GrossProfit: 155,
      GrossProfitFC: 224751,
      GrossProfitSC: 224751,
      PriceSource: 'dpsManual',
      StgSeqNum: null,
      StgEntry: null,
      StgDesc: null,
      UoMEntry: 2,
      UoMCode: 'Meter',
      InventoryQuantity: 100,
      RemainingOpenInventoryQuantity: 100,
      ParentLineNum: null,
      Incoterms: 0,
      TransportMode: 0,
      NatureOfTransaction: null,
      DestinationCountryForImport: null,
      DestinationRegionForImport: null,
      OriginCountryForExport: null,
      OriginRegionForExport: null,
      ItemType: 'dit_Item',
      ChangeInventoryQuantityIndependently: 'tNO',
      FreeOfChargeBP: 'tNO',
      SACEntry: null,
      HSNEntry: null,
      GrossPrice: 3750,
      GrossTotal: 258.62,
      GrossTotalFC: 375000,
      GrossTotalSC: 375000,
      NCMCode: -1,
      NVECode: null,
      IndEscala: 'tNO',
      CtrSealQty: 0,
      CNJPMan: null,
      CESTCode: null,
      UFFiscalBenefitCode: null,
      ReverseCharge: 'tNO',
      ShipToCode: null,
      ShipToDescription: '',
      OwnerCode: null,
      ExternalCalcTaxRate: 0,
      ExternalCalcTaxAmount: 0,
      ExternalCalcTaxAmountFC: 0,
      ExternalCalcTaxAmountSC: 0,
      StandardItemIdentification: null,
      CommodityClassification: null,
      UnencumberedReason: null,
      CUSplit: 'tNO',
      U_ST_DelDate: null,
      U_ST_ShipStatus: 'U',
      U_ST_SalePrice: 0,
      U_ST_Text: null,
      U_ST_TerritL: null,
      U_ST_WhsName: null,
      U_ST_WhsNameTo: null,
      U_Vol: 0,
      U_UOM: null,
      U_U_PARTNO: null,
      LineTaxJurisdictions: [],
      DocumentLineAdditionalExpenses: [],
      WithholdingTaxLines: [],
      SerialNumbers: [],
      BatchNumbers: [],
      DocumentLinesBinAllocations: []
    }
  ],
  ElectronicProtocols: [],
  DocumentAdditionalExpenses: [],
  WithholdingTaxDataWTXCollection: [],
  WithholdingTaxDataCollection: [],
  DocumentSpecialLines: [],
  TaxExtension: {
    TaxId0: null,
    TaxId1: null,
    TaxId2: null,
    TaxId3: null,
    TaxId4: null,
    TaxId5: null,
    TaxId6: null,
    TaxId7: null,
    TaxId8: null,
    TaxId9: null,
    State: null,
    County: null,
    Incoterms: null,
    Vehicle: null,
    VehicleState: null,
    NFRef: null,
    Carrier: null,
    PackQuantity: null,
    PackDescription: null,
    Brand: null,
    ShipUnitNo: null,
    NetWeight: 0,
    GrossWeight: 0,
    StreetS: null,
    BlockS: null,
    BuildingS: null,
    CityS: null,
    ZipCodeS: null,
    CountyS: null,
    StateS: null,
    CountryS: null,
    StreetB: null,
    BlockB: null,
    BuildingB: null,
    CityB: null,
    ZipCodeB: null,
    CountyB: null,
    StateB: null,
    CountryB: null,
    ImportOrExport: null,
    MainUsage: null,
    GlobalLocationNumberS: null,
    GlobalLocationNumberB: null,
    TaxId12: null,
    TaxId13: null,
    BillOfEntryNo: null,
    BillOfEntryDate: null,
    OriginalBillOfEntryNo: null,
    OriginalBillOfEntryDate: null,
    ImportOrExportType: 'et_IpmortsOrExports',
    PortCode: null,
    DocEntry: 282028,
    BoEValue: 0,
    ClaimRefund: null,
    DifferentialOfTaxRate: null,
    IsIGSTAccount: null
  },
  AddressExtension: {
    ShipToStreet: null,
    ShipToStreetNo: null,
    ShipToBlock: null,
    ShipToBuilding: null,
    ShipToCity: null,
    ShipToZipCode: null,
    ShipToCounty: null,
    ShipToState: null,
    ShipToCountry: null,
    ShipToAddressType: null,
    BillToStreet: null,
    BillToStreetNo: null,
    BillToBlock: null,
    BillToBuilding: null,
    BillToCity: null,
    BillToZipCode: null,
    BillToCounty: null,
    BillToState: null,
    BillToCountry: null,
    BillToAddressType: null,
    ShipToGlobalLocationNumber: null,
    BillToGlobalLocationNumber: null,
    ShipToAddress2: null,
    ShipToAddress3: null,
    BillToAddress2: null,
    BillToAddress3: null,
    PlaceOfSupply: null,
    PurchasePlaceOfSupply: null,
    DocEntry: 282028,
    GoodsIssuePlaceBP: null,
    GoodsIssuePlaceCNPJ: null,
    GoodsIssuePlaceCPF: null,
    GoodsIssuePlaceStreet: null,
    GoodsIssuePlaceStreetNo: null,
    GoodsIssuePlaceBuilding: null,
    GoodsIssuePlaceZip: null,
    GoodsIssuePlaceBlock: null,
    GoodsIssuePlaceCity: null,
    GoodsIssuePlaceCounty: null,
    GoodsIssuePlaceState: null,
    GoodsIssuePlaceCountry: null,
    GoodsIssuePlacePhone: null,
    GoodsIssuePlaceEMail: null,
    GoodsIssuePlaceDepartureDate: null,
    DeliveryPlaceBP: null,
    DeliveryPlaceCNPJ: null,
    DeliveryPlaceCPF: null,
    DeliveryPlaceStreet: null,
    DeliveryPlaceStreetNo: null,
    DeliveryPlaceBuilding: null,
    DeliveryPlaceZip: null,
    DeliveryPlaceBlock: null,
    DeliveryPlaceCity: null,
    DeliveryPlaceCounty: null,
    DeliveryPlaceState: null,
    DeliveryPlaceCountry: null,
    DeliveryPlacePhone: null,
    DeliveryPlaceEMail: null,
    DeliveryPlaceDepartureDate: null
  },
  DocumentReferences: []
}
📡 Fetching Territories from SAP HANA...
✅ تم جلب 280 منطقة بنجاح
🔐 محاولة تسجيل الدخول في SAP بواسطة: KarRetSale4
✅ تسجيل دخول ناجح إلى SAP بواسطة KarRetSale4
🧾 Final payload to SAP: {
  "RepID": "265       ",
  "CardCode": "CUS00033143",
  "DocDueDate": "2026-09-28",
  "DocCurrency": "IQD",
  "DocumentLines": [
    {
      "ItemCode": "HAV00123",
      "Quantity": 1,
      "UnitPrice": 59500,
      "WarehouseCode": "KRA001",
      "DiscountPercent": 0,
      "FreeText": ""
    }
  ],
  "U_CreatedBy": "basheer.abbas",
  "SalesPersonCode": 265
}
🧾 أمر البيع أنشئ بنجاح من قبل KarRetSale4: {
  'odata.metadata': 'https://hanab1:50000/b1s/v1/$metadata#Orders/@Element',
  'odata.etag': 'W/"356A192B7913B04C54574D18C28D46E6395428AB"',
  DocEntry: 282054,
  DocNum: 2611402,
  DocType: 'dDocument_Items',
  HandWritten: 'tNO',
  Printed: 'psNo',
  DocDate: '2026-09-28',
  DocDueDate: '2026-09-28',
  CardCode: 'CUS00033143',
  CardName: 'سيد عباس الموسوي',
  Address: null,
  NumAtCard: null,
  DocTotal: 41.03,
  AttachmentEntry: null,
  DocCurrency: 'IQD',
  DocRate: 1450,
  Reference1: '2611402',
  Reference2: null,
  Comments: '',
  JournalMemo: 'Sales Orders - CUS00033143',
  PaymentGroupCode: -1,
  DocTime: '12:56:00',
  SalesPersonCode: 265,
  TransportationCode: -1,
  Confirmed: 'tYES',
  ImportFileNum: null,
  SummeryType: 'dNoSummary',
  ContactPersonCode: null,
  ShowSCN: 'tNO',
  Series: 264,
  TaxDate: '2026-09-28',
  PartialSupply: 'tYES',
  DocObjectCode: 'oOrders',
  ShipToCode: null,
  Indicator: null,
  FederalTaxID: null,
  DiscountPercent: 0,
  PaymentReference: null,
  CreationDate: '2026-09-28',
  UpdateDate: '2026-09-28',
  FinancialPeriod: 62,
  UserSign: 134,
  TransNum: null,
  VatSum: 0,
  VatSumSys: 0,
  VatSumFc: 0,
  NetProcedure: 'tNO',
  DocTotalFc: 59500,
  DocTotalSys: 59500,
  Form1099: null,
  Box1099: null,
  RevisionPo: 'tNO',
  RequriedDate: '2026-09-28',
  CancelDate: '2026-10-28',
  BlockDunning: 'tNO',
  Submitted: 'tNO',
  Segment: 0,
  PickStatus: 'tNO',
  Pick: 'tNO',
  PaymentMethod: null,
  PaymentBlock: 'tNO',
  PaymentBlockEntry: null,
  CentralBankIndicator: null,
  MaximumCashDiscount: 'tNO',
  Reserve: 'tNO',
  Project: null,
  ExemptionValidityDateFrom: null,
  ExemptionValidityDateTo: null,
  WareHouseUpdateType: 'dwh_CustomerOrders',
  Rounding: 'tNO',
  ExternalCorrectedDocNum: null,
  InternalCorrectedDocNum: null,
  NextCorrectingDocument: null,
  DeferredTax: 'tNO',
  TaxExemptionLetterNum: null,
  WTApplied: 0,
  WTAppliedFC: 0,
  BillOfExchangeReserved: 'tNO',
  AgentCode: null,
  WTAppliedSC: 0,
  TotalEqualizationTax: 0,
  TotalEqualizationTaxFC: 0,
  TotalEqualizationTaxSC: 0,
  NumberOfInstallments: 1,
  ApplyTaxOnFirstInstallment: 'tNO',
  WTNonSubjectAmount: 0,
  WTNonSubjectAmountSC: 0,
  WTNonSubjectAmountFC: 0,
  WTExemptedAmount: 0,
  WTExemptedAmountSC: 0,
  WTExemptedAmountFC: 0,
  BaseAmount: 0,
  BaseAmountSC: 0,
  BaseAmountFC: 0,
  WTAmount: 0,
  WTAmountSC: 0,
  WTAmountFC: 0,
  VatDate: null,
  DocumentsOwner: null,
  FolioPrefixString: null,
  FolioNumber: null,
  DocumentSubType: 'bod_None',
  BPChannelCode: null,
  BPChannelContact: null,
  Address2: '',
  DocumentStatus: 'bost_Open',
  PeriodIndicator: 'Default',
  PayToCode: null,
  ManualNumber: null,
  UseShpdGoodsAct: 'tNO',
  IsPayToBank: 'tNO',
  PayToBankCountry: null,
  PayToBankCode: null,
  PayToBankAccountNo: null,
  PayToBankBranch: null,
  BPL_IDAssignedToInvoice: null,
  DownPayment: 0,
  ReserveInvoice: 'tNO',
  LanguageCode: 8,
  TrackingNumber: null,
  PickRemark: null,
  ClosingDate: null,
  SequenceCode: null,
  SequenceSerial: null,
  SeriesString: null,
  SubSeriesString: null,
  SequenceModel: '0',
  UseCorrectionVATGroup: 'tNO',
  TotalDiscount: 0,
  DownPaymentAmount: 0,
  DownPaymentPercentage: 0,
  DownPaymentType: 'dptInvoice',
  DownPaymentAmountSC: 0,
  DownPaymentAmountFC: 0,
  VatPercent: 0,
  ServiceGrossProfitPercent: 0,
  OpeningRemarks: null,
  ClosingRemarks: null,
  RoundingDiffAmount: 0,
  RoundingDiffAmountFC: 0,
  RoundingDiffAmountSC: 0,
  Cancelled: 'tNO',
  SignatureInputMessage: null,
  SignatureDigest: null,
  CertificationNumber: null,
  PrivateKeyVersion: null,
  ControlAccount: '112020001',
  InsuranceOperation347: 'tNO',
  ArchiveNonremovableSalesQuotation: 'tNO',
  GTSChecker: null,
  GTSPayee: null,
  ExtraMonth: 0,
  ExtraDays: 0,
  CashDiscountDateOffset: 0,
  StartFrom: 'pdt_None',
  NTSApproved: 'tNO',
  ETaxWebSite: null,
  ETaxNumber: null,
  NTSApprovedNumber: null,
  EDocGenerationType: 'edocNotRelevant',
  EDocSeries: null,
  EDocNum: null,
  EDocExportFormat: null,
  EDocStatus: 'edoc_Ok',
  EDocErrorCode: null,
  EDocErrorMessage: null,
  DownPaymentStatus: 'so_Open',
  GroupSeries: null,
  GroupNumber: null,
  GroupHandWritten: 'tNO',
  ReopenOriginalDocument: null,
  ReopenManuallyClosedOrCanceledDocument: null,
  CreateOnlineQuotation: 'tNO',
  POSEquipmentNumber: null,
  POSManufacturerSerialNumber: null,
  POSCashierNumber: null,
  ApplyCurrentVATRatesForDownPaymentsToDraw: 'tNO',
  ClosingOption: 'coByCurrentSystemDate',
  SpecifiedClosingDate: null,
  OpenForLandedCosts: 'tYES',
  AuthorizationStatus: 'dasWithout',
  TotalDiscountFC: 0,
  TotalDiscountSC: 0,
  RelevantToGTS: 'tNO',
  BPLName: null,
  VATRegNum: null,
  AnnualInvoiceDeclarationReference: null,
  Supplier: null,
  Releaser: null,
  Receiver: null,
  BlanketAgreementNumber: null,
  IsAlteration: 'tNO',
  CancelStatus: 'csNo',
  AssetValueDate: null,
  DocumentDelivery: 'ddtNoneSeleted',
  AuthorizationCode: null,
  StartDeliveryDate: null,
  StartDeliveryTime: null,
  EndDeliveryDate: null,
  EndDeliveryTime: null,
  VehiclePlate: null,
  ATDocumentType: null,
  ElecCommStatus: null,
  ElecCommMessage: null,
  ReuseDocumentNum: 'tNO',
  ReuseNotaFiscalNum: 'tNO',
  PrintSEPADirect: 'tNO',
  FiscalDocNum: null,
  POSDailySummaryNo: null,
  POSReceiptNo: null,
  PointOfIssueCode: null,
  Letter: null,
  FolioNumberFrom: null,
  FolioNumberTo: null,
  InterimType: 'boidt_None',
  RelatedType: -1,
  RelatedEntry: null,
  SAPPassport: null,
  DocumentTaxID: null,
  DateOfReportingControlStatementVAT: null,
  ReportingSectionControlStatementVAT: null,
  ExcludeFromTaxReportControlStatementVAT: 'tNO',
  POS_CashRegister: null,
  UpdateTime: '12:56:58',
  CreateQRCodeFrom: null,
  PriceMode: null,
  ShipFrom: null,
  CommissionTrade: 'ct_Empty',
  CommissionTradeReturn: 'tNO',
  UseBillToAddrToDetermineTax: 'tNO',
  Cig: null,
  Cup: null,
  FatherCard: null,
  FatherType: 'cPayments_sum',
  ShipState: null,
  ShipPlace: null,
  CustOffice: null,
  FCI: null,
  AddLegIn: null,
  LegTextF: null,
  DANFELgTxt: null,
  IndFinal: 'tNO',
  DataVersion: 1,
  LastPageFolioNumber: null,
  U_ST_Activity: null,
  U_ST_Driver: null,
  U_ST_ShipNo: null,
  U_ST_ShipStatus: 'U',
  U_ST_QStatus: 'P',
  U_ST_isSigned: null,
  U_ST_ReturnType: null,
  U_ST_CreationTime: null,
  U_Location: null,
  U_Department: null,
  U_Approval: 'N',
  U_MKT_time: null,
  U_Arch: null,
  U_suspend: 'N',
  Document_ApprovalRequests: [],
  DocumentLines: [
    {
      LineNum: 0,
      ItemCode: 'HAV00123',
      ItemDescription: 'HAVELLS CEILING FAN 1400MM CREW BASIC BROWN',
      Quantity: 1,
      ShipDate: '2026-09-28',
      Price: 59500,
      PriceAfterVAT: 59500,
      Currency: 'IQD',
      Rate: 1450,
      DiscountPercent: 0,
      VendorNum: null,
      SerialNum: null,
      WarehouseCode: 'KRA001',
      SalesPersonCode: 265,
      CommisionPercent: 0,
      TreeType: 'iNotATree',
      AccountCode: '411010001',
      UseBaseUnits: 'tNO',
      SupplierCatNum: null,
      CostingCode: null,
      ProjectCode: null,
      BarCode: '',
      VatGroup: 'X0',
      Height1: 0,
      Hight1Unit: null,
      Height2: 0,
      Height2Unit: null,
      Lengh1: 0,
      Lengh1Unit: null,
      Lengh2: 0,
      Lengh2Unit: null,
      Weight1: 0,
      Weight1Unit: null,
      Weight2: 0,
      Weight2Unit: null,
      Factor1: 1,
      Factor2: 1,
      Factor3: 1,
      Factor4: 1,
      BaseType: -1,
      BaseEntry: null,
      BaseLine: null,
      Volume: 0.02,
      VolumeUnit: 4,
      Width1: 0,
      Width1Unit: null,
      Width2: 0,
      Width2Unit: null,
      Address: '',
      TaxCode: null,
      TaxType: 'tt_Yes',
      TaxLiable: 'tYES',
      PickStatus: 'tNO',
      PickQuantity: 0,
      PickListIdNumber: null,
      OriginalItem: null,
      BackOrder: 'tYES',
      FreeText: '',
      ShippingMethod: 1,
      POTargetNum: null,
      POTargetEntry: null,
      POTargetRowNum: null,
      CorrectionInvoiceItem: 'ciis_ShouldBe',
      CorrInvAmountToStock: 0,
      CorrInvAmountToDiffAcct: 0,
      AppliedTax: 0,
      AppliedTaxFC: 0,
      AppliedTaxSC: 0,
      WTLiable: 'tNO',
      DeferredTax: 'tNO',
      EqualizationTaxPercent: 0,
      TotalEqualizationTax: 0,
      TotalEqualizationTaxFC: 0,
      TotalEqualizationTaxSC: 0,
      NetTaxAmount: 0,
      NetTaxAmountFC: 0,
      NetTaxAmountSC: 0,
      MeasureUnit: 'PCS',
      UnitsOfMeasurment: 1,
      LineTotal: 41.03,
      TaxPercentagePerRow: 0,
      TaxTotal: 0,
      ConsumerSalesForecast: 'tYES',
      ExciseAmount: 0,
      TaxPerUnit: 0,
      TotalInclTax: 0,
      CountryOrg: null,
      SWW: '12008287',
      TransactionType: null,
      DistributeExpense: 'tYES',
      RowTotalFC: 59500,
      RowTotalSC: 59500,
      LastBuyInmPrice: 0,
      LastBuyDistributeSumFc: 0,
      LastBuyDistributeSumSc: 0,
      LastBuyDistributeSum: 0,
      StockDistributesumForeign: 0,
      StockDistributesumSystem: 0,
      StockDistributesum: 0,
      StockInmPrice: 0,
      PickStatusEx: 'dlps_NotPicked',
      TaxBeforeDPM: 0,
      TaxBeforeDPMFC: 0,
      TaxBeforeDPMSC: 0,
      CFOPCode: null,
      CSTCode: null,
      Usage: null,
      TaxOnly: 'tNO',
      VisualOrder: 0,
      BaseOpenQuantity: 0,
      UnitPrice: 59500,
      LineStatus: 'bost_Open',
      PackageQuantity: 1,
      Text: '',
      LineType: 'dlt_Regular',
      COGSCostingCode: null,
      COGSAccountCode: '511010001',
      ChangeAssemlyBoMWarehouse: 'N',
      GrossBuyPrice: 18.44,
      GrossBase: -5,
      GrossProfitTotalBasePrice: 18.44,
      CostingCode2: null,
      CostingCode3: null,
      CostingCode4: null,
      CostingCode5: null,
      ItemDetails: null,
      LocationCode: null,
      ActualDeliveryDate: null,
      RemainingOpenQuantity: 1,
      OpenAmount: 41.03,
      OpenAmountFC: 59500,
      OpenAmountSC: 59500,
      ExLineNo: null,
      RequiredDate: null,
      RequiredQuantity: 0,
      COGSCostingCode2: null,
      COGSCostingCode3: null,
      COGSCostingCode4: null,
      COGSCostingCode5: null,
      CSTforIPI: null,
      CSTforPIS: null,
      CSTforCOFINS: null,
      CreditOriginCode: null,
      WithoutInventoryMovement: 'tNO',
      AgreementNo: null,
      AgreementRowNumber: null,
      ActualBaseEntry: null,
      ActualBaseLine: null,
      DocEntry: 282054,
      Surpluses: 0,
      DefectAndBreakup: 0,
      Shortages: 0,
      ConsiderQuantity: 'tNO',
      PartialRetirement: 'tNO',
      RetirementQuantity: 0,
      RetirementAPC: 0,
      ThirdParty: 'tNO',
      PoNum: null,
      PoItmNum: null,
      ExpenseType: null,
      ReceiptNumber: null,
      ExpenseOperationType: null,
      FederalTaxID: null,
      GrossProfit: 22.59,
      GrossProfitFC: 32762,
      GrossProfitSC: 32762,
      PriceSource: 'dpsManual',
      StgSeqNum: null,
      StgEntry: null,
      StgDesc: null,
      UoMEntry: 1,
      UoMCode: 'PCS',
      InventoryQuantity: 1,
      RemainingOpenInventoryQuantity: 1,
      ParentLineNum: null,
      Incoterms: 0,
      TransportMode: 0,
      NatureOfTransaction: null,
      DestinationCountryForImport: null,
      DestinationRegionForImport: null,
      OriginCountryForExport: null,
      OriginRegionForExport: null,
      ItemType: 'dit_Item',
      ChangeInventoryQuantityIndependently: 'tNO',
      FreeOfChargeBP: 'tNO',
      SACEntry: null,
      HSNEntry: null,
      GrossPrice: 59500,
      GrossTotal: 41.03,
      GrossTotalFC: 59500,
      GrossTotalSC: 59500,
      NCMCode: -1,
      NVECode: null,
      IndEscala: 'tNO',
      CtrSealQty: 0,
      CNJPMan: null,
      CESTCode: null,
      UFFiscalBenefitCode: null,
      ReverseCharge: 'tNO',
      ShipToCode: null,
      ShipToDescription: '',
      OwnerCode: null,
      ExternalCalcTaxRate: 0,
      ExternalCalcTaxAmount: 0,
      ExternalCalcTaxAmountFC: 0,
      ExternalCalcTaxAmountSC: 0,
      StandardItemIdentification: null,
      CommodityClassification: null,
      UnencumberedReason: null,
      CUSplit: 'tNO',
      U_ST_DelDate: null,
      U_ST_ShipStatus: 'U',
      U_ST_SalePrice: 0,
      U_ST_Text: null,
      U_ST_TerritL: null,
      U_ST_WhsName: null,
      U_ST_WhsNameTo: null,
      U_Vol: 0,
      U_UOM: null,
      U_U_PARTNO: null,
      LineTaxJurisdictions: [],
      DocumentLineAdditionalExpenses: [],
      WithholdingTaxLines: [],
      SerialNumbers: [],
      BatchNumbers: [],
      DocumentLinesBinAllocations: []
    }
  ],
  ElectronicProtocols: [],
  DocumentAdditionalExpenses: [],
  WithholdingTaxDataWTXCollection: [],
  WithholdingTaxDataCollection: [],
  DocumentSpecialLines: [],
  TaxExtension: {
    TaxId0: null,
    TaxId1: null,
    TaxId2: null,
    TaxId3: null,
    TaxId4: null,
    TaxId5: null,
    TaxId6: null,
    TaxId7: null,
    TaxId8: null,
    TaxId9: null,
    State: null,
    County: null,
    Incoterms: null,
    Vehicle: null,
    VehicleState: null,
    NFRef: null,
    Carrier: null,
    PackQuantity: null,
    PackDescription: null,
    Brand: null,
    ShipUnitNo: null,
    NetWeight: 0,
    GrossWeight: 0,
    StreetS: null,
    BlockS: null,
    BuildingS: null,
    CityS: null,
    ZipCodeS: null,
    CountyS: null,
    StateS: null,
    CountryS: null,
    StreetB: null,
    BlockB: null,
    BuildingB: null,
    CityB: null,
    ZipCodeB: null,
    CountyB: null,
    StateB: null,
    CountryB: null,
    ImportOrExport: null,
    MainUsage: null,
    GlobalLocationNumberS: null,
    GlobalLocationNumberB: null,
    TaxId12: null,
    TaxId13: null,
    BillOfEntryNo: null,
    BillOfEntryDate: null,
    OriginalBillOfEntryNo: null,
    OriginalBillOfEntryDate: null,
    ImportOrExportType: 'et_IpmortsOrExports',
    PortCode: null,
    DocEntry: 282054,
    BoEValue: 0,
    ClaimRefund: null,
    DifferentialOfTaxRate: null,
    IsIGSTAccount: null
  },
  AddressExtension: {
    ShipToStreet: null,
    ShipToStreetNo: null,
    ShipToBlock: null,
    ShipToBuilding: null,
    ShipToCity: null,
    ShipToZipCode: null,
    ShipToCounty: null,
    ShipToState: null,
    ShipToCountry: null,
    ShipToAddressType: null,
    BillToStreet: null,
    BillToStreetNo: null,
    BillToBlock: null,
    BillToBuilding: null,
    BillToCity: null,
    BillToZipCode: null,
    BillToCounty: null,
    BillToState: null,
    BillToCountry: null,
    BillToAddressType: null,
    ShipToGlobalLocationNumber: null,
    BillToGlobalLocationNumber: null,
    ShipToAddress2: null,
    ShipToAddress3: null,
    BillToAddress2: null,
    BillToAddress3: null,
    PlaceOfSupply: null,
    PurchasePlaceOfSupply: null,
    DocEntry: 282054,
    GoodsIssuePlaceBP: null,
    GoodsIssuePlaceCNPJ: null,
    GoodsIssuePlaceCPF: null,
    GoodsIssuePlaceStreet: null,
    GoodsIssuePlaceStreetNo: null,
    GoodsIssuePlaceBuilding: null,
    GoodsIssuePlaceZip: null,
    GoodsIssuePlaceBlock: null,
    GoodsIssuePlaceCity: null,
    GoodsIssuePlaceCounty: null,
    GoodsIssuePlaceState: null,
    GoodsIssuePlaceCountry: null,
    GoodsIssuePlacePhone: null,
    GoodsIssuePlaceEMail: null,
    GoodsIssuePlaceDepartureDate: null,
    DeliveryPlaceBP: null,
    DeliveryPlaceCNPJ: null,
    DeliveryPlaceCPF: null,
    DeliveryPlaceStreet: null,
    DeliveryPlaceStreetNo: null,
    DeliveryPlaceBuilding: null,
    DeliveryPlaceZip: null,
    DeliveryPlaceBlock: null,
    DeliveryPlaceCity: null,
    DeliveryPlaceCounty: null,
    DeliveryPlaceState: null,
    DeliveryPlaceCountry: null,
    DeliveryPlacePhone: null,
    DeliveryPlaceEMail: null,
    DeliveryPlaceDepartureDate: null
  },
  DocumentReferences: []
}
🔐 محاولة تسجيل الدخول في SAP بواسطة: KaOutSale
✅ تسجيل دخول ناجح إلى SAP بواسطة KaOutSale
🧾 Final payload to SAP: {
  "RepID": "259       ",
  "CardCode": "CUS00001455",
  "DocDueDate": "2026-09-28",
  "DocCurrency": "USD",
  "DocumentLines": [
    {
      "ItemCode": "OPP00633",
      "Quantity": 8,
      "UnitPrice": 1.6,
      "WarehouseCode": "RYD001",
      "DiscountPercent": 0,
      "FreeText": ""
    }
  ],
  "U_CreatedBy": "mohammed.fouad",
  "SalesPersonCode": 259
}
🧾 أمر البيع أنشئ بنجاح من قبل KaOutSale: {
  'odata.metadata': 'https://hanab1:50000/b1s/v1/$metadata#Orders/@Element',
  'odata.etag': 'W/"356A192B7913B04C54574D18C28D46E6395428AB"',
  DocEntry: 282055,
  DocNum: 2611403,
  DocType: 'dDocument_Items',
  HandWritten: 'tNO',
  Printed: 'psNo',
  DocDate: '2026-09-28',
  DocDueDate: '2026-09-28',
  CardCode: 'CUS00001455',
  CardName: 'محسن موسى فرج / ابو سجاد',
  Address: null,
  NumAtCard: null,
  DocTotal: 12.8,
  AttachmentEntry: null,
  DocCurrency: 'USD',
  DocRate: 1,
  Reference1: '2611403',
  Reference2: null,
  Comments: '',
  JournalMemo: 'Sales Orders - CUS00001455',
  PaymentGroupCode: 1,
  DocTime: '12:57:00',
  SalesPersonCode: 259,
  TransportationCode: -1,
  Confirmed: 'tYES',
  ImportFileNum: null,
  SummeryType: 'dNoSummary',
  ContactPersonCode: 858,
  ShowSCN: 'tNO',
  Series: 264,
  TaxDate: '2026-09-28',
  PartialSupply: 'tYES',
  DocObjectCode: 'oOrders',
  ShipToCode: null,
  Indicator: null,
  FederalTaxID: null,
  DiscountPercent: 0,
  PaymentReference: null,
  CreationDate: '2026-09-28',
  UpdateDate: '2026-09-28',
  FinancialPeriod: 62,
  UserSign: 90,
  TransNum: null,
  VatSum: 0,
  VatSumSys: 0,
  VatSumFc: 0,
  NetProcedure: 'tNO',
  DocTotalFc: 0,
  DocTotalSys: 18560,
  Form1099: null,
  Box1099: null,
  RevisionPo: 'tNO',
  RequriedDate: '2026-09-28',
  CancelDate: '2026-10-28',
  BlockDunning: 'tNO',
  Submitted: 'tNO',
  Segment: 0,
  PickStatus: 'tNO',
  Pick: 'tNO',
  PaymentMethod: null,
  PaymentBlock: 'tNO',
  PaymentBlockEntry: null,
  CentralBankIndicator: null,
  MaximumCashDiscount: 'tNO',
  Reserve: 'tNO',
  Project: null,
  ExemptionValidityDateFrom: null,
  ExemptionValidityDateTo: null,
  WareHouseUpdateType: 'dwh_CustomerOrders',
  Rounding: 'tNO',
  ExternalCorrectedDocNum: null,
  InternalCorrectedDocNum: null,
  NextCorrectingDocument: null,
  DeferredTax: 'tNO',
  TaxExemptionLetterNum: null,
  WTApplied: 0,
  WTAppliedFC: 0,
  BillOfExchangeReserved: 'tNO',
  AgentCode: null,
  WTAppliedSC: 0,
  TotalEqualizationTax: 0,
  TotalEqualizationTaxFC: 0,
  TotalEqualizationTaxSC: 0,
  NumberOfInstallments: 1,
  ApplyTaxOnFirstInstallment: 'tNO',
  WTNonSubjectAmount: 0,
  WTNonSubjectAmountSC: 0,
  WTNonSubjectAmountFC: 0,
  WTExemptedAmount: 0,
  WTExemptedAmountSC: 0,
  WTExemptedAmountFC: 0,
  BaseAmount: 0,
  BaseAmountSC: 0,
  BaseAmountFC: 0,
  WTAmount: 0,
  WTAmountSC: 0,
  WTAmountFC: 0,
  VatDate: null,
  DocumentsOwner: null,
  FolioPrefixString: null,
  FolioNumber: null,
  DocumentSubType: 'bod_None',
  BPChannelCode: null,
  BPChannelContact: null,
  Address2: '',
  DocumentStatus: 'bost_Open',
  PeriodIndicator: 'Default',
  PayToCode: null,
  ManualNumber: null,
  UseShpdGoodsAct: 'tNO',
  IsPayToBank: 'tNO',
  PayToBankCountry: null,
  PayToBankCode: null,
  PayToBankAccountNo: null,
  PayToBankBranch: null,
  BPL_IDAssignedToInvoice: null,
  DownPayment: 0,
  ReserveInvoice: 'tNO',
  LanguageCode: 8,
  TrackingNumber: null,
  PickRemark: null,
  ClosingDate: null,
  SequenceCode: null,
  SequenceSerial: null,
  SeriesString: null,
  SubSeriesString: null,
  SequenceModel: '0',
  UseCorrectionVATGroup: 'tNO',
  TotalDiscount: 0,
  DownPaymentAmount: 0,
  DownPaymentPercentage: 0,
  DownPaymentType: 'dptInvoice',
  DownPaymentAmountSC: 0,
  DownPaymentAmountFC: 0,
  VatPercent: 0,
  ServiceGrossProfitPercent: 0,
  OpeningRemarks: null,
  ClosingRemarks: null,
  RoundingDiffAmount: 0,
  RoundingDiffAmountFC: 0,
  RoundingDiffAmountSC: 0,
  Cancelled: 'tNO',
  SignatureInputMessage: null,
  SignatureDigest: null,
  CertificationNumber: null,
  PrivateKeyVersion: null,
  ControlAccount: '112020001',
  InsuranceOperation347: 'tNO',
  ArchiveNonremovableSalesQuotation: 'tNO',
  GTSChecker: null,
  GTSPayee: null,
  ExtraMonth: 0,
  ExtraDays: 30,
  CashDiscountDateOffset: 0,
  StartFrom: 'pdt_None',
  NTSApproved: 'tNO',
  ETaxWebSite: null,
  ETaxNumber: null,
  NTSApprovedNumber: null,
  EDocGenerationType: 'edocNotRelevant',
  EDocSeries: null,
  EDocNum: null,
  EDocExportFormat: null,
  EDocStatus: 'edoc_Ok',
  EDocErrorCode: null,
  EDocErrorMessage: null,
  DownPaymentStatus: 'so_Open',
  GroupSeries: null,
  GroupNumber: null,
  GroupHandWritten: 'tNO',
  ReopenOriginalDocument: null,
  ReopenManuallyClosedOrCanceledDocument: null,
  CreateOnlineQuotation: 'tNO',
  POSEquipmentNumber: null,
  POSManufacturerSerialNumber: null,
  POSCashierNumber: null,
  ApplyCurrentVATRatesForDownPaymentsToDraw: 'tNO',
  ClosingOption: 'coByCurrentSystemDate',
  SpecifiedClosingDate: null,
  OpenForLandedCosts: 'tYES',
  AuthorizationStatus: 'dasWithout',
  TotalDiscountFC: 0,
  TotalDiscountSC: 0,
  RelevantToGTS: 'tNO',
  BPLName: null,
  VATRegNum: null,
  AnnualInvoiceDeclarationReference: null,
  Supplier: null,
  Releaser: null,
  Receiver: null,
  BlanketAgreementNumber: null,
  IsAlteration: 'tNO',
  CancelStatus: 'csNo',
  AssetValueDate: null,
  DocumentDelivery: 'ddtNoneSeleted',
  AuthorizationCode: null,
  StartDeliveryDate: null,
  StartDeliveryTime: null,
  EndDeliveryDate: null,
  EndDeliveryTime: null,
  VehiclePlate: null,
  ATDocumentType: null,
  ElecCommStatus: null,
  ElecCommMessage: null,
  ReuseDocumentNum: 'tNO',
  ReuseNotaFiscalNum: 'tNO',
  PrintSEPADirect: 'tNO',
  FiscalDocNum: null,
  POSDailySummaryNo: null,
  POSReceiptNo: null,
  PointOfIssueCode: null,
  Letter: null,
  FolioNumberFrom: null,
  FolioNumberTo: null,
  InterimType: 'boidt_None',
  RelatedType: -1,
  RelatedEntry: null,
  SAPPassport: null,
  DocumentTaxID: null,
  DateOfReportingControlStatementVAT: null,
  ReportingSectionControlStatementVAT: null,
  ExcludeFromTaxReportControlStatementVAT: 'tNO',
  POS_CashRegister: null,
  UpdateTime: '12:57:32',
  CreateQRCodeFrom: null,
  PriceMode: null,
  ShipFrom: null,
  CommissionTrade: 'ct_Empty',
  CommissionTradeReturn: 'tNO',
  UseBillToAddrToDetermineTax: 'tNO',
  Cig: null,
  Cup: null,
  FatherCard: null,
  FatherType: 'cPayments_sum',
  ShipState: null,
  ShipPlace: null,
  CustOffice: null,
  FCI: null,
  AddLegIn: null,
  LegTextF: null,
  DANFELgTxt: null,
  IndFinal: 'tNO',
  DataVersion: 1,
  LastPageFolioNumber: null,
  U_ST_Activity: null,
  U_ST_Driver: null,
  U_ST_ShipNo: null,
  U_ST_ShipStatus: 'U',
  U_ST_QStatus: 'P',
  U_ST_isSigned: null,
  U_ST_ReturnType: null,
  U_ST_CreationTime: null,
  U_Location: null,
  U_Department: null,
  U_Approval: 'N',
  U_MKT_time: null,
  U_Arch: null,
  U_suspend: 'N',
  Document_ApprovalRequests: [],
  DocumentLines: [
    {
      LineNum: 0,
      ItemCode: 'OPP00633',
      ItemDescription: 'OPPLE EcoMax Stick Bulb LED-E-E27-8W-3000K-CT',
      Quantity: 8,
      ShipDate: '2026-09-28',
      Price: 1.6,
      PriceAfterVAT: 1.6,
      Currency: 'USD',
      Rate: 0,
      DiscountPercent: 0,
      VendorNum: null,
      SerialNum: null,
      WarehouseCode: 'RYD001',
      SalesPersonCode: 259,
      CommisionPercent: 0,
      TreeType: 'iNotATree',
      AccountCode: '411010001',
      UseBaseUnits: 'tNO',
      SupplierCatNum: null,
      CostingCode: null,
      ProjectCode: null,
      BarCode: '',
      VatGroup: 'X0',
      Height1: 0,
      Hight1Unit: null,
      Height2: 0,
      Height2Unit: null,
      Lengh1: 0,
      Lengh1Unit: null,
      Lengh2: 0,
      Lengh2Unit: null,
      Weight1: 0,
      Weight1Unit: null,
      Weight2: 0,
      Weight2Unit: null,
      Factor1: 1,
      Factor2: 1,
      Factor3: 1,
      Factor4: 1,
      BaseType: -1,
      BaseEntry: null,
      BaseLine: null,
      Volume: 0.00168,
      VolumeUnit: 4,
      Width1: 0,
      Width1Unit: null,
      Width2: 0,
      Width2Unit: null,
      Address: '',
      TaxCode: null,
      TaxType: 'tt_Yes',
      TaxLiable: 'tYES',
      PickStatus: 'tNO',
      PickQuantity: 0,
      PickListIdNumber: null,
      OriginalItem: null,
      BackOrder: 'tYES',
      FreeText: '',
      ShippingMethod: 1,
      POTargetNum: null,
      POTargetEntry: null,
      POTargetRowNum: null,
      CorrectionInvoiceItem: 'ciis_ShouldBe',
      CorrInvAmountToStock: 0,
      CorrInvAmountToDiffAcct: 0,
      AppliedTax: 0,
      AppliedTaxFC: 0,
      AppliedTaxSC: 0,
      WTLiable: 'tNO',
      DeferredTax: 'tNO',
      EqualizationTaxPercent: 0,
      TotalEqualizationTax: 0,
      TotalEqualizationTaxFC: 0,
      TotalEqualizationTaxSC: 0,
      NetTaxAmount: 0,
      NetTaxAmountFC: 0,
      NetTaxAmountSC: 0,
      MeasureUnit: 'PCS',
      UnitsOfMeasurment: 1,
      LineTotal: 12.8,
      TaxPercentagePerRow: 0,
      TaxTotal: 0,
      ConsumerSalesForecast: 'tYES',
      ExciseAmount: 0,
      TaxPerUnit: 0,
      TotalInclTax: 0,
      CountryOrg: null,
      SWW: '2006055',
      TransactionType: null,
      DistributeExpense: 'tYES',
      RowTotalFC: 0,
      RowTotalSC: 18560,
      LastBuyInmPrice: 0,
      LastBuyDistributeSumFc: 0,
      LastBuyDistributeSumSc: 0,
      LastBuyDistributeSum: 0,
      StockDistributesumForeign: 0,
      StockDistributesumSystem: 0,
      StockDistributesum: 0,
      StockInmPrice: 0,
      PickStatusEx: 'dlps_NotPicked',
      TaxBeforeDPM: 0,
      TaxBeforeDPMFC: 0,
      TaxBeforeDPMSC: 0,
      CFOPCode: null,
      CSTCode: null,
      Usage: null,
      TaxOnly: 'tNO',
      VisualOrder: 0,
      BaseOpenQuantity: 0,
      UnitPrice: 1.6,
      LineStatus: 'bost_Open',
      PackageQuantity: 8,
      Text: '',
      LineType: 'dlt_Regular',
      COGSCostingCode: null,
      COGSAccountCode: '511010001',
      ChangeAssemlyBoMWarehouse: 'N',
      GrossBuyPrice: 1.18,
      GrossBase: -5,
      GrossProfitTotalBasePrice: 9.4,
      CostingCode2: null,
      CostingCode3: null,
      CostingCode4: null,
      CostingCode5: null,
      ItemDetails: null,
      LocationCode: null,
      ActualDeliveryDate: null,
      RemainingOpenQuantity: 8,
      OpenAmount: 12.8,
      OpenAmountFC: 0,
      OpenAmountSC: 18560,
      ExLineNo: null,
      RequiredDate: null,
      RequiredQuantity: 0,
      COGSCostingCode2: null,
      COGSCostingCode3: null,
      COGSCostingCode4: null,
      COGSCostingCode5: null,
      CSTforIPI: null,
      CSTforPIS: null,
      CSTforCOFINS: null,
      CreditOriginCode: null,
      WithoutInventoryMovement: 'tNO',
      AgreementNo: null,
      AgreementRowNumber: null,
      ActualBaseEntry: null,
      ActualBaseLine: null,
      DocEntry: 282055,
      Surpluses: 0,
      DefectAndBreakup: 0,
      Shortages: 0,
      ConsiderQuantity: 'tNO',
      PartialRetirement: 'tNO',
      RetirementQuantity: 0,
      RetirementAPC: 0,
      ThirdParty: 'tNO',
      PoNum: null,
      PoItmNum: null,
      ExpenseType: null,
      ReceiptNumber: null,
      ExpenseOperationType: null,
      FederalTaxID: null,
      GrossProfit: 3.4,
      GrossProfitFC: 0,
      GrossProfitSC: 4930,
      PriceSource: 'dpsManual',
      StgSeqNum: null,
      StgEntry: null,
      StgDesc: null,
      UoMEntry: 1,
      UoMCode: 'PCS',
      InventoryQuantity: 8,
      RemainingOpenInventoryQuantity: 8,
      ParentLineNum: null,
      Incoterms: 0,
      TransportMode: 0,
      NatureOfTransaction: null,
      DestinationCountryForImport: null,
      DestinationRegionForImport: null,
      OriginCountryForExport: null,
      OriginRegionForExport: null,
      ItemType: 'dit_Item',
      ChangeInventoryQuantityIndependently: 'tNO',
      FreeOfChargeBP: 'tNO',
      SACEntry: null,
      HSNEntry: null,
      GrossPrice: 1.6,
      GrossTotal: 12.8,
      GrossTotalFC: 0,
      GrossTotalSC: 18560,
      NCMCode: -1,
      NVECode: null,
      IndEscala: 'tNO',
      CtrSealQty: 0,
      CNJPMan: null,
      CESTCode: null,
      UFFiscalBenefitCode: null,
      ReverseCharge: 'tNO',
      ShipToCode: null,
      ShipToDescription: '',
      OwnerCode: null,
      ExternalCalcTaxRate: 0,
      ExternalCalcTaxAmount: 0,
      ExternalCalcTaxAmountFC: 0,
      ExternalCalcTaxAmountSC: 0,
      StandardItemIdentification: null,
      CommodityClassification: null,
      UnencumberedReason: null,
      CUSplit: 'tNO',
      U_ST_DelDate: null,
      U_ST_ShipStatus: 'U',
      U_ST_SalePrice: 0,
      U_ST_Text: null,
      U_ST_TerritL: null,
      U_ST_WhsName: null,
      U_ST_WhsNameTo: null,
      U_Vol: 0,
      U_UOM: null,
      U_U_PARTNO: null,
      LineTaxJurisdictions: [],
      DocumentLineAdditionalExpenses: [],
      WithholdingTaxLines: [],
      SerialNumbers: [],
      BatchNumbers: [],
      DocumentLinesBinAllocations: []
    }
  ],
  ElectronicProtocols: [],
  DocumentAdditionalExpenses: [],
  WithholdingTaxDataWTXCollection: [],
  WithholdingTaxDataCollection: [],
  DocumentSpecialLines: [],
  TaxExtension: {
    TaxId0: null,
    TaxId1: null,
    TaxId2: null,
    TaxId3: null,
    TaxId4: null,
    TaxId5: null,
    TaxId6: null,
    TaxId7: null,
    TaxId8: null,
    TaxId9: null,
    State: null,
    County: null,
    Incoterms: null,
    Vehicle: null,
    VehicleState: null,
    NFRef: null,
    Carrier: null,
    PackQuantity: null,
    PackDescription: null,
    Brand: null,
    ShipUnitNo: null,
    NetWeight: 0,
    GrossWeight: 0,
    StreetS: null,
    BlockS: null,
    BuildingS: null,
    CityS: null,
    ZipCodeS: null,
    CountyS: null,
    StateS: null,
    CountryS: null,
    StreetB: null,
    BlockB: null,
    BuildingB: null,
    CityB: null,
    ZipCodeB: null,
    CountyB: null,
    StateB: null,
    CountryB: null,
    ImportOrExport: null,
    MainUsage: null,
    GlobalLocationNumberS: null,
    GlobalLocationNumberB: null,
    TaxId12: null,
    TaxId13: null,
    BillOfEntryNo: null,
    BillOfEntryDate: null,
    OriginalBillOfEntryNo: null,
    OriginalBillOfEntryDate: null,
    ImportOrExportType: 'et_IpmortsOrExports',
    PortCode: null,
    DocEntry: 282055,
    BoEValue: 0,
    ClaimRefund: null,
    DifferentialOfTaxRate: null,
    IsIGSTAccount: null
  },
  AddressExtension: {
    ShipToStreet: null,
    ShipToStreetNo: null,
    ShipToBlock: null,
    ShipToBuilding: null,
    ShipToCity: null,
    ShipToZipCode: null,
    ShipToCounty: null,
    ShipToState: null,
    ShipToCountry: null,
    ShipToAddressType: null,
    BillToStreet: null,
    BillToStreetNo: null,
    BillToBlock: null,
    BillToBuilding: null,
    BillToCity: null,
    BillToZipCode: null,
    BillToCounty: null,
    BillToState: null,
    BillToCountry: null,
    BillToAddressType: null,
    ShipToGlobalLocationNumber: null,
    BillToGlobalLocationNumber: null,
    ShipToAddress2: null,
    ShipToAddress3: null,
    BillToAddress2: null,
    BillToAddress3: null,
    PlaceOfSupply: null,
    PurchasePlaceOfSupply: null,
    DocEntry: 282055,
    GoodsIssuePlaceBP: null,
    GoodsIssuePlaceCNPJ: null,
    GoodsIssuePlaceCPF: null,
    GoodsIssuePlaceStreet: null,
    GoodsIssuePlaceStreetNo: null,
    GoodsIssuePlaceBuilding: null,
    GoodsIssuePlaceZip: null,
    GoodsIssuePlaceBlock: null,
    GoodsIssuePlaceCity: null,
    GoodsIssuePlaceCounty: null,
    GoodsIssuePlaceState: null,
    GoodsIssuePlaceCountry: null,
    GoodsIssuePlacePhone: null,
    GoodsIssuePlaceEMail: null,
    GoodsIssuePlaceDepartureDate: null,
    DeliveryPlaceBP: null,
    DeliveryPlaceCNPJ: null,
    DeliveryPlaceCPF: null,
    DeliveryPlaceStreet: null,
    DeliveryPlaceStreetNo: null,
    DeliveryPlaceBuilding: null,
    DeliveryPlaceZip: null,
    DeliveryPlaceBlock: null,
    DeliveryPlaceCity: null,
    DeliveryPlaceCounty: null,
    DeliveryPlaceState: null,
    DeliveryPlaceCountry: null,
    DeliveryPlacePhone: null,
    DeliveryPlaceEMail: null,
    DeliveryPlaceDepartureDate: null
  },
  DocumentReferences: []
}
🔐 محاولة تسجيل الدخول في SAP بواسطة: KaOutSale
✅ تسجيل دخول ناجح إلى SAP بواسطة KaOutSale
🧾 Final payload to SAP: {
  "RepID": "259       ",
  "CardCode": "CUS00001455",
  "DocDueDate": "2026-09-28",
  "DocCurrency": "USD",
  "DocumentLines": [
    {
      "ItemCode": "RAN00981",
      "Quantity": 4,
      "UnitPrice": 52,
      "WarehouseCode": "KRA001",
      "DiscountPercent": 0,
      "FreeText": ""
    }
  ],
  "U_CreatedBy": "mohammed.fouad",
  "SalesPersonCode": 259
}
🧾 أمر البيع أنشئ بنجاح من قبل KaOutSale: {
  'odata.metadata': 'https://hanab1:50000/b1s/v1/$metadata#Orders/@Element',
  'odata.etag': 'W/"356A192B7913B04C54574D18C28D46E6395428AB"',
  DocEntry: 282056,
  DocNum: 2611404,
  DocType: 'dDocument_Items',
  HandWritten: 'tNO',
  Printed: 'psNo',
  DocDate: '2026-09-28',
  DocDueDate: '2026-09-28',
  CardCode: 'CUS00001455',
  CardName: 'محسن موسى فرج / ابو سجاد',
  Address: null,
  NumAtCard: null,
  DocTotal: 208,
  AttachmentEntry: null,
  DocCurrency: 'USD',
  DocRate: 1,
  Reference1: '2611404',
  Reference2: null,
  Comments: '',
  JournalMemo: 'Sales Orders - CUS00001455',
  PaymentGroupCode: 1,
  DocTime: '13:02:00',
  SalesPersonCode: 259,
  TransportationCode: -1,
  Confirmed: 'tYES',
  ImportFileNum: null,
  SummeryType: 'dNoSummary',
  ContactPersonCode: 858,
  ShowSCN: 'tNO',
  Series: 264,
  TaxDate: '2026-09-28',
  PartialSupply: 'tYES',
  DocObjectCode: 'oOrders',
  ShipToCode: null,
  Indicator: null,
  FederalTaxID: null,
  DiscountPercent: 0,
  PaymentReference: null,
  CreationDate: '2026-09-28',
  UpdateDate: '2026-09-28',
  FinancialPeriod: 62,
  UserSign: 90,
  TransNum: null,
  VatSum: 0,
  VatSumSys: 0,
  VatSumFc: 0,
  NetProcedure: 'tNO',
  DocTotalFc: 0,
  DocTotalSys: 301600,
  Form1099: null,
  Box1099: null,
  RevisionPo: 'tNO',
  RequriedDate: '2026-09-28',
  CancelDate: '2026-10-28',
  BlockDunning: 'tNO',
  Submitted: 'tNO',
  Segment: 0,
  PickStatus: 'tNO',
  Pick: 'tNO',
  PaymentMethod: null,
  PaymentBlock: 'tNO',
  PaymentBlockEntry: null,
  CentralBankIndicator: null,
  MaximumCashDiscount: 'tNO',
  Reserve: 'tNO',
  Project: null,
  ExemptionValidityDateFrom: null,
  ExemptionValidityDateTo: null,
  WareHouseUpdateType: 'dwh_CustomerOrders',
  Rounding: 'tNO',
  ExternalCorrectedDocNum: null,
  InternalCorrectedDocNum: null,
  NextCorrectingDocument: null,
  DeferredTax: 'tNO',
  TaxExemptionLetterNum: null,
  WTApplied: 0,
  WTAppliedFC: 0,
  BillOfExchangeReserved: 'tNO',
  AgentCode: null,
  WTAppliedSC: 0,
  TotalEqualizationTax: 0,
  TotalEqualizationTaxFC: 0,
  TotalEqualizationTaxSC: 0,
  NumberOfInstallments: 1,
  ApplyTaxOnFirstInstallment: 'tNO',
  WTNonSubjectAmount: 0,
  WTNonSubjectAmountSC: 0,
  WTNonSubjectAmountFC: 0,
  WTExemptedAmount: 0,
  WTExemptedAmountSC: 0,
  WTExemptedAmountFC: 0,
  BaseAmount: 0,
  BaseAmountSC: 0,
  BaseAmountFC: 0,
  WTAmount: 0,
  WTAmountSC: 0,
  WTAmountFC: 0,
  VatDate: null,
  DocumentsOwner: null,
  FolioPrefixString: null,
  FolioNumber: null,
  DocumentSubType: 'bod_None',
  BPChannelCode: null,
  BPChannelContact: null,
  Address2: '',
  DocumentStatus: 'bost_Open',
  PeriodIndicator: 'Default',
  PayToCode: null,
  ManualNumber: null,
  UseShpdGoodsAct: 'tNO',
  IsPayToBank: 'tNO',
  PayToBankCountry: null,
  PayToBankCode: null,
  PayToBankAccountNo: null,
  PayToBankBranch: null,
  BPL_IDAssignedToInvoice: null,
  DownPayment: 0,
  ReserveInvoice: 'tNO',
  LanguageCode: 8,
  TrackingNumber: null,
  PickRemark: null,
  ClosingDate: null,
  SequenceCode: null,
  SequenceSerial: null,
  SeriesString: null,
  SubSeriesString: null,
  SequenceModel: '0',
  UseCorrectionVATGroup: 'tNO',
  TotalDiscount: 0,
  DownPaymentAmount: 0,
  DownPaymentPercentage: 0,
  DownPaymentType: 'dptInvoice',
  DownPaymentAmountSC: 0,
  DownPaymentAmountFC: 0,
  VatPercent: 0,
  ServiceGrossProfitPercent: 0,
  OpeningRemarks: null,
  ClosingRemarks: null,
  RoundingDiffAmount: 0,
  RoundingDiffAmountFC: 0,
  RoundingDiffAmountSC: 0,
  Cancelled: 'tNO',
  SignatureInputMessage: null,
  SignatureDigest: null,
  CertificationNumber: null,
  PrivateKeyVersion: null,
  ControlAccount: '112020001',
  InsuranceOperation347: 'tNO',
  ArchiveNonremovableSalesQuotation: 'tNO',
  GTSChecker: null,
  GTSPayee: null,
  ExtraMonth: 0,
  ExtraDays: 30,
  CashDiscountDateOffset: 0,
  StartFrom: 'pdt_None',
  NTSApproved: 'tNO',
  ETaxWebSite: null,
  ETaxNumber: null,
  NTSApprovedNumber: null,
  EDocGenerationType: 'edocNotRelevant',
  EDocSeries: null,
  EDocNum: null,
  EDocExportFormat: null,
  EDocStatus: 'edoc_Ok',
  EDocErrorCode: null,
  EDocErrorMessage: null,
  DownPaymentStatus: 'so_Open',
  GroupSeries: null,
  GroupNumber: null,
  GroupHandWritten: 'tNO',
  ReopenOriginalDocument: null,
  ReopenManuallyClosedOrCanceledDocument: null,
  CreateOnlineQuotation: 'tNO',
  POSEquipmentNumber: null,
  POSManufacturerSerialNumber: null,
  POSCashierNumber: null,
  ApplyCurrentVATRatesForDownPaymentsToDraw: 'tNO',
  ClosingOption: 'coByCurrentSystemDate',
  SpecifiedClosingDate: null,
  OpenForLandedCosts: 'tYES',
  AuthorizationStatus: 'dasWithout',
  TotalDiscountFC: 0,
  TotalDiscountSC: 0,
  RelevantToGTS: 'tNO',
  BPLName: null,
  VATRegNum: null,
  AnnualInvoiceDeclarationReference: null,
  Supplier: null,
  Releaser: null,
  Receiver: null,
  BlanketAgreementNumber: null,
  IsAlteration: 'tNO',
  CancelStatus: 'csNo',
  AssetValueDate: null,
  DocumentDelivery: 'ddtNoneSeleted',
  AuthorizationCode: null,
  StartDeliveryDate: null,
  StartDeliveryTime: null,
  EndDeliveryDate: null,
  EndDeliveryTime: null,
  VehiclePlate: null,
  ATDocumentType: null,
  ElecCommStatus: null,
  ElecCommMessage: null,
  ReuseDocumentNum: 'tNO',
  ReuseNotaFiscalNum: 'tNO',
  PrintSEPADirect: 'tNO',
  FiscalDocNum: null,
  POSDailySummaryNo: null,
  POSReceiptNo: null,
  PointOfIssueCode: null,
  Letter: null,
  FolioNumberFrom: null,
  FolioNumberTo: null,
  InterimType: 'boidt_None',
  RelatedType: -1,
  RelatedEntry: null,
  SAPPassport: null,
  DocumentTaxID: null,
  DateOfReportingControlStatementVAT: null,
  ReportingSectionControlStatementVAT: null,
  ExcludeFromTaxReportControlStatementVAT: 'tNO',
  POS_CashRegister: null,
  UpdateTime: '13:02:04',
  CreateQRCodeFrom: null,
  PriceMode: null,
  ShipFrom: null,
  CommissionTrade: 'ct_Empty',
  CommissionTradeReturn: 'tNO',
  UseBillToAddrToDetermineTax: 'tNO',
  Cig: null,
  Cup: null,
  FatherCard: null,
  FatherType: 'cPayments_sum',
  ShipState: null,
  ShipPlace: null,
  CustOffice: null,
  FCI: null,
  AddLegIn: null,
  LegTextF: null,
  DANFELgTxt: null,
  IndFinal: 'tNO',
  DataVersion: 1,
  LastPageFolioNumber: null,
  U_ST_Activity: null,
  U_ST_Driver: null,
  U_ST_ShipNo: null,
  U_ST_ShipStatus: 'U',
  U_ST_QStatus: 'P',
  U_ST_isSigned: null,
  U_ST_ReturnType: null,
  U_ST_CreationTime: null,
  U_Location: null,
  U_Department: null,
  U_Approval: 'N',
  U_MKT_time: null,
  U_Arch: null,
  U_suspend: 'N',
  Document_ApprovalRequests: [],
  DocumentLines: [
    {
      LineNum: 0,
      ItemCode: 'RAN00981',
      ItemDescription: 'RANDA Wall Lamp DE-2128 BE E27 Iron + ORB IP23',
      Quantity: 4,
      ShipDate: '2026-09-28',
      Price: 52,
      PriceAfterVAT: 52,
      Currency: 'USD',
      Rate: 0,
      DiscountPercent: 0,
      VendorNum: null,
      SerialNum: null,
      WarehouseCode: 'KRA001',
      SalesPersonCode: 259,
      CommisionPercent: 0,
      TreeType: 'iNotATree',
      AccountCode: '411010001',
      UseBaseUnits: 'tNO',
      SupplierCatNum: null,
      CostingCode: null,
      ProjectCode: null,
      BarCode: '',
      VatGroup: 'X0',
      Height1: 0,
      Hight1Unit: null,
      Height2: 0,
      Height2Unit: null,
      Lengh1: 0,
      Lengh1Unit: null,
      Lengh2: 0,
      Lengh2Unit: null,
      Weight1: 0,
      Weight1Unit: null,
      Weight2: 0,
      Weight2Unit: null,
      Factor1: 1,
      Factor2: 1,
      Factor3: 1,
      Factor4: 1,
      BaseType: -1,
      BaseEntry: null,
      BaseLine: null,
      Volume: 0.150712,
      VolumeUnit: 4,
      Width1: 0,
      Width1Unit: null,
      Width2: 0,
      Width2Unit: null,
      Address: '',
      TaxCode: null,
      TaxType: 'tt_Yes',
      TaxLiable: 'tYES',
      PickStatus: 'tNO',
      PickQuantity: 0,
      PickListIdNumber: null,
      OriginalItem: null,
      BackOrder: 'tYES',
      FreeText: '',
      ShippingMethod: 2,
      POTargetNum: null,
      POTargetEntry: null,
      POTargetRowNum: null,
      CorrectionInvoiceItem: 'ciis_ShouldBe',
      CorrInvAmountToStock: 0,
      CorrInvAmountToDiffAcct: 0,
      AppliedTax: 0,
      AppliedTaxFC: 0,
      AppliedTaxSC: 0,
      WTLiable: 'tNO',
      DeferredTax: 'tNO',
      EqualizationTaxPercent: 0,
      TotalEqualizationTax: 0,
      TotalEqualizationTaxFC: 0,
      TotalEqualizationTaxSC: 0,
      NetTaxAmount: 0,
      NetTaxAmountFC: 0,
      NetTaxAmountSC: 0,
      MeasureUnit: 'PCS',
      UnitsOfMeasurment: 1,
      LineTotal: 208,
      TaxPercentagePerRow: 0,
      TaxTotal: 0,
      ConsumerSalesForecast: 'tYES',
      ExciseAmount: 0,
      TaxPerUnit: 0,
      TotalInclTax: 0,
      CountryOrg: 'CN',
      SWW: null,
      TransactionType: null,
      DistributeExpense: 'tYES',
      RowTotalFC: 0,
      RowTotalSC: 301600,
      LastBuyInmPrice: 0,
      LastBuyDistributeSumFc: 0,
      LastBuyDistributeSumSc: 0,
      LastBuyDistributeSum: 0,
      StockDistributesumForeign: 0,
      StockDistributesumSystem: 0,
      StockDistributesum: 0,
      StockInmPrice: 0,
      PickStatusEx: 'dlps_NotPicked',
      TaxBeforeDPM: 0,
      TaxBeforeDPMFC: 0,
      TaxBeforeDPMSC: 0,
      CFOPCode: null,
      CSTCode: null,
      Usage: null,
      TaxOnly: 'tNO',
      VisualOrder: 0,
      BaseOpenQuantity: 0,
      UnitPrice: 52,
      LineStatus: 'bost_Open',
      PackageQuantity: 4,
      Text: '',
      LineType: 'dlt_Regular',
      COGSCostingCode: null,
      COGSAccountCode: '511010001',
      ChangeAssemlyBoMWarehouse: 'N',
      GrossBuyPrice: 18.22,
      GrossBase: -5,
      GrossProfitTotalBasePrice: 72.89,
      CostingCode2: null,
      CostingCode3: null,
      CostingCode4: null,
      CostingCode5: null,
      ItemDetails: null,
      LocationCode: null,
      ActualDeliveryDate: null,
      RemainingOpenQuantity: 4,
      OpenAmount: 208,
      OpenAmountFC: 0,
      OpenAmountSC: 301600,
      ExLineNo: null,
      RequiredDate: null,
      RequiredQuantity: 0,
      COGSCostingCode2: null,
      COGSCostingCode3: null,
      COGSCostingCode4: null,
      COGSCostingCode5: null,
      CSTforIPI: null,
      CSTforPIS: null,
      CSTforCOFINS: null,
      CreditOriginCode: null,
      WithoutInventoryMovement: 'tNO',
      AgreementNo: null,
      AgreementRowNumber: null,
      ActualBaseEntry: null,
      ActualBaseLine: null,
      DocEntry: 282056,
      Surpluses: 0,
      DefectAndBreakup: 0,
      Shortages: 0,
      ConsiderQuantity: 'tNO',
      PartialRetirement: 'tNO',
      RetirementQuantity: 0,
      RetirementAPC: 0,
      ThirdParty: 'tNO',
      PoNum: null,
      PoItmNum: null,
      ExpenseType: null,
      ReceiptNumber: null,
      ExpenseOperationType: null,
      FederalTaxID: null,
      GrossProfit: 135.11,
      GrossProfitFC: 0,
      GrossProfitSC: 195909.5,
      PriceSource: 'dpsManual',
      StgSeqNum: null,
      StgEntry: null,
      StgDesc: null,
      UoMEntry: 1,
      UoMCode: 'PCS',
      InventoryQuantity: 4,
      RemainingOpenInventoryQuantity: 4,
      ParentLineNum: null,
      Incoterms: 0,
      TransportMode: 0,
      NatureOfTransaction: null,
      DestinationCountryForImport: null,
      DestinationRegionForImport: null,
      OriginCountryForExport: null,
      OriginRegionForExport: null,
      ItemType: 'dit_Item',
      ChangeInventoryQuantityIndependently: 'tNO',
      FreeOfChargeBP: 'tNO',
      SACEntry: null,
      HSNEntry: null,
      GrossPrice: 52,
      GrossTotal: 208,
      GrossTotalFC: 0,
      GrossTotalSC: 301600,
      NCMCode: -1,
      NVECode: null,
      IndEscala: 'tNO',
      CtrSealQty: 0,
      CNJPMan: null,
      CESTCode: null,
      UFFiscalBenefitCode: null,
      ReverseCharge: 'tNO',
      ShipToCode: null,
      ShipToDescription: '',
      OwnerCode: null,
      ExternalCalcTaxRate: 0,
      ExternalCalcTaxAmount: 0,
      ExternalCalcTaxAmountFC: 0,
      ExternalCalcTaxAmountSC: 0,
      StandardItemIdentification: null,
      CommodityClassification: null,
      UnencumberedReason: null,
      CUSplit: 'tNO',
      U_ST_DelDate: null,
      U_ST_ShipStatus: 'U',
      U_ST_SalePrice: 0,
      U_ST_Text: null,
      U_ST_TerritL: null,
      U_ST_WhsName: null,
      U_ST_WhsNameTo: null,
      U_Vol: 0,
      U_UOM: null,
      U_U_PARTNO: null,
      LineTaxJurisdictions: [],
      DocumentLineAdditionalExpenses: [],
      WithholdingTaxLines: [],
      SerialNumbers: [],
      BatchNumbers: [],
      DocumentLinesBinAllocations: []
    }
  ],
  ElectronicProtocols: [],
  DocumentAdditionalExpenses: [],
  WithholdingTaxDataWTXCollection: [],
  WithholdingTaxDataCollection: [],
  DocumentSpecialLines: [],
  TaxExtension: {
    TaxId0: null,
    TaxId1: null,
    TaxId2: null,
    TaxId3: null,
    TaxId4: null,
    TaxId5: null,
    TaxId6: null,
    TaxId7: null,
    TaxId8: null,
    TaxId9: null,
    State: null,
    County: null,
    Incoterms: null,
    Vehicle: null,
    VehicleState: null,
    NFRef: null,
    Carrier: null,
    PackQuantity: null,
    PackDescription: null,
    Brand: null,
    ShipUnitNo: null,
    NetWeight: 0,
    GrossWeight: 0,
    StreetS: null,
    BlockS: null,
    BuildingS: null,
    CityS: null,
    ZipCodeS: null,
    CountyS: null,
    StateS: null,
    CountryS: null,
    StreetB: null,
    BlockB: null,
    BuildingB: null,
    CityB: null,
    ZipCodeB: null,
    CountyB: null,
    StateB: null,
    CountryB: null,
    ImportOrExport: null,
    MainUsage: null,
    GlobalLocationNumberS: null,
    GlobalLocationNumberB: null,
    TaxId12: null,
    TaxId13: null,
    BillOfEntryNo: null,
    BillOfEntryDate: null,
    OriginalBillOfEntryNo: null,
    OriginalBillOfEntryDate: null,
    ImportOrExportType: 'et_IpmortsOrExports',
    PortCode: null,
    DocEntry: 282056,
    BoEValue: 0,
    ClaimRefund: null,
    DifferentialOfTaxRate: null,
    IsIGSTAccount: null
  },
  AddressExtension: {
    ShipToStreet: null,
    ShipToStreetNo: null,
    ShipToBlock: null,
    ShipToBuilding: null,
    ShipToCity: null,
    ShipToZipCode: null,
    ShipToCounty: null,
    ShipToState: null,
    ShipToCountry: null,
    ShipToAddressType: null,
    BillToStreet: null,
    BillToStreetNo: null,
    BillToBlock: null,
    BillToBuilding: null,
    BillToCity: null,
    BillToZipCode: null,
    BillToCounty: null,
    BillToState: null,
    BillToCountry: null,
    BillToAddressType: null,
    ShipToGlobalLocationNumber: null,
    BillToGlobalLocationNumber: null,
    ShipToAddress2: null,
    ShipToAddress3: null,
    BillToAddress2: null,
    BillToAddress3: null,
    PlaceOfSupply: null,
    PurchasePlaceOfSupply: null,
    DocEntry: 282056,
    GoodsIssuePlaceBP: null,
    GoodsIssuePlaceCNPJ: null,
    GoodsIssuePlaceCPF: null,
    GoodsIssuePlaceStreet: null,
    GoodsIssuePlaceStreetNo: null,
    GoodsIssuePlaceBuilding: null,
    GoodsIssuePlaceZip: null,
    GoodsIssuePlaceBlock: null,
    GoodsIssuePlaceCity: null,
    GoodsIssuePlaceCounty: null,
    GoodsIssuePlaceState: null,
    GoodsIssuePlaceCountry: null,
    GoodsIssuePlacePhone: null,
    GoodsIssuePlaceEMail: null,
    GoodsIssuePlaceDepartureDate: null,
    DeliveryPlaceBP: null,
    DeliveryPlaceCNPJ: null,
    DeliveryPlaceCPF: null,
    DeliveryPlaceStreet: null,
    DeliveryPlaceStreetNo: null,
    DeliveryPlaceBuilding: null,
    DeliveryPlaceZip: null,
    DeliveryPlaceBlock: null,
    DeliveryPlaceCity: null,
    DeliveryPlaceCounty: null,
    DeliveryPlaceState: null,
    DeliveryPlaceCountry: null,
    DeliveryPlacePhone: null,
    DeliveryPlaceEMail: null,
    DeliveryPlaceDepartureDate: null
  },
  DocumentReferences: []
}
📡 Fetching Territories from SAP HANA...
✅ تم جلب 280 منطقة بنجاح
🔐 محاولة تسجيل الدخول في SAP بواسطة: KarRetSale4
✅ تسجيل دخول ناجح إلى SAP بواسطة KarRetSale4
🧾 Final payload to SAP: {
  "RepID": "265       ",
  "CardCode": "CUS00033145",
  "DocDueDate": "2026-09-28",
  "DocCurrency": "IQD",
  "DocumentLines": [
    {
      "ItemCode": "EGL00496",
      "Quantity": 4,
      "UnitPrice": 58000,
      "WarehouseCode": "EWJ001",
      "DiscountPercent": 47.3,
      "FreeText": "DG:47.3"
    }
  ],
  "U_CreatedBy": "basheer.abbas",
  "SalesPersonCode": 265
}
🧾 أمر البيع أنشئ بنجاح من قبل KarRetSale4: {
  'odata.metadata': 'https://hanab1:50000/b1s/v1/$metadata#Orders/@Element',
  'odata.etag': 'W/"356A192B7913B04C54574D18C28D46E6395428AB"',
  DocEntry: 282074,
  DocNum: 2611409,
  DocType: 'dDocument_Items',
  HandWritten: 'tNO',
  Printed: 'psNo',
  DocDate: '2026-09-28',
  DocDueDate: '2026-09-28',
  CardCode: 'CUS00033145',
  CardName: 'علي رياض عبد الأمير',
  Address: null,
  NumAtCard: null,
  DocTotal: 84.32,
  AttachmentEntry: null,
  DocCurrency: 'IQD',
  DocRate: 1450,
  Reference1: '2611409',
  Reference2: null,
  Comments: '',
  JournalMemo: 'Sales Orders - CUS00033145',
  PaymentGroupCode: -1,
  DocTime: '14:43:00',
  SalesPersonCode: 265,
  TransportationCode: -1,
  Confirmed: 'tYES',
  ImportFileNum: null,
  SummeryType: 'dNoSummary',
  ContactPersonCode: null,
  ShowSCN: 'tNO',
  Series: 264,
  TaxDate: '2026-09-28',
  PartialSupply: 'tYES',
  DocObjectCode: 'oOrders',
  ShipToCode: null,
  Indicator: null,
  FederalTaxID: null,
  DiscountPercent: 0,
  PaymentReference: null,
  CreationDate: '2026-09-28',
  UpdateDate: '2026-09-28',
  FinancialPeriod: 62,
  UserSign: 134,
  TransNum: null,
  VatSum: 0,
  VatSumSys: 0,
  VatSumFc: 0,
  NetProcedure: 'tNO',
  DocTotalFc: 122264,
  DocTotalSys: 122264,
  Form1099: null,
  Box1099: null,
  RevisionPo: 'tNO',
  RequriedDate: '2026-09-28',
  CancelDate: '2026-10-28',
  BlockDunning: 'tNO',
  Submitted: 'tNO',
  Segment: 0,
  PickStatus: 'tNO',
  Pick: 'tNO',
  PaymentMethod: null,
  PaymentBlock: 'tNO',
  PaymentBlockEntry: null,
  CentralBankIndicator: null,
  MaximumCashDiscount: 'tNO',
  Reserve: 'tNO',
  Project: null,
  ExemptionValidityDateFrom: null,
  ExemptionValidityDateTo: null,
  WareHouseUpdateType: 'dwh_CustomerOrders',
  Rounding: 'tNO',
  ExternalCorrectedDocNum: null,
  InternalCorrectedDocNum: null,
  NextCorrectingDocument: null,
  DeferredTax: 'tNO',
  TaxExemptionLetterNum: null,
  WTApplied: 0,
  WTAppliedFC: 0,
  BillOfExchangeReserved: 'tNO',
  AgentCode: null,
  WTAppliedSC: 0,
  TotalEqualizationTax: 0,
  TotalEqualizationTaxFC: 0,
  TotalEqualizationTaxSC: 0,
  NumberOfInstallments: 1,
  ApplyTaxOnFirstInstallment: 'tNO',
  WTNonSubjectAmount: 0,
  WTNonSubjectAmountSC: 0,
  WTNonSubjectAmountFC: 0,
  WTExemptedAmount: 0,
  WTExemptedAmountSC: 0,
  WTExemptedAmountFC: 0,
  BaseAmount: 0,
  BaseAmountSC: 0,
  BaseAmountFC: 0,
  WTAmount: 0,
  WTAmountSC: 0,
  WTAmountFC: 0,
  VatDate: null,
  DocumentsOwner: null,
  FolioPrefixString: null,
  FolioNumber: null,
  DocumentSubType: 'bod_None',
  BPChannelCode: null,
  BPChannelContact: null,
  Address2: '',
  DocumentStatus: 'bost_Open',
  PeriodIndicator: 'Default',
  PayToCode: null,
  ManualNumber: null,
  UseShpdGoodsAct: 'tNO',
  IsPayToBank: 'tNO',
  PayToBankCountry: null,
  PayToBankCode: null,
  PayToBankAccountNo: null,
  PayToBankBranch: null,
  BPL_IDAssignedToInvoice: null,
  DownPayment: 0,
  ReserveInvoice: 'tNO',
  LanguageCode: 8,
  TrackingNumber: null,
  PickRemark: null,
  ClosingDate: null,
  SequenceCode: null,
  SequenceSerial: null,
  SeriesString: null,
  SubSeriesString: null,
  SequenceModel: '0',
  UseCorrectionVATGroup: 'tNO',
  TotalDiscount: 0,
  DownPaymentAmount: 0,
  DownPaymentPercentage: 0,
  DownPaymentType: 'dptInvoice',
  DownPaymentAmountSC: 0,
  DownPaymentAmountFC: 0,
  VatPercent: 0,
  ServiceGrossProfitPercent: 0,
  OpeningRemarks: null,
  ClosingRemarks: null,
  RoundingDiffAmount: 0,
  RoundingDiffAmountFC: 0,
  RoundingDiffAmountSC: 0,
  Cancelled: 'tNO',
  SignatureInputMessage: null,
  SignatureDigest: null,
  CertificationNumber: null,
  PrivateKeyVersion: null,
  ControlAccount: '112020001',
  InsuranceOperation347: 'tNO',
  ArchiveNonremovableSalesQuotation: 'tNO',
  GTSChecker: null,
  GTSPayee: null,
  ExtraMonth: 0,
  ExtraDays: 0,
  CashDiscountDateOffset: 0,
  StartFrom: 'pdt_None',
  NTSApproved: 'tNO',
  ETaxWebSite: null,
  ETaxNumber: null,
  NTSApprovedNumber: null,
  EDocGenerationType: 'edocNotRelevant',
  EDocSeries: null,
  EDocNum: null,
  EDocExportFormat: null,
  EDocStatus: 'edoc_Ok',
  EDocErrorCode: null,
  EDocErrorMessage: null,
  DownPaymentStatus: 'so_Open',
  GroupSeries: null,
  GroupNumber: null,
  GroupHandWritten: 'tNO',
  ReopenOriginalDocument: null,
  ReopenManuallyClosedOrCanceledDocument: null,
  CreateOnlineQuotation: 'tNO',
  POSEquipmentNumber: null,
  POSManufacturerSerialNumber: null,
  POSCashierNumber: null,
  ApplyCurrentVATRatesForDownPaymentsToDraw: 'tNO',
  ClosingOption: 'coByCurrentSystemDate',
  SpecifiedClosingDate: null,
  OpenForLandedCosts: 'tYES',
  AuthorizationStatus: 'dasWithout',
  TotalDiscountFC: 0,
  TotalDiscountSC: 0,
  RelevantToGTS: 'tNO',
  BPLName: null,
  VATRegNum: null,
  AnnualInvoiceDeclarationReference: null,
  Supplier: null,
  Releaser: null,
  Receiver: null,
  BlanketAgreementNumber: null,
  IsAlteration: 'tNO',
  CancelStatus: 'csNo',
  AssetValueDate: null,
  DocumentDelivery: 'ddtNoneSeleted',
  AuthorizationCode: null,
  StartDeliveryDate: null,
  StartDeliveryTime: null,
  EndDeliveryDate: null,
  EndDeliveryTime: null,
  VehiclePlate: null,
  ATDocumentType: null,
  ElecCommStatus: null,
  ElecCommMessage: null,
  ReuseDocumentNum: 'tNO',
  ReuseNotaFiscalNum: 'tNO',
  PrintSEPADirect: 'tNO',
  FiscalDocNum: null,
  POSDailySummaryNo: null,
  POSReceiptNo: null,
  PointOfIssueCode: null,
  Letter: null,
  FolioNumberFrom: null,
  FolioNumberTo: null,
  InterimType: 'boidt_None',
  RelatedType: -1,
  RelatedEntry: null,
  SAPPassport: null,
  DocumentTaxID: null,
  DateOfReportingControlStatementVAT: null,
  ReportingSectionControlStatementVAT: null,
  ExcludeFromTaxReportControlStatementVAT: 'tNO',
  POS_CashRegister: null,
  UpdateTime: '14:43:00',
  CreateQRCodeFrom: null,
  PriceMode: null,
  ShipFrom: null,
  CommissionTrade: 'ct_Empty',
  CommissionTradeReturn: 'tNO',
  UseBillToAddrToDetermineTax: 'tNO',
  Cig: null,
  Cup: null,
  FatherCard: null,
  FatherType: 'cPayments_sum',
  ShipState: null,
  ShipPlace: null,
  CustOffice: null,
  FCI: null,
  AddLegIn: null,
  LegTextF: null,
  DANFELgTxt: null,
  IndFinal: 'tNO',
  DataVersion: 1,
  LastPageFolioNumber: null,
  U_ST_Activity: null,
  U_ST_Driver: null,
  U_ST_ShipNo: null,
  U_ST_ShipStatus: 'U',
  U_ST_QStatus: 'P',
  U_ST_isSigned: null,
  U_ST_ReturnType: null,
  U_ST_CreationTime: null,
  U_Location: null,
  U_Department: null,
  U_Approval: 'N',
  U_MKT_time: null,
  U_Arch: null,
  U_suspend: 'N',
  Document_ApprovalRequests: [],
  DocumentLines: [
    {
      LineNum: 0,
      ItemCode: 'EGL00496',
      ItemDescription: 'Eglo MASERLO - Pendant Lamp - LED- Ø380 Taupe+ Gold',
      Quantity: 4,
      ShipDate: '2026-09-28',
      Price: 30566,
      PriceAfterVAT: 30566,
      Currency: 'IQD',
      Rate: 1450,
      DiscountPercent: 47.3,
      VendorNum: null,
      SerialNum: null,
      WarehouseCode: 'EWJ001',
      SalesPersonCode: 265,
      CommisionPercent: 0,
      TreeType: 'iNotATree',
      AccountCode: '411010001',
      UseBaseUnits: 'tNO',
      SupplierCatNum: null,
      CostingCode: null,
      ProjectCode: null,
      BarCode: '',
      VatGroup: 'X0',
      Height1: 0,
      Hight1Unit: null,
      Height2: 0,
      Height2Unit: null,
      Lengh1: 0,
      Lengh1Unit: null,
      Lengh2: 0,
      Lengh2Unit: null,
      Weight1: 0,
      Weight1Unit: null,
      Weight2: 0,
      Weight2Unit: null,
      Factor1: 1,
      Factor2: 1,
      Factor3: 1,
      Factor4: 1,
      BaseType: -1,
      BaseEntry: null,
      BaseLine: null,
      Volume: 0.168,
      VolumeUnit: 4,
      Width1: 0,
      Width1Unit: null,
      Width2: 0,
      Width2Unit: null,
      Address: '',
      TaxCode: null,
      TaxType: 'tt_Yes',
      TaxLiable: 'tYES',
      PickStatus: 'tNO',
      PickQuantity: 0,
      PickListIdNumber: null,
      OriginalItem: null,
      BackOrder: 'tYES',
      FreeText: 'DG:47.3',
      ShippingMethod: 1,
      POTargetNum: null,
      POTargetEntry: null,
      POTargetRowNum: null,
      CorrectionInvoiceItem: 'ciis_ShouldBe',
      CorrInvAmountToStock: 0,
      CorrInvAmountToDiffAcct: 0,
      AppliedTax: 0,
      AppliedTaxFC: 0,
      AppliedTaxSC: 0,
      WTLiable: 'tNO',
      DeferredTax: 'tNO',
      EqualizationTaxPercent: 0,
      TotalEqualizationTax: 0,
      TotalEqualizationTaxFC: 0,
      TotalEqualizationTaxSC: 0,
      NetTaxAmount: 0,
      NetTaxAmountFC: 0,
      NetTaxAmountSC: 0,
      MeasureUnit: 'PCS',
      UnitsOfMeasurment: 1,
      LineTotal: 84.32,
      TaxPercentagePerRow: 0,
      TaxTotal: 0,
      ConsumerSalesForecast: 'tYES',
      ExciseAmount: 0,
      TaxPerUnit: 0,
      TotalInclTax: 0,
      CountryOrg: 'CN',
      SWW: '12007782',
      TransactionType: null,
      DistributeExpense: 'tYES',
      RowTotalFC: 122264,
      RowTotalSC: 122264,
      LastBuyInmPrice: 0,
      LastBuyDistributeSumFc: 0,
      LastBuyDistributeSumSc: 0,
      LastBuyDistributeSum: 0,
      StockDistributesumForeign: 0,
      StockDistributesumSystem: 0,
      StockDistributesum: 0,
      StockInmPrice: 0,
      PickStatusEx: 'dlps_NotPicked',
      TaxBeforeDPM: 0,
      TaxBeforeDPMFC: 0,
      TaxBeforeDPMSC: 0,
      CFOPCode: null,
      CSTCode: null,
      Usage: null,
      TaxOnly: 'tNO',
      VisualOrder: 0,
      BaseOpenQuantity: 0,
      UnitPrice: 58000,
      LineStatus: 'bost_Open',
      PackageQuantity: 4,
      Text: 'DG:47.3',
      LineType: 'dlt_Regular',
      COGSCostingCode: null,
      COGSAccountCode: '511010001',
      ChangeAssemlyBoMWarehouse: 'N',
      GrossBuyPrice: 18.33,
      GrossBase: -5,
      GrossProfitTotalBasePrice: 73.32,
      CostingCode2: null,
      CostingCode3: null,
      CostingCode4: null,
      CostingCode5: null,
      ItemDetails: null,
      LocationCode: null,
      ActualDeliveryDate: null,
      RemainingOpenQuantity: 4,
      OpenAmount: 84.32,
      OpenAmountFC: 122264,
      OpenAmountSC: 122264,
      ExLineNo: null,
      RequiredDate: null,
      RequiredQuantity: 0,
      COGSCostingCode2: null,
      COGSCostingCode3: null,
      COGSCostingCode4: null,
      COGSCostingCode5: null,
      CSTforIPI: null,
      CSTforPIS: null,
      CSTforCOFINS: null,
      CreditOriginCode: null,
      WithoutInventoryMovement: 'tNO',
      AgreementNo: null,
      AgreementRowNumber: null,
      ActualBaseEntry: null,
      ActualBaseLine: null,
      DocEntry: 282074,
      Surpluses: 0,
      DefectAndBreakup: 0,
      Shortages: 0,
      ConsiderQuantity: 'tNO',
      PartialRetirement: 'tNO',
      RetirementQuantity: 0,
      RetirementAPC: 0,
      ThirdParty: 'tNO',
      PoNum: null,
      PoItmNum: null,
      ExpenseType: null,
      ReceiptNumber: null,
      ExpenseOperationType: null,
      FederalTaxID: null,
      GrossProfit: 11,
      GrossProfitFC: 15950,
      GrossProfitSC: 15950,
      PriceSource: 'dpsManual',
      StgSeqNum: null,
      StgEntry: null,
      StgDesc: null,
      UoMEntry: 1,
      UoMCode: 'PCS',
      InventoryQuantity: 4,
      RemainingOpenInventoryQuantity: 4,
      ParentLineNum: null,
      Incoterms: 0,
      TransportMode: 0,
      NatureOfTransaction: null,
      DestinationCountryForImport: null,
      DestinationRegionForImport: null,
      OriginCountryForExport: null,
      OriginRegionForExport: null,
      ItemType: 'dit_Item',
      ChangeInventoryQuantityIndependently: 'tNO',
      FreeOfChargeBP: 'tNO',
      SACEntry: null,
      HSNEntry: null,
      GrossPrice: 58000,
      GrossTotal: 84.32,
      GrossTotalFC: 122264,
      GrossTotalSC: 122264,
      NCMCode: -1,
      NVECode: null,
      IndEscala: 'tNO',
      CtrSealQty: 0,
      CNJPMan: null,
      CESTCode: null,
      UFFiscalBenefitCode: null,
      ReverseCharge: 'tNO',
      ShipToCode: null,
      ShipToDescription: '',
      OwnerCode: null,
      ExternalCalcTaxRate: 0,
      ExternalCalcTaxAmount: 0,
      ExternalCalcTaxAmountFC: 0,
      ExternalCalcTaxAmountSC: 0,
      StandardItemIdentification: null,
      CommodityClassification: null,
      UnencumberedReason: null,
      CUSplit: 'tNO',
      U_ST_DelDate: null,
      U_ST_ShipStatus: 'U',
      U_ST_SalePrice: 0,
      U_ST_Text: null,
      U_ST_TerritL: null,
      U_ST_WhsName: null,
      U_ST_WhsNameTo: null,
      U_Vol: 0,
      U_UOM: null,
      U_U_PARTNO: null,
      LineTaxJurisdictions: [],
      DocumentLineAdditionalExpenses: [],
      WithholdingTaxLines: [],
      SerialNumbers: [],
      BatchNumbers: [],
      DocumentLinesBinAllocations: []
    }
  ],
  ElectronicProtocols: [],
  DocumentAdditionalExpenses: [],
  WithholdingTaxDataWTXCollection: [],
  WithholdingTaxDataCollection: [],
  DocumentSpecialLines: [],
  TaxExtension: {
    TaxId0: null,
    TaxId1: null,
    TaxId2: null,
    TaxId3: null,
    TaxId4: null,
    TaxId5: null,
    TaxId6: null,
    TaxId7: null,
    TaxId8: null,
    TaxId9: null,
    State: null,
    County: null,
    Incoterms: null,
    Vehicle: null,
    VehicleState: null,
    NFRef: null,
    Carrier: null,
    PackQuantity: null,
    PackDescription: null,
    Brand: null,
    ShipUnitNo: null,
    NetWeight: 0,
    GrossWeight: 0,
    StreetS: null,
    BlockS: null,
    BuildingS: null,
    CityS: null,
    ZipCodeS: null,
    CountyS: null,
    StateS: null,
    CountryS: null,
    StreetB: null,
    BlockB: null,
    BuildingB: null,
    CityB: null,
    ZipCodeB: null,
    CountyB: null,
    StateB: null,
    CountryB: null,
    ImportOrExport: null,
    MainUsage: null,
    GlobalLocationNumberS: null,
    GlobalLocationNumberB: null,
    TaxId12: null,
    TaxId13: null,
    BillOfEntryNo: null,
    BillOfEntryDate: null,
    OriginalBillOfEntryNo: null,
    OriginalBillOfEntryDate: null,
    ImportOrExportType: 'et_IpmortsOrExports',
    PortCode: null,
    DocEntry: 282074,
    BoEValue: 0,
    ClaimRefund: null,
    DifferentialOfTaxRate: null,
    IsIGSTAccount: null
  },
  AddressExtension: {
    ShipToStreet: null,
    ShipToStreetNo: null,
    ShipToBlock: null,
    ShipToBuilding: null,
    ShipToCity: null,
    ShipToZipCode: null,
    ShipToCounty: null,
    ShipToState: null,
    ShipToCountry: null,
    ShipToAddressType: null,
    BillToStreet: null,
    BillToStreetNo: null,
    BillToBlock: null,
    BillToBuilding: null,
    BillToCity: null,
    BillToZipCode: null,
    BillToCounty: null,
    BillToState: null,
    BillToCountry: null,
    BillToAddressType: null,
    ShipToGlobalLocationNumber: null,
    BillToGlobalLocationNumber: null,
    ShipToAddress2: null,
    ShipToAddress3: null,
    BillToAddress2: null,
    BillToAddress3: null,
    PlaceOfSupply: null,
    PurchasePlaceOfSupply: null,
    DocEntry: 282074,
    GoodsIssuePlaceBP: null,
    GoodsIssuePlaceCNPJ: null,
    GoodsIssuePlaceCPF: null,
    GoodsIssuePlaceStreet: null,
    GoodsIssuePlaceStreetNo: null,
    GoodsIssuePlaceBuilding: null,
    GoodsIssuePlaceZip: null,
    GoodsIssuePlaceBlock: null,
    GoodsIssuePlaceCity: null,
    GoodsIssuePlaceCounty: null,
    GoodsIssuePlaceState: null,
    GoodsIssuePlaceCountry: null,
    GoodsIssuePlacePhone: null,
    GoodsIssuePlaceEMail: null,
    GoodsIssuePlaceDepartureDate: null,
    DeliveryPlaceBP: null,
    DeliveryPlaceCNPJ: null,
    DeliveryPlaceCPF: null,
    DeliveryPlaceStreet: null,
    DeliveryPlaceStreetNo: null,
    DeliveryPlaceBuilding: null,
    DeliveryPlaceZip: null,
    DeliveryPlaceBlock: null,
    DeliveryPlaceCity: null,
    DeliveryPlaceCounty: null,
    DeliveryPlaceState: null,
    DeliveryPlaceCountry: null,
    DeliveryPlacePhone: null,
    DeliveryPlaceEMail: null,
    DeliveryPlaceDepartureDate: null
  },
  DocumentReferences: []
}
   ▲ Next.js 15.5.4
   - Local:        http://localhost:3002
   - Network:      http://0.0.0.0:3002

 ✓ Starting...
 ✓ Ready in 9.9s
🔐 تسجيل الدخول في SAP بواسطة: ManRetSale4
✅ تسجيل دخول ناجح في SAP
📋 فلترة حسب المندوب: SalesPersonCode = 74        
🔐 محاولة تسجيل الدخول في SAP بواسطة: ManRetSale4
✅ تسجيل دخول ناجح إلى SAP بواسطة ManRetSale4
🧾 Final payload to SAP: {
  "RepID": "260       ",
  "CardCode": "CUS00011130",
  "DocDueDate": "2026-09-29",
  "DocCurrency": "IQD",
  "DocumentLines": [
    {
      "ItemCode": "OPP01365",
      "Quantity": 1,
      "UnitPrice": 3500,
      "WarehouseCode": "MNS001",
      "DiscountPercent": 0,
      "FreeText": ""
    }
  ],
  "U_CreatedBy": "halah.saad",
  "SalesPersonCode": 260
}
🧾 أمر البيع أنشئ بنجاح من قبل ManRetSale4: {
  'odata.metadata': 'https://hanab1:50000/b1s/v1/$metadata#Orders/@Element',
  'odata.etag': 'W/"356A192B7913B04C54574D18C28D46E6395428AB"',
  DocEntry: 282188,
  DocNum: 2611438,
  DocType: 'dDocument_Items',
  HandWritten: 'tNO',
  Printed: 'psNo',
  DocDate: '2026-09-29',
  DocDueDate: '2026-09-29',
  CardCode: 'CUS00011130',
  CardName: 'خلدون اسعد مبارك',
  Address: null,
  NumAtCard: null,
  DocTotal: 2.41,
  AttachmentEntry: null,
  DocCurrency: 'IQD',
  DocRate: 1450,
  Reference1: '2611438',
  Reference2: null,
  Comments: '',
  JournalMemo: 'Sales Orders - CUS00011130',
  PaymentGroupCode: -1,
  DocTime: '10:21:00',
  SalesPersonCode: 260,
  TransportationCode: -1,
  Confirmed: 'tYES',
  ImportFileNum: null,
  SummeryType: 'dNoSummary',
  ContactPersonCode: null,
  ShowSCN: 'tNO',
  Series: 264,
  TaxDate: '2026-09-29',
  PartialSupply: 'tYES',
  DocObjectCode: 'oOrders',
  ShipToCode: null,
  Indicator: null,
  FederalTaxID: null,
  DiscountPercent: 0,
  PaymentReference: null,
  CreationDate: '2026-09-29',
  UpdateDate: '2026-09-29',
  FinancialPeriod: 62,
  UserSign: 136,
  TransNum: null,
  VatSum: 0,
  VatSumSys: 0,
  VatSumFc: 0,
  NetProcedure: 'tNO',
  DocTotalFc: 3500,
  DocTotalSys: 3500,
  Form1099: null,
  Box1099: null,
  RevisionPo: 'tNO',
  RequriedDate: '2026-09-29',
  CancelDate: '2026-10-29',
  BlockDunning: 'tNO',
  Submitted: 'tNO',
  Segment: 0,
  PickStatus: 'tNO',
  Pick: 'tNO',
  PaymentMethod: null,
  PaymentBlock: 'tNO',
  PaymentBlockEntry: null,
  CentralBankIndicator: null,
  MaximumCashDiscount: 'tNO',
  Reserve: 'tNO',
  Project: null,
  ExemptionValidityDateFrom: null,
  ExemptionValidityDateTo: null,
  WareHouseUpdateType: 'dwh_CustomerOrders',
  Rounding: 'tNO',
  ExternalCorrectedDocNum: null,
  InternalCorrectedDocNum: null,
  NextCorrectingDocument: null,
  DeferredTax: 'tNO',
  TaxExemptionLetterNum: null,
  WTApplied: 0,
  WTAppliedFC: 0,
  BillOfExchangeReserved: 'tNO',
  AgentCode: null,
  WTAppliedSC: 0,
  TotalEqualizationTax: 0,
  TotalEqualizationTaxFC: 0,
  TotalEqualizationTaxSC: 0,
  NumberOfInstallments: 1,
  ApplyTaxOnFirstInstallment: 'tNO',
  WTNonSubjectAmount: 0,
  WTNonSubjectAmountSC: 0,
  WTNonSubjectAmountFC: 0,
  WTExemptedAmount: 0,
  WTExemptedAmountSC: 0,
  WTExemptedAmountFC: 0,
  BaseAmount: 0,
  BaseAmountSC: 0,
  BaseAmountFC: 0,
  WTAmount: 0,
  WTAmountSC: 0,
  WTAmountFC: 0,
  VatDate: null,
  DocumentsOwner: null,
  FolioPrefixString: null,
  FolioNumber: null,
  DocumentSubType: 'bod_None',
  BPChannelCode: null,
  BPChannelContact: null,
  Address2: '',
  DocumentStatus: 'bost_Open',
  PeriodIndicator: 'Default',
  PayToCode: null,
  ManualNumber: null,
  UseShpdGoodsAct: 'tNO',
  IsPayToBank: 'tNO',
  PayToBankCountry: null,
  PayToBankCode: null,
  PayToBankAccountNo: null,
  PayToBankBranch: null,
  BPL_IDAssignedToInvoice: null,
  DownPayment: 0,
  ReserveInvoice: 'tNO',
  LanguageCode: 8,
  TrackingNumber: null,
  PickRemark: null,
  ClosingDate: null,
  SequenceCode: null,
  SequenceSerial: null,
  SeriesString: null,
  SubSeriesString: null,
  SequenceModel: '0',
  UseCorrectionVATGroup: 'tNO',
  TotalDiscount: 0,
  DownPaymentAmount: 0,
  DownPaymentPercentage: 0,
  DownPaymentType: 'dptInvoice',
  DownPaymentAmountSC: 0,
  DownPaymentAmountFC: 0,
  VatPercent: 0,
  ServiceGrossProfitPercent: 0,
  OpeningRemarks: null,
  ClosingRemarks: null,
  RoundingDiffAmount: 0,
  RoundingDiffAmountFC: 0,
  RoundingDiffAmountSC: 0,
  Cancelled: 'tNO',
  SignatureInputMessage: null,
  SignatureDigest: null,
  CertificationNumber: null,
  PrivateKeyVersion: null,
  ControlAccount: '112020001',
  InsuranceOperation347: 'tNO',
  ArchiveNonremovableSalesQuotation: 'tNO',
  GTSChecker: null,
  GTSPayee: null,
  ExtraMonth: 0,
  ExtraDays: 0,
  CashDiscountDateOffset: 0,
  StartFrom: 'pdt_None',
  NTSApproved: 'tNO',
  ETaxWebSite: null,
  ETaxNumber: null,
  NTSApprovedNumber: null,
  EDocGenerationType: 'edocNotRelevant',
  EDocSeries: null,
  EDocNum: null,
  EDocExportFormat: null,
  EDocStatus: 'edoc_Ok',
  EDocErrorCode: null,
  EDocErrorMessage: null,
  DownPaymentStatus: 'so_Open',
  GroupSeries: null,
  GroupNumber: null,
  GroupHandWritten: 'tNO',
  ReopenOriginalDocument: null,
  ReopenManuallyClosedOrCanceledDocument: null,
  CreateOnlineQuotation: 'tNO',
  POSEquipmentNumber: null,
  POSManufacturerSerialNumber: null,
  POSCashierNumber: null,
  ApplyCurrentVATRatesForDownPaymentsToDraw: 'tNO',
  ClosingOption: 'coByCurrentSystemDate',
  SpecifiedClosingDate: null,
  OpenForLandedCosts: 'tYES',
  AuthorizationStatus: 'dasWithout',
  TotalDiscountFC: 0,
  TotalDiscountSC: 0,
  RelevantToGTS: 'tNO',
  BPLName: null,
  VATRegNum: null,
  AnnualInvoiceDeclarationReference: null,
  Supplier: null,
  Releaser: null,
  Receiver: null,
  BlanketAgreementNumber: null,
  IsAlteration: 'tNO',
  CancelStatus: 'csNo',
  AssetValueDate: null,
  DocumentDelivery: 'ddtNoneSeleted',
  AuthorizationCode: null,
  StartDeliveryDate: null,
  StartDeliveryTime: null,
  EndDeliveryDate: null,
  EndDeliveryTime: null,
  VehiclePlate: null,
  ATDocumentType: null,
  ElecCommStatus: null,
  ElecCommMessage: null,
  ReuseDocumentNum: 'tNO',
  ReuseNotaFiscalNum: 'tNO',
  PrintSEPADirect: 'tNO',
  FiscalDocNum: null,
  POSDailySummaryNo: null,
  POSReceiptNo: null,
  PointOfIssueCode: null,
  Letter: null,
  FolioNumberFrom: null,
  FolioNumberTo: null,
  InterimType: 'boidt_None',
  RelatedType: -1,
  RelatedEntry: null,
  SAPPassport: null,
  DocumentTaxID: null,
  DateOfReportingControlStatementVAT: null,
  ReportingSectionControlStatementVAT: null,
  ExcludeFromTaxReportControlStatementVAT: 'tNO',
  POS_CashRegister: null,
  UpdateTime: '10:21:32',
  CreateQRCodeFrom: null,
  PriceMode: null,
  ShipFrom: null,
  CommissionTrade: 'ct_Empty',
  CommissionTradeReturn: 'tNO',
  UseBillToAddrToDetermineTax: 'tNO',
  Cig: null,
  Cup: null,
  FatherCard: null,
  FatherType: 'cPayments_sum',
  ShipState: null,
  ShipPlace: null,
  CustOffice: null,
  FCI: null,
  AddLegIn: null,
  LegTextF: null,
  DANFELgTxt: null,
  IndFinal: 'tNO',
  DataVersion: 1,
  LastPageFolioNumber: null,
  U_ST_Activity: null,
  U_ST_Driver: null,
  U_ST_ShipNo: null,
  U_ST_ShipStatus: 'U',
  U_ST_QStatus: 'P',
  U_ST_isSigned: null,
  U_ST_ReturnType: null,
  U_ST_CreationTime: null,
  U_Location: null,
  U_Department: null,
  U_Approval: 'N',
  U_MKT_time: null,
  U_Arch: null,
  U_suspend: 'N',
  Document_ApprovalRequests: [],
  DocumentLines: [
    {
      LineNum: 0,
      ItemCode: 'OPP01365',
      ItemDescription: 'OPPLE LED-E2-Stick Bulb-E27-13W-6500K-CT',
      Quantity: 1,
      ShipDate: '2026-09-29',
      Price: 3500,
      PriceAfterVAT: 3500,
      Currency: 'IQD',
      Rate: 1450,
      DiscountPercent: 0,
      VendorNum: null,
      SerialNum: null,
      WarehouseCode: 'MNS001',
      SalesPersonCode: 260,
      CommisionPercent: 0,
      TreeType: 'iNotATree',
      AccountCode: '411010001',
      UseBaseUnits: 'tNO',
      SupplierCatNum: null,
      CostingCode: null,
      ProjectCode: null,
      BarCode: '',
      VatGroup: 'X0',
      Height1: 0,
      Hight1Unit: null,
      Height2: 0,
      Height2Unit: null,
      Lengh1: 0,
      Lengh1Unit: null,
      Lengh2: 0,
      Lengh2Unit: null,
      Weight1: 0,
      Weight1Unit: null,
      Weight2: 0,
      Weight2Unit: null,
      Factor1: 1,
      Factor2: 1,
      Factor3: 1,
      Factor4: 1,
      BaseType: -1,
      BaseEntry: null,
      BaseLine: null,
      Volume: 0.000473,
      VolumeUnit: 4,
      Width1: 0,
      Width1Unit: null,
      Width2: 0,
      Width2Unit: null,
      Address: '',
      TaxCode: null,
      TaxType: 'tt_Yes',
      TaxLiable: 'tYES',
      PickStatus: 'tNO',
      PickQuantity: 0,
      PickListIdNumber: null,
      OriginalItem: null,
      BackOrder: 'tYES',
      FreeText: '',
      ShippingMethod: 2,
      POTargetNum: null,
      POTargetEntry: null,
      POTargetRowNum: null,
      CorrectionInvoiceItem: 'ciis_ShouldBe',
      CorrInvAmountToStock: 0,
      CorrInvAmountToDiffAcct: 0,
      AppliedTax: 0,
      AppliedTaxFC: 0,
      AppliedTaxSC: 0,
      WTLiable: 'tNO',
      DeferredTax: 'tNO',
      EqualizationTaxPercent: 0,
      TotalEqualizationTax: 0,
      TotalEqualizationTaxFC: 0,
      TotalEqualizationTaxSC: 0,
      NetTaxAmount: 0,
      NetTaxAmountFC: 0,
      NetTaxAmountSC: 0,
      MeasureUnit: 'PCS',
      UnitsOfMeasurment: 1,
      LineTotal: 2.41,
      TaxPercentagePerRow: 0,
      TaxTotal: 0,
      ConsumerSalesForecast: 'tYES',
      ExciseAmount: 0,
      TaxPerUnit: 0,
      TotalInclTax: 0,
      CountryOrg: null,
      SWW: null,
      TransactionType: null,
      DistributeExpense: 'tYES',
      RowTotalFC: 3500,
      RowTotalSC: 3500,
      LastBuyInmPrice: 0,
      LastBuyDistributeSumFc: 0,
      LastBuyDistributeSumSc: 0,
      LastBuyDistributeSum: 0,
      StockDistributesumForeign: 0,
      StockDistributesumSystem: 0,
      StockDistributesum: 0,
      StockInmPrice: 0,
      PickStatusEx: 'dlps_NotPicked',
      TaxBeforeDPM: 0,
      TaxBeforeDPMFC: 0,
      TaxBeforeDPMSC: 0,
      CFOPCode: null,
      CSTCode: null,
      Usage: null,
      TaxOnly: 'tNO',
      VisualOrder: 0,
      BaseOpenQuantity: 0,
      UnitPrice: 3500,
      LineStatus: 'bost_Open',
      PackageQuantity: 1,
      Text: '',
      LineType: 'dlt_Regular',
      COGSCostingCode: null,
      COGSAccountCode: '511010001',
      ChangeAssemlyBoMWarehouse: 'N',
      GrossBuyPrice: 1.18,
      GrossBase: -5,
      GrossProfitTotalBasePrice: 1.18,
      CostingCode2: null,
      CostingCode3: null,
      CostingCode4: null,
      CostingCode5: null,
      ItemDetails: null,
      LocationCode: null,
      ActualDeliveryDate: null,
      RemainingOpenQuantity: 1,
      OpenAmount: 2.41,
      OpenAmountFC: 3500,
      OpenAmountSC: 3500,
      ExLineNo: null,
      RequiredDate: null,
      RequiredQuantity: 0,
      COGSCostingCode2: null,
      COGSCostingCode3: null,
      COGSCostingCode4: null,
      COGSCostingCode5: null,
      CSTforIPI: null,
      CSTforPIS: null,
      CSTforCOFINS: null,
      CreditOriginCode: null,
      WithoutInventoryMovement: 'tNO',
      AgreementNo: null,
      AgreementRowNumber: null,
      ActualBaseEntry: null,
      ActualBaseLine: null,
      DocEntry: 282188,
      Surpluses: 0,
      DefectAndBreakup: 0,
      Shortages: 0,
      ConsiderQuantity: 'tNO',
      PartialRetirement: 'tNO',
      RetirementQuantity: 0,
      RetirementAPC: 0,
      ThirdParty: 'tNO',
      PoNum: null,
      PoItmNum: null,
      ExpenseType: null,
      ReceiptNumber: null,
      ExpenseOperationType: null,
      FederalTaxID: null,
      GrossProfit: 1.23,
      GrossProfitFC: 1789,
      GrossProfitSC: 1789,
      PriceSource: 'dpsManual',
      StgSeqNum: null,
      StgEntry: null,
      StgDesc: null,
      UoMEntry: 1,
      UoMCode: 'PCS',
      InventoryQuantity: 1,
      RemainingOpenInventoryQuantity: 1,
      ParentLineNum: null,
      Incoterms: 0,
      TransportMode: 0,
      NatureOfTransaction: null,
      DestinationCountryForImport: null,
      DestinationRegionForImport: null,
      OriginCountryForExport: null,
      OriginRegionForExport: null,
      ItemType: 'dit_Item',
      ChangeInventoryQuantityIndependently: 'tNO',
      FreeOfChargeBP: 'tNO',
      SACEntry: null,
      HSNEntry: null,
      GrossPrice: 3500,
      GrossTotal: 2.41,
      GrossTotalFC: 3500,
      GrossTotalSC: 3500,
      NCMCode: -1,
      NVECode: null,
      IndEscala: 'tNO',
      CtrSealQty: 0,
      CNJPMan: null,
      CESTCode: null,
      UFFiscalBenefitCode: null,
      ReverseCharge: 'tNO',
      ShipToCode: null,
      ShipToDescription: '',
      OwnerCode: null,
      ExternalCalcTaxRate: 0,
      ExternalCalcTaxAmount: 0,
      ExternalCalcTaxAmountFC: 0,
      ExternalCalcTaxAmountSC: 0,
      StandardItemIdentification: null,
      CommodityClassification: null,
      UnencumberedReason: null,
      CUSplit: 'tNO',
      U_ST_DelDate: null,
      U_ST_ShipStatus: 'U',
      U_ST_SalePrice: 0,
      U_ST_Text: null,
      U_ST_TerritL: null,
      U_ST_WhsName: null,
      U_ST_WhsNameTo: null,
      U_Vol: 0,
      U_UOM: null,
      U_U_PARTNO: null,
      LineTaxJurisdictions: [],
      DocumentLineAdditionalExpenses: [],
      WithholdingTaxLines: [],
      SerialNumbers: [],
      BatchNumbers: [],
      DocumentLinesBinAllocations: []
    }
  ],
  ElectronicProtocols: [],
  DocumentAdditionalExpenses: [],
  WithholdingTaxDataWTXCollection: [],
  WithholdingTaxDataCollection: [],
  DocumentSpecialLines: [],
  TaxExtension: {
    TaxId0: null,
    TaxId1: null,
    TaxId2: null,
    TaxId3: null,
    TaxId4: null,
    TaxId5: null,
    TaxId6: null,
    TaxId7: null,
    TaxId8: null,
    TaxId9: null,
    State: null,
    County: null,
    Incoterms: null,
    Vehicle: null,
    VehicleState: null,
    NFRef: null,
    Carrier: null,
    PackQuantity: null,
    PackDescription: null,
    Brand: null,
    ShipUnitNo: null,
    NetWeight: 0,
    GrossWeight: 0,
    StreetS: null,
    BlockS: null,
    BuildingS: null,
    CityS: null,
    ZipCodeS: null,
    CountyS: null,
    StateS: null,
    CountryS: null,
    StreetB: null,
    BlockB: null,
    BuildingB: null,
    CityB: null,
    ZipCodeB: null,
    CountyB: null,
    StateB: null,
    CountryB: null,
    ImportOrExport: null,
    MainUsage: null,
    GlobalLocationNumberS: null,
    GlobalLocationNumberB: null,
    TaxId12: null,
    TaxId13: null,
    BillOfEntryNo: null,
    BillOfEntryDate: null,
    OriginalBillOfEntryNo: null,
    OriginalBillOfEntryDate: null,
    ImportOrExportType: 'et_IpmortsOrExports',
    PortCode: null,
    DocEntry: 282188,
    BoEValue: 0,
    ClaimRefund: null,
    DifferentialOfTaxRate: null,
    IsIGSTAccount: null
  },
  AddressExtension: {
    ShipToStreet: null,
    ShipToStreetNo: null,
    ShipToBlock: null,
    ShipToBuilding: null,
    ShipToCity: null,
    ShipToZipCode: null,
    ShipToCounty: null,
    ShipToState: null,
    ShipToCountry: null,
    ShipToAddressType: null,
    BillToStreet: null,
    BillToStreetNo: null,
    BillToBlock: null,
    BillToBuilding: null,
    BillToCity: null,
    BillToZipCode: null,
    BillToCounty: null,
    BillToState: null,
    BillToCountry: null,
    BillToAddressType: null,
    ShipToGlobalLocationNumber: null,
    BillToGlobalLocationNumber: null,
    ShipToAddress2: null,
    ShipToAddress3: null,
    BillToAddress2: null,
    BillToAddress3: null,
    PlaceOfSupply: null,
    PurchasePlaceOfSupply: null,
    DocEntry: 282188,
    GoodsIssuePlaceBP: null,
    GoodsIssuePlaceCNPJ: null,
    GoodsIssuePlaceCPF: null,
    GoodsIssuePlaceStreet: null,
    GoodsIssuePlaceStreetNo: null,
    GoodsIssuePlaceBuilding: null,
    GoodsIssuePlaceZip: null,
    GoodsIssuePlaceBlock: null,
    GoodsIssuePlaceCity: null,
    GoodsIssuePlaceCounty: null,
    GoodsIssuePlaceState: null,
    GoodsIssuePlaceCountry: null,
    GoodsIssuePlacePhone: null,
    GoodsIssuePlaceEMail: null,
    GoodsIssuePlaceDepartureDate: null,
    DeliveryPlaceBP: null,
    DeliveryPlaceCNPJ: null,
    DeliveryPlaceCPF: null,
    DeliveryPlaceStreet: null,
    DeliveryPlaceStreetNo: null,
    DeliveryPlaceBuilding: null,
    DeliveryPlaceZip: null,
    DeliveryPlaceBlock: null,
    DeliveryPlaceCity: null,
    DeliveryPlaceCounty: null,
    DeliveryPlaceState: null,
    DeliveryPlaceCountry: null,
    DeliveryPlacePhone: null,
    DeliveryPlaceEMail: null,
    DeliveryPlaceDepartureDate: null
  },
  DocumentReferences: []
}
🔐 تسجيل الدخول في SAP بواسطة: KarRetSale4
✅ تسجيل دخول ناجح في SAP
📋 فلترة حسب المندوب: SalesPersonCode = 194       
🔐 تسجيل الدخول في SAP بواسطة: KarRetSale4
✅ تسجيل دخول ناجح في SAP
📋 فلترة حسب المندوب: SalesPersonCode = 194       
🔐 تسجيل الدخول في SAP بواسطة: ManRetSale4
✅ تسجيل دخول ناجح في SAP
📋 فلترة حسب المندوب: SalesPersonCode = 74        
